iso3;Country;age_13_17_men;age_13_17_women;age_18_24_men;age_18_24_women;age_25_34_men;age_25_34_women;age_35_44_men;age_35_44_women;age_45_54_men;age_45_54_women;age_55_100_men;age_55_100_women;age_13_17_ratio;age_18_24_ratio;age_25_34_ratio;age_35_44_ratio;age_45_54_ratio;age_55_100_ratio;total_men;total_women;total_all;total_ratio;total_18_44_men;total_18_44_women;total_18_44_ratio;iso2;age_13_17_ratio_std;age_18_24_ratio_std;age_25_34_ratio_std;age_35_44_ratio_std;age_45_54_ratio_std;age_55_100_ratio_std;total_ratio_std;total_18_44_ratio_std;age_13_17_men_pen;age_13_17_women_pen;age_18_24_men_pen;age_18_24_women_pen;age_25_34_men_pen;age_25_34_women_pen;age_35_44_men_pen;age_35_44_women_pen;age_45_54_men_pen;age_45_54_women_pen;age_55_100_men_pen;age_55_100_women_pen;total_men_pen;total_women_pen;total_all_pen;total_18_44_men_pen;total_18_44_women_pen
AND;AD;2000;2000;2000;2000;4053;3966;4370;4570;4400;4653;4937;5622;1.0;1.0;0.9785;1.0458;1.0575;1.1387;21760;22811;44571;1.0483;10423;10536;1.0108;AD;1.1284;1.0676;1.1142;1.0737;1.0977;1.1525;1.0985;1.0861;1.1161;1.2594;0.6177;0.6594;0.7325;0.8162;0.6971;0.7484;0.596;0.6542;0.4045;0.4662;0.5975;0.6563;0.6262;0.693;0.7527
ARE;AE;2000;2000;1090268;371342;3316666;1166260;2154440;843321;771985;302016;298303;143793;1.0;0.3406;0.3516;0.3914;0.3912;0.482;7633662;2828732;10462394;0.3706;6561374;2380923;0.3629;AE;1.0384;0.5077;0.8306;0.8175;0.8934;0.7552;0.7366;0.7513;0.0109;0.0114;1.5297;0.7766;1.5555;1.2921;1.348;1.1019;0.9513;0.8499;0.6962;0.5258;1.3013;0.9586;1.1866;1.4767;1.1094
AFG;AF;2000;2000;1553430;348539;1617719;235600;502705;53811;126163;14468;139997;32248;1.0;0.2244;0.1456;0.107;0.1147;0.2303;3942014;686666;4628680;0.1742;3673854;637950;0.1736;AF;1.0515;0.2338;0.1481;0.1081;0.1116;0.1848;0.1742;0.178;0.001;0.0011;0.5155;0.1205;0.5329;0.079;0.2753;0.0298;0.107;0.0119;0.1342;0.0248;0.3269;0.0569;0.1919;0.4665;0.083
ATG;AG;2000;2000;4400;4360;8600;8860;6700;7637;5100;6100;5425;6453;1.0;0.9909;1.0302;1.1399;1.1961;1.1895;32225;35410;67635;1.0988;19700;20857;1.0587;AG;1.0266;1.0154;0.9994;1.0519;1.0146;0.8965;0.9722;1.0227;0.7616;0.7819;0.9293;0.9435;1.2099;1.2092;1.0428;1.0968;0.8521;0.8645;0.5756;0.516;0.8876;0.863;0.8746;1.0784;1.1029
AIA;AI;2000;2000;2000;2000;2000;2000;2000;2000;2000;2000;3000;3000;1.0;1.0;1.0;1.0;1.0;1.0;13000;13000;26000;1.0;6000;6000;1.0;AI;0.9787;1.0201;1.0143;0.9011;0.9606;0.8462;0.9294;0.9672;4.3573;4.2644;2.8209;2.8777;2.3502;2.3838;1.9249;1.7346;1.8215;1.7498;1.8349;1.5528;2.2449;2.0863;2.1627;2.3086;2.233
ALB;AL;2000;2000;95684;56190;214606;136119;160237;107809;110689;75616;184788;126359;1.0;0.5872;0.6343;0.6728;0.6831;0.6838;768004;504093;1272097;0.6564;470527;300118;0.6378;AL;1.0947;0.6271;0.6528;0.6719;0.5839;0.6109;0.6291;0.6564;0.0285;0.0311;0.6712;0.421;0.9084;0.593;0.9306;0.6252;0.7289;0.4256;0.4774;0.2916;0.6619;0.4164;0.5366;0.854;0.5605
ARM;AM;2000;2000;127504;117702;228136;197616;205883;205267;123517;143901;161723;258241;1.0;0.9231;0.8662;0.997;1.165;1.5968;848763;924727;1773490;1.0895;561523;520585;0.9271;AM;1.0506;0.9222;0.8193;0.871;0.9496;1.0413;0.8939;0.8598;0.0267;0.0281;1.07;0.9868;1.0641;0.8719;0.9948;0.8664;0.821;0.7797;0.5369;0.5591;0.7954;0.711;0.7491;1.0389;0.8932
ANT;AN;2000;2000;2000;2000;2000;2000;2000;2000;2000;2000;3000;3000;1.0;1.0;1.0;1.0;1.0;1.0;13000;13000;26000;1.0;6000;6000;1.0;;;;;;;;;;;;;;;;;;;;;;;;;;
AGO;AO;2000;2000;1275004;1013044;1082654;827411;488234;296126;204802;100588;207900;104968;1.0;0.7945;0.7642;0.6065;0.4911;0.5049;3260594;2344137;5604731;0.7189;2845892;2136581;0.7508;AO;1.0024;0.7896;0.7484;0.5831;0.4477;0.4204;0.6877;0.7353;0.0012;0.0012;0.5744;0.4536;0.4467;0.3343;0.2829;0.1649;0.1871;0.0838;0.1839;0.0773;0.3195;0.2197;0.2685;0.4468;0.3285
ATA;AQ;2000;2000;2000;2000;2000;2000;2000;2000;2000;2000;3000;3000;1.0;1.0;1.0;1.0;1.0;1.0;13000;13000;26000;1.0;6000;6000;1.0;AQ;;;;;;;;;;;;;;;;;;;;;;;;;
ARG;AR;2037;2273;2102174;2244319;4300000;4300000;3366667;3600000;2500000;2700000;2684779;3509536;1.1159;1.0676;1.0;1.0693;1.08;1.3072;14955657;16356128;31311785;1.0936;9768841;10144319;1.0384;AR;1.1803;1.1171;1.0364;1.0939;1.0747;1.0671;1.0575;1.0741;0.0014;0.0016;0.8462;0.9453;1.2188;1.2631;1.043;1.141;0.9454;1.0161;0.6191;0.6606;0.8457;0.8945;0.8705;1.0572;1.1355
ASM;AS;2000;2000;3373;3453;3700;4000;2900;3200;2400;2600;3000;3200;1.0;1.0237;1.0811;1.1034;1.0833;1.0667;17373;18453;35826;1.0622;9973;10653;1.0682;AS;1.0416;1.1025;1.072;1.1581;1.15;1.0292;1.0881;1.1084;1.0096;1.0515;1.1995;1.3225;1.2547;1.345;0.9631;1.1154;0.7646;0.8793;0.7273;0.7485;0.9643;1.0492;1.0062;1.1369;1.2601
AUT;AT;2000;2000;138874;144087;445888;440940;414264;445180;323755;354073;422080;447149;1.0;1.0375;0.9889;1.0746;1.0936;1.0594;1746861;1833429;3580290;1.0496;999026;1030207;1.0312;AT;1.0511;1.0987;1.0334;1.096;1.0815;0.9119;1.0033;1.0703;0.0112;0.0118;0.4074;0.4476;0.714;0.7379;0.6659;0.7298;0.5143;0.5562;0.2868;0.2616;0.4517;0.4532;0.4525;0.6293;0.6736
AUS;AU;2000;3067;1188108;1191169;2200000;2170000;1800003;1892827;1324303;1474377;2132846;2633790;1.5335;1.0026;0.9864;1.0516;1.1133;1.2349;8647260;9365230;18012490;1.083;5188111;5253996;1.0127;AU;1.6267;1.0634;0.9963;1.0338;1.0842;1.1184;1.051;1.0239;0.003;0.0049;1.0359;1.1016;1.1506;1.1462;0.9894;1.0228;0.8114;0.8799;0.5921;0.6622;0.8026;0.8436;0.8234;1.0635;1.0889
ABW;AW;2000;2000;5200;5150;9943;9603;8960;9437;7600;8800;12700;15643;1.0;0.9904;0.9658;1.0532;1.1579;1.2317;46403;50633;97036;1.0912;24103;24190;1.0036;AW;1.0434;1.0701;0.9398;0.9045;0.9528;0.9678;0.9484;0.9558;0.6995;0.7299;1.101;1.1782;1.6084;1.5116;1.4108;1.2761;1.0954;1.0436;0.8447;0.8175;1.1025;1.0456;1.0721;1.3968;1.3351
AZE;AZ;2000;2000;141174;79361;365323;165118;338167;161342;185023;93837;189124;124267;1.0;0.5622;0.452;0.4771;0.5072;0.6571;1220811;625925;1846736;0.5127;844664;405821;0.4805;AZ;1.1162;0.6032;0.4263;0.4604;0.4602;0.5117;0.4737;0.4697;0.0062;0.0069;0.2985;0.1801;0.4204;0.1792;0.4241;0.1953;0.3162;0.1455;0.2172;0.1111;0.3116;0.1476;0.2264;0.3949;0.1855
BIH;BA;2000;2000;95574;94656;202761;185213;170717;170259;145066;144082;188588;194714;1.0;0.9904;0.9135;0.9973;0.9932;1.0325;804706;790924;1595630;0.9829;469052;450128;0.9597;BA;1.0791;1.0811;1.0285;1.0092;0.9462;0.7357;0.8698;1.0231;0.0295;0.0319;0.7567;0.8181;1.1436;1.1761;0.7387;0.7454;0.6528;0.6177;0.3843;0.2827;0.6118;0.5322;0.5695;0.8772;0.8974
BRB;BB;2000;2000;7633;6800;19603;18832;16700;18473;14645;16730;20904;24962;1.0;0.8909;0.9607;1.1062;1.1424;1.1941;81485;87797;169282;1.0775;43936;44105;1.0038;BB;1.0334;0.9188;0.9448;1.0436;1.0441;0.9412;0.9705;0.9842;0.2694;0.2784;0.5745;0.5279;1.0791;1.0195;0.9236;0.9638;0.7987;0.8338;0.5689;0.5355;0.7273;0.7058;0.716;0.887;0.873
BGD;BD;13883;10452;17400000;12933333;14810370;7324000;6117778;2295974;2246173;832257;1306702;524515;0.7529;0.7433;0.4945;0.3753;0.3705;0.4014;41894906;23920531;65815437;0.571;38328148;22553307;0.5884;BD;0.7708;0.6441;0.4225;0.3565;0.3667;0.4048;0.5338;0.5222;0.002;0.0015;1.6578;1.0677;1.1638;0.4917;0.5355;0.1909;0.2831;0.1038;0.1196;0.0484;0.6927;0.3697;0.5258;1.1063;0.5778
BEL;BE;2000;2000;397019;413234;788777;744036;682727;692117;567230;601743;953031;1090371;1.0;1.0408;0.9433;1.0138;1.0608;1.1441;3390784;3543501;6934285;1.045;1868523;1849387;0.9898;BE;1.048;1.0854;0.9482;1.0129;1.0808;1.0029;1.0022;1.0012;0.0072;0.0076;0.839;0.9107;1.0532;0.9986;0.8992;0.9107;0.7344;0.7938;0.523;0.5245;0.6987;0.7003;0.6995;0.943;0.9441
BFA;BF;2000;2000;865030;456041;964178;415992;487335;178079;176518;52452;124000;52706;1.0;0.5272;0.4314;0.3654;0.2971;0.425;2619061;1157270;3776331;0.4419;2316543;1050112;0.4533;BF;1.0282;0.5379;0.4301;0.3574;0.2722;0.323;0.4273;0.4533;0.0018;0.0019;0.5609;0.3017;0.5989;0.2576;0.4252;0.152;0.2616;0.0712;0.1986;0.0642;0.3913;0.1672;0.2773;0.5389;0.2443
BGR;BG;2000;2000;226749;225153;397127;361892;412900;399103;379680;398157;445966;629559;1.0;0.993;0.9113;0.9666;1.0487;1.4117;1864422;2015864;3880286;1.0812;1036776;986148;0.9512;BG;1.0608;1.0497;0.9627;1.031;1.0889;1.0629;0.9957;1.0093;0.0143;0.0152;0.9962;1.0457;1.0015;0.9641;0.8184;0.8438;0.7104;0.7735;0.4364;0.4638;0.6601;0.6572;0.6586;0.9186;0.9271
BHR;BH;2000;2000;60203;23660;239893;81611;193396;73205;85113;33866;41771;16707;1.0;0.393;0.3402;0.3785;0.3979;0.4;622376;231049;853425;0.3712;493492;178476;0.3617;BH;1.0028;0.6282;0.6546;0.8988;0.7618;0.5055;0.676;0.7353;0.0592;0.0593;0.6871;0.4316;1.0491;0.6867;0.7578;0.6812;0.657;0.5005;0.4813;0.2433;0.7575;0.5121;0.6705;0.8635;0.6349
BDI;BI;2000;2000;289877;215228;273096;141949;122407;49380;39337;13313;31339;17841;1.0;0.7425;0.5198;0.4034;0.3384;0.5693;758056;439711;1197767;0.5801;685380;406557;0.5932;BI;1.0024;0.7412;0.5123;0.3898;0.3222;0.4773;0.5619;0.5837;0.0031;0.0031;0.3556;0.2635;0.3077;0.1576;0.171;0.0667;0.1063;0.0343;0.0917;0.0438;0.2005;0.1127;0.1559;0.2834;0.1654
BEN;BJ;2000;2000;688524;479080;596480;338535;239283;118883;84765;41569;73036;52831;1.0;0.6958;0.5676;0.4968;0.4904;0.7234;1684088;1032898;2716986;0.6133;1524287;936498;0.6144;BJ;1.0307;0.7173;0.5776;0.4897;0.4672;0.6297;0.6076;0.6227;0.0032;0.0033;0.7484;0.5369;0.5898;0.3406;0.3414;0.1672;0.1879;0.0878;0.1546;0.0974;0.4025;0.2446;0.3232;0.5791;0.3606
BLM;BL;2000;2000;2000;2000;2000;2000;2000;2000;2000;2000;3000;3000;1.0;1.0;1.0;1.0;1.0;1.0;13000;13000;26000;1.0;6000;6000;1.0;BL;1.0404;0.9956;0.8218;0.7658;0.8666;0.8179;0.8502;0.8428;5.9701;6.2112;4.386;4.3668;3.7383;3.0722;3.5778;2.7397;2.9895;2.5907;1.9646;1.6069;3.1855;2.7083;2.9276;3.871;3.2626
BMU;BM;2000;2000;2000;2000;3300;3400;4157;4500;3900;4100;5300;7700;1.0;1.0;1.0303;1.0825;1.0513;1.4528;20657;23700;44357;1.1473;9457;9900;1.0468;BM;1.1033;1.0222;0.9965;1.0641;1.1578;1.228;1.0871;1.0328;1.4174;1.5637;0.8333;0.8518;0.981;0.9776;0.9467;1.0074;0.7717;0.8934;0.4908;0.6027;0.7534;0.819;0.7871;0.9313;0.9618
BRN;BN;2000;2000;27617;16593;65038;42041;49467;37973;26503;23015;19241;16800;1.0;0.6008;0.6464;0.7676;0.8684;0.8731;189866;138422;328288;0.7291;142122;96607;0.6797;BN;1.0877;0.6759;0.8249;0.9782;0.9652;0.841;0.8376;0.8409;0.152;0.1653;1.0255;0.6932;1.3997;1.1546;1.1389;1.1141;0.8215;0.7929;0.5689;0.4784;0.9683;0.811;0.8951;1.2165;1.023
BOL;BO;2000;2000;1208397;1094329;1357953;1219806;811124;743575;470091;426990;440511;389987;1.0;0.9056;0.8983;0.9167;0.9083;0.8853;4290076;3876687;8166763;0.9036;3377474;3057710;0.9053;BO;1.0314;0.9275;0.9124;0.9302;0.9095;0.7775;0.897;0.9215;0.0042;0.0043;1.5194;1.4092;1.3203;1.2045;1.0265;0.9549;0.8214;0.7471;0.6544;0.5088;0.9885;0.8867;0.9374;1.2921;1.1907
BES;BQ;2000;2000;2000;2000;2483;2400;2500;2373;2000;2000;3166;3300;1.0;1.0;0.9666;0.9492;1.0;1.0423;14149;14073;28222;0.9946;6983;6773;0.9699;BQ;1.0908;1.0561;1.0192;1.0266;1.0812;1.1171;1.066;1.034;3.0817;3.3613;2.002;2.1142;1.1036;1.1246;1.0421;1.0699;0.9054;0.979;0.7118;0.7952;1.0922;1.1644;1.1271;1.2364;1.2784
BRA;BR;4971;5157;8166667;8251724;15565517;15561034;12813793;14532143;9242857;11527586;9651724;14227455;1.0374;1.0104;0.9997;1.1341;1.2472;1.4741;55445529;64105099;119550628;1.1562;36545977;38344901;1.0492;BR;1.0778;1.0389;1.0061;1.1119;1.1862;1.2466;1.1027;1.0513;0.0008;0.0009;0.721;0.749;0.9513;0.9572;0.7816;0.869;0.6985;0.8285;0.4769;0.5945;0.6629;0.731;0.6977;0.829;0.8715
BHS;BS;2000;2000;17052;18559;36453;35494;26409;26721;18610;21300;19233;26155;1.0;1.0884;0.9737;1.0118;1.1445;1.3599;119757;130229;249986;1.0874;79914;80774;1.0108;BS;1.0134;1.0743;0.9187;0.9074;1.0258;1.0875;0.9742;0.9475;0.1741;0.1765;0.8572;0.9209;1.1424;1.0494;0.9867;0.8954;0.7163;0.7348;0.4798;0.5218;0.7671;0.7473;0.7567;1.0171;0.9637
BTN;BT;2000;2000;79034;76337;88606;81304;54131;48049;25247;20409;20757;16106;1.0;0.9659;0.9176;0.8876;0.8084;0.7759;269775;244205;513980;0.9052;221771;205690;0.9275;BT;1.0837;1.0508;1.1549;1.1012;0.9841;0.8194;1.0595;1.1184;0.0713;0.0772;1.4941;1.57;0.996;1.1503;0.7638;0.8412;0.5718;0.5627;0.3935;0.3225;0.7989;0.8463;0.8207;1.0425;1.1659
BWA;BW;2000;2000;189025;184956;205793;213100;153061;156927;79077;78958;72619;76307;1.0;0.9785;1.0355;1.0253;0.9985;1.0508;701575;712248;1413823;1.0152;547879;554983;1.013;BW;1.012;0.9817;1.0484;1.0547;0.9585;0.9118;1.0032;1.0271;0.0202;0.0204;1.0868;1.0669;0.8742;0.9165;1.0211;1.077;0.8503;0.815;0.7279;0.6636;0.8243;0.8269;0.8256;0.9797;1.0062
BLR;BY;2000;2000;17517;18955;49578;68776;103886;140053;73385;109451;61217;119503;1.0;1.0821;1.3872;1.3481;1.4915;1.9521;307583;458738;766321;1.4914;170981;227784;1.3322;BY;1.0565;1.149;1.4547;1.3556;1.3403;1.2169;1.2551;1.3743;0.01;0.0106;0.056;0.0643;0.0816;0.1187;0.1434;0.1944;0.1247;0.1671;0.0562;0.0684;0.0873;0.1096;0.0994;0.104;0.1429
BLZ;BZ;2000;2000;32342;31286;39031;39553;24928;26669;15053;16269;14659;16131;1.0;0.9673;1.0134;1.0698;1.0808;1.1004;128013;131908;259921;1.0304;96301;97508;1.0125;BZ;1.0371;1.0025;1.0538;1.0691;1.0476;1.059;1.0404;1.0392;0.127;0.1317;1.1325;1.1353;1.0343;1.09;0.8811;0.942;0.7487;0.7843;0.6483;0.6865;0.8364;0.8702;0.8532;1.0181;1.0581
CAN;CA;2000;2000;1289593;1186839;3000000;2800000;2553333;2700000;1898362;2098252;3290519;4214318;1.0;0.9203;0.9333;1.0574;1.1053;1.2807;12033807;13001409;25035216;1.0804;6842926;6686839;0.9772;CA;1.0337;0.9716;0.9903;1.0605;1.0848;1.158;1.055;1.0139;0.0023;0.0024;0.757;0.7355;1.0579;1.0477;0.956;1.0138;0.7877;0.8545;0.5437;0.6296;0.7279;0.768;0.7482;0.949;0.9622
COD;CD;2000;2000;1851279;1267047;1733343;975017;760212;398823;339773;152348;485301;271380;1.0;0.6844;0.5625;0.5246;0.4484;0.5592;5171908;3066615;8238523;0.5929;4344834;2640887;0.6078;CD;0.9962;0.6798;0.5541;0.5121;0.4259;0.4904;0.5747;0.5992;0.0004;0.0004;0.2838;0.1929;0.2513;0.1392;0.1709;0.0875;0.115;0.049;0.1422;0.0697;0.1796;0.1032;0.1408;0.2432;0.1457
CAF;CF;2000;2000;38283;22679;48294;27291;28801;14292;13383;5120;9281;4723;1.0;0.5924;0.5651;0.4962;0.3826;0.5089;140042;76105;216147;0.5434;115378;64262;0.557;CF;0.9949;0.5421;0.4593;0.3589;0.2688;0.352;0.4555;0.4671;0.0076;0.0076;0.107;0.058;0.175;0.0804;0.2171;0.0779;0.1475;0.0396;0.0815;0.0287;0.1135;0.0517;0.0799;0.1505;0.0703
COG;CG;2000;2000;187636;160344;229149;180391;144955;99361;74766;39357;75712;42373;1.0;0.8545;0.7872;0.6855;0.5264;0.5597;714218;523826;1238044;0.7334;561740;440096;0.7835;CG;1.0114;0.8614;0.7896;0.6871;0.5158;0.5038;0.7251;0.787;0.0074;0.0075;0.5016;0.4321;0.5518;0.4357;0.4265;0.293;0.31;0.1599;0.3452;0.1739;0.3838;0.2783;0.3308;0.4974;0.3915
CHE;CH;2000;2000;113727;99463;403495;398251;421729;444742;331614;351448;427645;447122;1.0;0.8746;0.987;1.0546;1.0598;1.0455;1700210;1743026;3443236;1.0252;938951;942456;1.0037;CH;1.0604;0.9343;1.0221;1.0751;1.0675;0.9365;1.0;1.0393;0.0113;0.012;0.3482;0.3253;0.6774;0.6924;0.6643;0.7142;0.5334;0.5694;0.3062;0.2867;0.453;0.453;0.453;0.603;0.6268
CIV;CI;2000;2000;1419652;983207;1764421;1165086;1112989;615171;516787;207087;353950;177702;1.0;0.6926;0.6603;0.5527;0.4007;0.5021;5169799;3150253;8320052;0.6094;4297062;2763464;0.6431;CI;1.0523;0.7562;0.6421;0.5646;0.4731;0.5256;0.6386;0.6589;0.0014;0.0015;0.7116;0.5381;0.8093;0.5196;0.6047;0.3414;0.4416;0.2089;0.3516;0.1848;0.539;0.3441;0.4438;0.7143;0.4707
COK;CK;2000;2000;2000;2000;2000;2000;2000;2000;2000;2000;3000;3000;1.0;1.0;1.0;1.0;1.0;1.0;13000;13000;26000;1.0;6000;6000;1.0;CK;1.0502;0.9868;0.8306;0.9007;0.9129;0.9539;0.9319;0.8975;3.8241;4.0161;3.3389;3.2949;2.8129;2.3364;2.4213;2.181;2.193;2.002;1.6648;1.5881;2.4195;2.2546;2.3341;2.809;2.521
CHL;CL;2000;2000;834358;821916;1911293;1861733;1503600;1534663;1053737;1191417;1375062;1725163;1.0;0.9851;0.9741;1.0207;1.1307;1.2546;6680050;7136892;13816942;1.0684;4249251;4218312;0.9927;CL;1.0414;1.014;0.9977;1.0385;1.129;1.1146;1.0453;1.0154;0.0041;0.0042;0.8798;0.8921;1.1717;1.169;1.028;1.0674;0.8178;0.9233;0.6008;0.6696;0.8237;0.861;0.8425;1.0512;1.0675
CMR;CM;2000;2000;1092233;793306;1197506;921855;653808;486439;280999;178494;219278;152637;1.0;0.7263;0.7698;0.744;0.6352;0.6961;3445824;2534731;5980555;0.7356;2943547;2201600;0.7479;CM;1.0044;0.7267;0.7644;0.7351;0.6181;0.609;0.7207;0.7435;0.0016;0.0016;0.5982;0.4347;0.5846;0.4468;0.4454;0.3274;0.3078;0.1902;0.2569;0.1564;0.4115;0.2966;0.3534;0.551;0.4097
CHN;CN;2114;2000;174255;204219;434844;435574;302266;189909;90460;39961;35189;15458;0.9461;1.172;1.0017;0.6283;0.4418;0.4393;1039128;887121;1926249;0.8537;911365;829702;0.9104;CN;1.1098;1.3677;1.1226;0.6673;0.4517;0.3938;0.8727;1.0073;0.0001;0.0001;0.0029;0.004;0.004;0.0045;0.0028;0.0019;0.0008;0.0004;0.0002;0.0001;0.0017;0.0015;0.0016;0.0033;0.0033
COL;CO;3088;3636;4244269;4054315;5700000;5500000;3800000;3900000;2400000;2662069;2864387;3267572;1.1775;0.9552;0.9649;1.0263;1.1092;1.1408;19011744;19387592;38399336;1.0198;13744269;13454315;0.9789;CO;1.2264;0.9785;0.9668;1.008;1.0492;0.974;0.9777;0.9801;0.0019;0.0023;1.3741;1.3446;1.2756;1.2333;1.0151;1.0231;0.7951;0.8341;0.6193;0.6031;0.9248;0.9041;0.9143;1.2162;1.192
CRI;CR;2000;2000;322816;304471;533824;502986;426542;430432;273904;286037;325262;382347;1.0;0.9432;0.9422;1.0091;1.0443;1.1755;1884348;1908273;3792621;1.0127;1283182;1237889;0.9647;CR;1.0437;0.9822;0.9689;1.0036;0.9718;1.0167;0.9753;0.9831;0.0135;0.0141;1.1892;1.168;1.2879;1.2479;1.1048;1.1088;0.9216;0.8956;0.6158;0.6261;0.9213;0.8986;0.9098;1.197;1.1768
CPV;CV;2000;2000;32048;28327;40969;40487;33473;33444;18940;18526;21385;22651;1.0;0.8839;0.9882;0.9991;0.9781;1.0592;148815;145435;294250;0.9773;106490;102258;0.9603;CV;1.08;1.0041;1.0679;1.1042;1.0546;0.8265;1.0047;1.0591;0.0998;0.1078;1.009;1.0131;0.8443;0.9016;0.8409;0.9286;0.7363;0.7765;0.6582;0.5441;0.7503;0.7538;0.752;0.8868;0.9392
CUW;CW;2000;2000;5700;5733;11360;12316;10033;12073;8800;11133;17067;23148;1.0;1.0058;1.0842;1.2033;1.2651;1.3563;54960;66403;121363;1.2082;27093;30122;1.1118;CW;1.0299;1.1473;1.2752;1.173;1.044;0.9179;1.0712;1.2214;0.4756;0.4898;0.602;0.6906;0.6918;0.8822;0.8871;1.0406;0.8145;0.8504;0.7604;0.698;0.7362;0.7886;0.764;0.7283;0.8895
CXR;CX;2000;2000;2000;2000;2000;2000;2000;2000;2000;2000;3000;3000;1.0;1.0;1.0;1.0;1.0;1.0;13000;13000;26000;1.0;6000;6000;1.0;CX;;;;;;;;;;;;;;;;;;;;;;;;;
CYP;CY;2000;2000;59847;41087;133334;100154;107476;101779;70148;77308;93381;95216;1.0;0.6865;0.7512;0.947;1.1021;1.0197;466186;417544;883730;0.8957;300657;243020;0.8083;CY;1.0628;0.7163;0.839;1.0384;1.0434;0.9169;0.9022;0.8846;0.0741;0.0787;1.1412;0.8175;1.1476;0.9628;0.8504;0.8831;0.8019;0.8366;0.5807;0.5324;0.8174;0.7375;0.7776;1.0191;0.9016
CZE;CZ;2000;2000;322300;359040;646686;634210;608954;653060;536123;622662;512627;669560;1.0;1.114;0.9807;1.0724;1.1614;1.3061;2628690;2940532;5569222;1.1186;1577940;1646310;1.0433;CZ;1.045;1.1633;1.0426;1.1494;1.22;1.0685;1.0742;1.1089;0.0084;0.0088;0.8355;0.9719;0.9491;0.9896;0.7588;0.8722;0.6294;0.7679;0.3271;0.3495;0.5807;0.6239;0.6027;0.844;0.9359
DEU;DE;2000;2000;923580;889723;3300000;3073333;3366667;3450000;2500000;2566667;3359354;3482204;1.0;0.9633;0.9313;1.0248;1.0267;1.0366;13451601;13463927;26915528;1.0009;7590247;7413056;0.9767;DE;1.0602;1.0442;1.0054;1.0556;1.0344;0.8998;0.9645;1.0358;0.0013;0.0014;0.3006;0.3139;0.6105;0.6138;0.6162;0.6504;0.4548;0.4704;0.2236;0.2012;0.3733;0.3601;0.3666;0.5444;0.5639
DJI;DJ;2000;2000;13960;10660;24206;14710;13810;7213;4924;2347;3310;3000;1.0;0.7636;0.6077;0.5223;0.4766;0.9063;62210;39930;102140;0.6419;51976;32583;0.6269;DJ;1.0162;0.7698;0.6052;0.5086;0.4506;0.783;0.6215;0.6225;0.0431;0.0438;0.1767;0.136;0.2602;0.1575;0.1871;0.0952;0.0866;0.039;0.0575;0.045;0.153;0.0951;0.1236;0.2114;0.1316
DNK;DK;2000;2000;243756;238835;412621;403307;310010;322821;312781;335465;582958;693397;1.0;0.9798;0.9774;1.0413;1.0725;1.1894;1864126;1995825;3859951;1.0706;966387;964963;0.9985;DK;1.0484;1.0169;1.0161;1.0598;1.0711;1.0807;1.0463;1.0301;0.014;0.0147;0.9295;0.9453;1.0058;1.022;0.8892;0.9424;0.8092;0.8668;0.6147;0.6644;0.7461;0.7807;0.7636;0.9464;0.9749
DMA;DM;2000;2000;3200;3200;5700;5433;4057;4200;2600;2963;3400;3870;1.0;1.0;0.9532;1.0352;1.1396;1.1382;20957;21666;42623;1.0338;12957;12833;0.9904;DM;0.941;1.0047;0.9612;1.0821;1.1854;1.1098;1.0383;1.0105;1.1827;1.113;1.0095;1.0143;1.0536;1.0127;0.8518;0.9217;0.5836;0.6918;0.4109;0.456;0.7549;0.7838;0.7693;0.9711;0.9813
DOM;DO;2000;2000;775538;701101;1183054;1074966;679486;649167;423739;404516;405762;405926;1.0;0.904;0.9086;0.9554;0.9546;1.0004;3469579;3237676;6707255;0.9332;2638078;2425234;0.9193;DO;1.0428;0.9372;0.9264;0.9539;0.9218;0.8435;0.9079;0.9356;0.005;0.0052;1.1224;1.052;1.2966;1.2012;0.9125;0.8704;0.712;0.6563;0.4974;0.4196;0.8347;0.7578;0.7957;1.1236;1.0512
DZA;DZ;3233;2837;4053828;3910408;5630000;4100000;4000000;2166374;1862617;916007;1361748;717994;0.8775;0.9646;0.7282;0.5416;0.4918;0.5273;16911426;11813620;28725046;0.6986;13683828;10176782;0.7437;DZ;0.9182;1.0003;0.7776;0.5729;0.5157;0.5228;0.7276;0.786;0.0022;0.002;1.9616;1.9622;1.5956;1.2408;1.0888;0.6238;0.6992;0.3606;0.4307;0.2251;1.0191;0.7415;0.8831;1.4763;1.1604
ECU;EC;2000;2000;1695008;1607911;2047369;1951974;1327144;1345454;862239;846289;871370;866853;1.0;0.9486;0.9534;1.0138;0.9815;0.9948;6805130;6620481;13425611;0.9729;5069521;4905339;0.9676;EC;1.0412;0.981;0.9695;1.0101;0.9544;0.8679;0.9537;0.982;0.0031;0.0032;1.5211;1.4922;1.3617;1.3202;1.0601;1.0708;0.9045;0.8632;0.6634;0.5758;1.0036;0.9571;0.9801;1.3101;1.2866
EST;EE;2000;2000;46066;52354;79956;77756;86630;93326;62400;77940;64794;121100;1.0;1.1365;0.9725;1.0773;1.249;1.869;341846;424476;766322;1.2417;212652;223436;1.0507;EE;1.0651;1.1847;1.0591;1.1658;1.2723;1.2232;1.0921;1.1312;0.0633;0.0674;0.9833;1.165;0.8988;0.9519;0.8431;0.9829;0.6662;0.8477;0.3593;0.4395;0.6282;0.686;0.659;0.8914;1.0084
EGY;EG;9353;5654;8600000;6600000;10027586;6834615;7100000;4100000;3558621;1898633;3032933;1660573;0.6045;0.7674;0.6816;0.5775;0.5335;0.5475;32328493;21099475;53427968;0.6527;25727586;17534615;0.6815;EG;0.6323;0.8012;0.7107;0.5922;0.5526;0.4751;0.6575;0.707;0.0021;0.0013;1.2478;0.9998;1.1337;0.8057;0.9288;0.55;0.6408;0.3542;0.4929;0.2342;0.819;0.5385;0.6793;1.1003;0.7779
ESH;EH;2000;2000;2000;2000;2000;2000;2000;2000;2000;2000;3000;3000;1.0;1.0;1.0;1.0;1.0;1.0;13000;13000;26000;1.0;6000;6000;1.0;EH;1.0456;1.1104;1.2835;1.4043;1.5751;1.1701;1.2895;1.292;0.121;0.1265;0.068;0.0755;0.0376;0.0482;0.0309;0.0434;0.0451;0.0711;0.0684;0.0801;0.0516;0.0665;0.0581;0.0407;0.0526
ERI;ER;2000;2000;2500;2507;3860;2634;2576;2000;2000;2000;3000;3000;1.0;1.0028;0.6824;0.7764;1.0;1.0;15936;14141;30077;0.8874;8936;7141;0.7991;ER;1.0137;1.0153;0.6865;0.7327;0.8642;0.7807;0.8415;0.7938;0.0116;0.0117;0.0099;0.01;0.016;0.011;0.0174;0.0127;0.0177;0.0153;0.022;0.0172;0.015;0.0126;0.0138;0.0139;0.011
ESP;ES;2000;2000;580937;604311;1948610;2135847;2300000;2600000;2400000;2766667;3081427;3751433;1.0;1.0402;1.0961;1.1304;1.1528;1.2174;10312974;11860258;22173232;1.15;4829547;5340158;1.1057;ES;1.0583;1.1052;1.1237;1.1461;1.1776;1.0292;1.0946;1.137;0.0019;0.002;0.33;0.3647;0.7265;0.8164;0.6752;0.7738;0.6067;0.7145;0.4042;0.416;0.5036;0.5512;0.528;0.6153;0.6996
ETH;ET;2000;2000;1179088;730415;2863333;1422718;1748568;670837;370747;120369;257182;149125;1.0;0.6195;0.4969;0.3836;0.3247;0.5798;6420918;3095464;9516382;0.4821;5790989;2823970;0.4876;ET;1.0287;0.63;0.5024;0.3828;0.3036;0.4939;0.4746;0.4924;0.0003;0.0003;0.1285;0.081;0.2884;0.1449;0.2848;0.109;0.092;0.0279;0.0591;0.0292;0.1622;0.077;0.1193;0.2294;0.113
FIN;FI;2000;2000;128994;139750;284676;304869;263891;305736;217771;254596;349396;485626;1.0;1.0834;1.0709;1.1586;1.1691;1.3899;1246728;1492577;2739305;1.1972;677561;750355;1.1074;FI;1.044;1.1489;1.1412;1.2366;1.211;1.1897;1.1571;1.1795;0.0157;0.0164;0.5883;0.6759;0.7744;0.8837;0.7087;0.8764;0.6427;0.7783;0.3724;0.4431;0.5274;0.6102;0.5695;0.7064;0.8332
FJI;FJ;2000;2000;69444;68158;86761;82236;66009;61937;42214;40189;41634;42378;1.0;0.9815;0.9478;0.9383;0.952;1.0179;308062;296898;604960;0.9638;222214;212331;0.9555;FJ;0.9838;0.9684;0.9518;0.9407;0.9613;0.8751;0.9343;0.9544;0.0611;0.0601;1.3352;1.293;1.1851;1.128;0.9879;0.9294;0.8655;0.832;0.6562;0.5742;0.9141;0.854;0.8836;1.1572;1.1044
FLK;FK;2000;2000;2000;2000;2000;2000;2000;2000;2000;2000;3000;3000;1.0;1.0;1.0;1.0;1.0;1.0;13000;13000;26000;1.0;6000;6000;1.0;FK;0.8442;0.946;0.8975;1.062;1.1126;0.9;0.974;0.9777;30.7692;25.974;19.0476;18.018;9.1324;8.1967;6.8729;7.2993;5.7803;6.4309;6.9444;6.25;8.9163;8.684;8.7986;9.7561;9.539
FSM;FM;2000;2000;6181;7663;5500;6300;4000;4276;2767;2900;3100;3300;1.0;1.2398;1.1455;1.069;1.0481;1.0645;23548;26439;49987;1.1228;15681;18239;1.1631;FM;0.9938;1.2634;1.1955;1.0653;0.9465;0.843;1.076;1.1899;0.4247;0.4221;0.7777;0.9826;0.5976;0.7144;0.7034;0.7493;0.6127;0.5799;0.487;0.4105;0.6128;0.6593;0.6365;0.6866;0.817
FRO;FO;2000;2000;2900;2700;3900;3300;3500;3230;3200;3000;6200;7000;1.0;0.931;0.8462;0.9229;0.9375;1.129;21700;21230;42930;0.9783;10300;9230;0.8961;FO;1.0294;1.0605;0.9757;1.0265;1.0765;1.1288;1.0541;1.0164;1.2979;1.336;1.0964;1.1628;1.1008;1.0739;1.0116;1.0383;0.8979;0.9665;0.7646;0.863;0.9492;1.0006;0.9739;1.0676;1.0851
FRA;FR;2000;2000;1602741;1744230;4200000;3965517;3631034;3800000;2922184;3104598;4122679;5300000;1.0;1.0883;0.9442;1.0465;1.0624;1.2856;16480638;17916345;34396983;1.0871;9433775;9509747;1.0081;FR;1.0535;1.1452;0.9416;1.0062;1.036;1.0551;1.0018;1.0056;0.0012;0.0012;0.553;0.6333;1.1046;1.04;0.9106;0.9162;0.6935;0.7185;0.4023;0.4244;0.614;0.6151;0.6146;0.8826;0.8875
GAB;GA;2000;2000;103219;96508;159538;135164;119616;79623;60445;32270;49087;32968;1.0;0.935;0.8472;0.6657;0.5339;0.6716;493905;378533;872438;0.7664;382373;311295;0.8141;GA;1.0032;0.9416;0.9019;0.747;0.5887;0.6339;0.801;0.8676;0.0212;0.0212;0.7221;0.68;0.812;0.7323;0.7022;0.5245;0.557;0.3279;0.4576;0.2901;0.6024;0.4825;0.5438;0.7501;0.6508
GBR;GB;2257;2760;2176646;2326115;4650000;4800000;4100000;4566667;3300000;3600000;5473333;6600000;1.2229;1.0687;1.0323;1.1138;1.0909;1.2058;19702236;21895542;41597778;1.1113;10926646;11692782;1.0701;GB;1.2858;1.1319;1.0633;1.0935;1.0516;1.0514;1.0603;1.0894;0.0014;0.0017;0.7613;0.8617;1.0076;1.0714;0.92;1.006;0.7628;0.8021;0.5447;0.5727;0.7044;0.7468;0.7261;0.9158;0.9977
GRD;GD;2000;2000;5300;5000;10500;10500;8400;8996;4800;4950;5400;5900;1.0;0.9434;1.0;1.071;1.0312;1.0926;36400;37346;73746;1.026;24200;24496;1.0122;GD;1.0435;0.983;1.0363;1.0809;1.1022;0.9984;1.0272;1.0404;0.5675;0.5922;0.8676;0.8528;1.0394;1.0771;0.932;1.0074;0.7542;0.8314;0.4295;0.4289;0.7634;0.7841;0.7737;0.9594;0.9982
GEO;GE;2000;2000;274303;275270;403006;381307;327433;332504;229403;257057;276150;453700;1.0;1.0035;0.9462;1.0155;1.1205;1.6429;1512295;1701838;3214133;1.1253;1004742;989081;0.9844;GE;1.0554;1.0669;0.9342;0.9452;0.9609;1.0371;0.9346;0.965;0.0211;0.0223;1.7899;1.9096;1.5778;1.474;1.2672;1.1977;1.0647;1.0231;0.6768;0.7019;1.0918;1.0204;1.0528;1.5062;1.4536
GUF;GF;2000;2000;7093;7693;13724;15636;11207;12567;7586;7712;8351;8029;1.0;1.0846;1.1393;1.1214;1.0166;0.9614;49961;53637;103598;1.0736;32024;35896;1.1209;GF;1.0142;1.0233;0.9535;0.9532;0.894;0.8897;0.9656;0.9772;0.1629;0.1652;0.4406;0.4508;0.7533;0.7184;0.6218;0.5926;0.5114;0.4572;0.3898;0.3468;0.4953;0.4782;0.4863;0.6118;0.5979
GGY;GG;2000;2000;2500;2450;3867;3767;3667;3900;3200;3767;5853;7357;1.0;0.98;0.9741;1.0635;1.1772;1.257;21087;23241;44328;1.1021;10034;10117;1.0083;GG;1.1156;1.021;1.018;1.1105;1.1111;1.1237;1.0649;1.0526;1.4588;1.6273;1.0056;1.0268;0.9581;0.9754;0.8806;0.9779;0.7385;0.8205;0.5403;0.6071;0.7746;0.8249;0.8002;0.939;0.9884
GHA;GH;2000;2000;1361823;982155;1834423;1456123;1035539;703974;445194;233297;436308;247037;1.0;0.7212;0.7938;0.6798;0.524;0.5662;5115287;3624586;8739873;0.7086;4231785;3142252;0.7425;GH;1.0176;0.7318;0.7998;0.6776;0.5071;0.4961;0.6976;0.7474;0.0014;0.0014;0.6265;0.4585;0.7203;0.5761;0.5073;0.3437;0.3278;0.1662;0.3153;0.1564;0.4682;0.3266;0.3969;0.6258;0.4678
GIB;GI;2000;2000;2000;2000;2376;2366;2200;2400;2100;2200;3900;4100;1.0;1.0;0.9958;1.0909;1.0476;1.0513;14576;15066;29642;1.0336;6576;6766;1.0289;GI;1.0318;1.046;1.0127;1.1018;1.0368;0.9576;1.0089;1.0508;2.1209;2.1882;1.1891;1.2438;0.944;0.956;0.8413;0.927;0.8403;0.8713;0.7234;0.6927;0.9316;0.9399;0.9358;0.9651;1.0141
GRL;GL;2000;2000;3400;3300;5055;4900;4200;4100;3100;2700;5963;5569;1.0;0.9706;0.9693;0.9762;0.871;0.9339;23718;22569;46287;0.9516;12655;12300;0.9719;GL;1.0593;1.0198;1.0165;1.0982;1.0696;1.1046;1.0727;1.0449;1.3831;1.4652;1.3122;1.3382;1.0751;1.0928;1.0419;1.1443;0.8926;0.9547;0.7815;0.8633;0.9935;1.0657;1.0275;1.1175;1.1678
GMB;GM;2000;2000;84022;49878;118121;66963;74551;30405;30789;8785;20578;9482;1.0;0.5936;0.5669;0.4078;0.2853;0.4608;330061;167513;497574;0.5075;276694;147246;0.5322;GM;1.0173;0.6013;0.5651;0.4019;0.2663;0.3857;0.4941;0.532;0.0162;0.0165;0.4649;0.2796;0.5826;0.3292;0.5878;0.2363;0.3761;0.1002;0.2225;0.0858;0.4084;0.2018;0.3037;0.5422;0.2884
GIN;GN;2000;2000;635051;557537;734594;550655;351715;204056;125442;63683;101342;60351;1.0;0.8779;0.7496;0.5802;0.5077;0.5955;1950144;1438282;3388426;0.7375;1721360;1312248;0.7623;GN;1.0262;0.8979;0.7484;0.5275;0.4215;0.4599;0.6971;0.7504;0.0031;0.0031;0.6457;0.5798;0.6734;0.504;0.5592;0.295;0.3237;0.1364;0.215;0.0989;0.4628;0.3226;0.3907;0.6368;0.4779
GLP;GP;2000;2000;6593;6469;19106;21465;16566;21586;16592;20169;27121;30621;1.0;0.9812;1.1235;1.303;1.2156;1.1291;87978;102310;190288;1.1629;42265;49520;1.1717;GP;1.0757;1.026;0.8844;0.8852;0.8927;0.8856;0.9285;0.9444;0.193;0.2076;0.4635;0.4756;1.2594;1.1138;1.0649;0.9426;0.7447;0.6648;0.4217;0.3735;0.62;0.5756;0.5953;0.9402;0.8879
GNQ;GQ;2000;2000;18097;17541;37173;27814;30187;15147;9221;3663;5239;3500;1.0;0.9693;0.7482;0.5018;0.3972;0.6681;101917;69665;171582;0.6835;85457;60502;0.708;GQ;1.0141;1.0593;0.8912;0.6955;0.5368;0.6784;0.8057;0.8649;0.0276;0.028;0.1715;0.1817;0.2455;0.2189;0.2198;0.1529;0.1048;0.0563;0.0636;0.0432;0.16;0.1289;0.1457;0.2168;0.1875
GRC;GR;2000;2000;272940;258357;640557;550786;615776;596293;616866;588274;730837;742797;1.0;0.9466;0.8599;0.9684;0.9536;1.0164;2878976;2738507;5617483;0.9512;1529273;1405436;0.919;GR;1.0652;1.0446;0.9148;0.9666;0.9099;0.8225;0.8782;0.9591;0.009;0.0096;0.7096;0.7412;1.1514;1.0533;0.8945;0.8645;0.8013;0.7292;0.4253;0.3498;0.6635;0.5827;0.6215;0.9386;0.9002
SGS;GS;2000;2000;2000;2000;2000;2000;2000;2000;2000;2000;3000;3000;1.0;1.0;1.0;1.0;1.0;1.0;13000;13000;26000;1.0;6000;6000;1.0;GS;;;;;;;;;;;;;;;;;;;;;;;;;
GTM;GT;2000;2030;1598507;1614004;1634956;1647421;857797;860764;454706;439234;395006;388332;1.015;1.0097;1.0076;1.0035;0.966;0.9831;4942972;4951785;9894757;1.0018;4091260;4122189;1.0076;GT;1.0391;1.0294;1.0142;0.9796;0.8631;0.8032;0.9662;1.0098;0.0026;0.0027;1.2262;1.2622;1.0427;1.0575;0.7927;0.7764;0.7022;0.6061;0.5032;0.4042;0.8033;0.7762;0.7895;1.0347;1.0449
GUM;GU;2000;2000;7530;8073;15233;14746;13071;11350;10500;9453;13373;14377;1.0;1.0721;0.968;0.8683;0.9003;1.0751;61707;59999;121706;0.9723;35834;34169;0.9535;GU;1.0445;1.1667;1.0847;0.9018;0.8933;1.0021;0.9895;1.0337;0.4059;0.424;0.8839;1.0313;1.2864;1.3953;1.3714;1.2368;1.0773;0.9623;0.7196;0.7212;0.9772;0.967;0.9721;1.1988;1.2392
GNB;GW;2000;2000;52644;38385;81952;57967;49363;28152;21194;10655;14396;7783;1.0;0.7291;0.7073;0.5703;0.5027;0.5406;221549;144942;366491;0.6542;183959;124504;0.6768;GW;1.0169;0.7365;0.7053;0.5581;0.4489;0.3741;0.6201;0.6743;0.0206;0.0209;0.3633;0.2676;0.51;0.3597;0.4274;0.2385;0.2954;0.1326;0.2345;0.0877;0.3401;0.2109;0.2738;0.4369;0.2946
GUY;GY;2000;2000;64561;64075;91452;89810;53733;53356;36667;39200;38154;45421;1.0;0.9925;0.982;0.993;1.0691;1.1905;286567;293862;580429;1.0255;209746;207241;0.9881;GY;1.0339;1.0186;0.9248;0.8781;0.9546;0.9711;0.9446;0.9392;0.0675;0.0698;1.2262;1.249;1.3962;1.2912;1.2274;1.0777;0.8944;0.8538;0.71;0.6894;1.0009;0.9454;0.972;1.2953;1.2164
HKG;HK;2000;2000;145388;176274;526688;697399;561693;827466;375944;434418;492219;517169;1.0;1.2124;1.3241;1.4732;1.1555;1.0507;2103932;2654726;4758658;1.2618;1233769;1701139;1.3788;HK;1.0269;1.199;1.0987;0.9485;0.797;0.9155;1.0097;1.049;0.0171;0.0176;0.7177;0.8605;1.2043;1.3231;1.2284;1.1651;0.8035;0.6404;0.379;0.347;0.7059;0.7127;0.7097;1.1245;1.1796
HND;HN;2000;2000;695306;709911;749679;793324;427713;475761;237385;271649;217852;256458;1.0;1.021;1.0582;1.1123;1.1443;1.1772;2329935;2509103;4839038;1.0769;1872698;1978996;1.0568;HN;1.0485;1.0654;1.0924;1.1304;1.1138;1.0093;1.0774;1.0896;0.0046;0.0048;0.9234;0.9838;0.8133;0.8884;0.6055;0.6844;0.518;0.577;0.4695;0.4739;0.6231;0.6714;0.6473;0.7864;0.8568
HRV;HR;2000;2000;103434;101772;269524;241089;228078;219863;178108;185683;218565;246355;1.0;0.9839;0.8945;0.964;1.0425;1.1271;999709;996762;1996471;0.9971;601036;562724;0.9363;HR;1.0554;1.0426;0.9442;0.9943;1.0378;0.872;0.9101;0.9795;0.0237;0.025;0.7222;0.753;1.2148;1.147;0.8542;0.8493;0.669;0.6943;0.3444;0.3003;0.6182;0.5625;0.5891;0.9509;0.9313
HTI;HT;2000;2000;464236;426085;531407;529663;317914;280105;142778;99475;112585;78979;1.0;0.9178;0.9967;0.8811;0.6967;0.7015;1570920;1416307;2987227;0.9016;1313557;1235853;0.9408;HT;1.0118;0.9212;0.9906;0.8675;0.6711;0.5831;0.8713;0.9353;0.0042;0.0043;0.6004;0.5531;0.5465;0.5413;0.4335;0.3761;0.2846;0.191;0.2064;0.1204;0.393;0.3424;0.3673;0.5299;0.4956
HUN;HU;2000;2000;392174;399540;674190;634263;586860;595037;597834;664717;667056;995527;1.0;1.0188;0.9408;1.0139;1.1119;1.4924;2920114;3291084;6211198;1.127;1653224;1628840;0.9853;HU;1.0537;1.0774;1.0059;1.0523;1.1218;1.0625;1.0174;1.0383;0.0097;0.0102;1.092;1.1765;1.0631;1.0692;0.8583;0.9033;0.7681;0.8616;0.5082;0.54;0.7348;0.7476;0.7415;0.9858;1.0234
IDN;ID;2693;2156;14391524;11304636;29785185;22614445;18203333;13194943;8486667;5966667;5070000;3211433;0.8006;0.7855;0.7593;0.7249;0.7031;0.6334;75939402;56294280;132233682;0.7413;62380042;47114024;0.7553;ID;0.8431;0.8261;0.7955;0.7493;0.7035;0.5454;0.7385;0.7883;0.0003;0.0002;0.9091;0.751;1.3572;1.0796;0.8654;0.6485;0.4779;0.3362;0.2433;0.1327;0.7095;0.524;0.6166;1.0607;0.8361
IRL;IE;2000;2000;148050;163024;325900;336826;311458;365553;254503;305904;286052;374216;1.0;1.1011;1.0335;1.1737;1.202;1.3082;1327963;1547523;2875486;1.1653;785408;865403;1.1019;IE;1.0506;1.1387;1.041;1.095;1.1812;1.2065;1.1264;1.0821;0.0139;0.0146;0.6289;0.7162;1.0483;1.0913;0.8331;0.9122;0.7073;0.8354;0.4318;0.521;0.6364;0.7169;0.6773;0.8535;0.9236
ISR;IL;2000;2000;320054;271338;777634;650630;585220;539123;409894;430189;551440;664495;1.0;0.8478;0.8367;0.9212;1.0495;1.205;2646242;2557775;5204017;0.9666;1682908;1461091;0.8682;IL;1.0501;0.8852;0.8608;0.9162;1.0271;1.0327;0.9367;0.8868;0.0066;0.0069;0.6453;0.5712;1.2527;1.0783;1.0413;0.9541;0.836;0.8587;0.6318;0.6524;0.791;0.7409;0.7656;1.0025;0.889
IMN;IM;2000;2000;3100;3000;4800;4838;4600;5370;4600;5300;8737;10407;1.0;0.9677;1.0079;1.1674;1.1522;1.1911;27837;30915;58752;1.1106;12500;13208;1.0566;IM;1.1212;1.0727;0.9993;1.1085;1.1239;1.1124;1.0804;1.0579;1.0341;1.1594;0.9577;1.0274;1.0617;1.061;0.9291;1.0299;0.7673;0.8623;0.5732;0.6377;0.7758;0.8381;0.8074;0.9836;1.0405
IND;IN;73319;26696;84044712;30851719;118098978;43287241;59051839;20923334;24620000;9200000;18208621;7966667;0.3641;0.3671;0.3665;0.3543;0.3737;0.4375;304097469;112255657;416353126;0.3691;261195529;95062294;0.364;IN;0.4006;0.4048;0.4003;0.382;0.3907;0.4202;0.3908;0.3969;0.0014;0.0006;0.8828;0.3573;0.9406;0.3765;0.5555;0.2122;0.3085;0.1205;0.1768;0.0743;0.5399;0.211;0.3802;0.7986;0.317
IOT;IO;2000;2000;2000;2000;2000;2000;2000;2000;2000;2000;3000;3000;1.0;1.0;1.0;1.0;1.0;1.0;13000;13000;26000;1.0;6000;6000;1.0;IO;;;;;;;;;;;;;;;;;;;;;;;;;
IRQ;IQ;2867;2000;4195474;1586904;5900000;2300000;3063333;1056864;1568000;560065;1095385;429986;0.6976;0.3782;0.3898;0.345;0.3572;0.3925;15825059;5935819;21760878;0.3751;13158807;4943768;0.3757;IQ;0.7316;0.3943;0.3993;0.3428;0.3417;0.3047;0.3686;0.3838;0.0015;0.0011;1.3873;0.5471;1.6829;0.672;1.2327;0.4226;0.8735;0.2985;0.6967;0.2123;1.1036;0.4068;0.7521;1.4596;0.5603
ISL;IS;2000;2000;16200;16489;32496;29882;26571;25035;21544;21711;37952;44956;1.0;1.0178;0.9196;0.9422;1.0078;1.1845;136763;140073;276836;1.0242;75267;71406;0.9487;IS;1.0555;1.0405;1.0327;1.0656;1.0816;1.1391;1.0734;1.0449;0.2012;0.2124;0.9097;0.9466;0.9762;1.0081;0.9337;0.9949;0.9001;0.9735;0.7594;0.865;0.837;0.8984;0.867;0.9461;0.9886
ITA;IT;2000;2000;1125426;1025597;3200000;2900000;3000000;2970000;3243333;3366667;5200000;5366667;1.0;0.9113;0.9062;0.99;1.038;1.0321;15770759;15630931;31401690;0.9911;7325426;6895597;0.9413;IT;1.0606;0.9863;0.9599;1.0011;1.0218;0.8717;0.9335;0.9835;0.0017;0.0018;0.518;0.5108;0.9617;0.9231;0.8286;0.8295;0.701;0.7163;0.4864;0.424;0.6155;0.5746;0.5944;0.8031;0.7899
JEY;JE;2000;2000;2900;3037;5800;5800;6167;6747;5670;6400;9154;11350;1.0;1.0472;1.0;1.094;1.1287;1.2399;31691;35334;67025;1.115;14867;15584;1.0482;JE;0.9824;1.0993;1.0244;1.0879;1.129;1.1142;1.076;1.0661;0.9407;0.9242;0.7349;0.8079;0.9199;0.9423;0.8365;0.9102;0.7285;0.8225;0.5572;0.6209;0.7209;0.7757;0.7488;0.8436;0.8994
JAM;JM;2000;2000;54266;49957;147343;166639;108021;125779;75681;90684;81426;101670;1.0;0.9206;1.131;1.1644;1.1982;1.2486;468737;536729;1005466;1.1451;309630;342375;1.1058;JM;1.0349;0.9521;1.1671;1.1919;1.1416;1.0126;1.1078;1.1386;0.0219;0.0227;0.3173;0.3021;0.553;0.6454;0.4831;0.5758;0.4447;0.5077;0.3622;0.3667;0.4085;0.4525;0.4309;0.4684;0.5333
JOR;JO;2000;2000;796172;680169;1083358;858457;683016;499124;410187;298140;337673;264004;1.0;0.8543;0.7924;0.7308;0.7268;0.7818;3312406;2601894;5914300;0.7855;2562546;2037750;0.7952;JO;1.0021;0.8729;0.892;0.8176;0.8241;0.8124;0.8477;0.8685;0.0044;0.0044;1.1267;0.9835;1.0691;0.9538;0.8773;0.7173;0.6893;0.5681;0.5573;0.4528;0.7968;0.6754;0.7384;1.0257;0.8908
JPN;JP;2000;2000;461002;429404;1721093;1530681;2200000;2200000;2466667;1946581;2878751;1794958;1.0;0.9315;0.8894;1.0;0.7892;0.6235;9729513;7903624;17633137;0.8123;4382095;4160085;0.9493;JP;1.0594;0.9806;0.9257;1.0248;0.8047;0.5292;0.7652;0.9843;0.0009;0.0009;0.1069;0.1048;0.2756;0.2551;0.2954;0.3028;0.2573;0.2071;0.1199;0.0635;0.1805;0.1381;0.1587;0.2434;0.2396
KEN;KE;2544;2043;3229459;2453348;3300000;2600000;1467578;1145313;621184;406602;634546;507204;0.8031;0.7597;0.7879;0.7804;0.6546;0.7993;9255311;7114510;16369821;0.7687;7997037;6198661;0.7751;KE;0.8045;0.7376;0.7597;0.8065;0.6626;0.6882;0.7503;0.7636;0.001;0.0008;0.8507;0.6275;0.7937;0.6029;0.4661;0.3759;0.3119;0.2067;0.3509;0.2415;0.5284;0.3965;0.4616;0.7203;0.5501
KGZ;KG;2000;2000;62104;40808;141482;111820;157959;132943;92584;94006;75877;104652;1.0;0.6571;0.7903;0.8416;1.0154;1.3792;532006;486229;1018235;0.914;361545;285571;0.7899;KG;1.0647;0.6476;0.7785;0.8199;0.9615;1.0917;0.8637;0.7754;0.008;0.0085;0.1692;0.1096;0.2564;0.1996;0.3573;0.293;0.2789;0.2682;0.1846;0.2015;0.226;0.1952;0.2102;0.2656;0.206
KHM;KH;2593;2736;2265626;2288450;3230000;2800000;1313683;940212;388296;274430;304884;242680;1.0551;1.0101;0.8669;0.7157;0.7068;0.796;7505082;6548508;14053590;0.8725;6809309;6028662;0.8854;KH;1.0999;1.0094;0.8371;0.6949;0.6557;0.587;0.8099;0.8646;0.0038;0.0042;2.2977;2.3192;2.3541;1.9707;1.0659;0.7407;0.5279;0.3462;0.314;0.1843;1.2564;1.0176;1.1326;1.8965;1.6396
KIR;KI;2000;2000;8853;9326;8900;9417;5660;5417;2700;2550;3000;3000;1.0;1.0534;1.0581;0.9571;0.9444;1.0;31113;31710;62823;1.0192;23413;24160;1.0319;KI;0.9704;1.0647;0.9864;0.8612;0.8057;0.7334;0.9165;0.9746;0.4068;0.3947;1.1209;1.1935;0.8517;0.8401;0.7406;0.6378;0.5499;0.4431;0.506;0.3711;0.7453;0.6831;0.7125;0.9008;0.878
COM;KM;2000;2000;50874;41487;53468;40020;35116;23400;13556;8347;11825;7800;1.0;0.8155;0.7485;0.6664;0.6157;0.6596;166839;123054;289893;0.7376;139458;104907;0.7522;KM;1.0531;0.8418;0.7064;0.6805;0.6625;0.612;0.7394;0.7493;0.0552;0.0581;0.9113;0.7671;0.9329;0.659;0.7051;0.4798;0.3878;0.257;0.3083;0.1886;0.6123;0.4527;0.5326;0.8559;0.6413
KNA;KN;2000;2000;2700;2900;5137;5600;4000;4440;2600;3100;3100;3400;1.0;1.0741;1.0901;1.11;1.1923;1.0968;19537;21440;40977;1.0974;11837;12940;1.0932;KN;0.9091;1.0004;1.0165;0.9695;1.1422;0.96;0.9957;0.994;1.6529;1.5026;1.2135;1.2139;1.4577;1.4819;1.1641;1.1286;0.8511;0.9721;0.6232;0.5983;1.0604;1.0559;1.058;1.2887;1.2809
KOR;KR;2000;2000;612372;417137;1593522;1033511;1163188;738654;906393;521604;848071;397244;1.0;0.6812;0.6486;0.635;0.5755;0.4684;5125546;3110150;8235696;0.6068;3369082;2189302;0.6498;KR;1.066;0.7396;0.7368;0.6777;0.5891;0.4059;0.6006;0.7128;0.0021;0.0023;0.2932;0.2169;0.4232;0.3118;0.3011;0.2041;0.2108;0.1242;0.1042;0.0423;0.2219;0.1333;0.1774;0.3467;0.2472
KWT;KW;2000;2000;149887;75387;690287;285874;605145;276191;278601;117863;116266;45736;1.0;0.503;0.4141;0.4564;0.4231;0.3934;1842186;803051;2645237;0.4359;1445319;637452;0.441;KW;1.0581;0.5643;0.8074;0.8874;0.7952;0.6087;0.753;0.7947;0.0171;0.0181;0.8527;0.4812;1.0729;0.8664;0.7638;0.6778;0.567;0.4508;0.412;0.2508;0.7364;0.5545;0.6697;0.8969;0.7129
CYM;KY;2000;2000;2400;2400;8200;7900;8443;8060;5867;6100;4700;5800;1.0;1.0;0.9634;0.9546;1.0397;1.234;31610;32260;63870;1.0206;19043;18360;0.9641;KY;1.029;1.0147;0.9746;0.9819;1.0866;1.1676;1.0278;0.9832;1.3106;1.3486;0.9379;0.9516;1.3715;1.3367;1.1954;1.1737;0.9086;0.9874;0.6552;0.7651;1.0277;1.0563;1.042;1.2206;1.2001
KAZ;KZ;2000;2000;97702;98016;264902;270762;435203;415352;297307;324802;248706;352330;1.0;1.0032;1.0221;0.9544;1.0925;1.4167;1345820;1463262;2809082;1.0873;797807;784130;0.9829;KZ;1.0476;1.0441;1.0487;0.9478;0.9909;0.9863;0.9938;0.9994;0.0031;0.0032;0.1119;0.1168;0.1769;0.1855;0.3092;0.2931;0.2802;0.2777;0.1701;0.1677;0.1935;0.1922;0.1928;0.2112;0.2111
LAO;LA;2000;2000;783096;755344;850479;741996;450948;353496;210769;159835;172533;130735;1.0;0.9646;0.8724;0.7839;0.7583;0.7577;2469825;2143406;4613231;0.8678;2084523;1850836;0.8879;LA;1.0303;0.991;0.8842;0.8038;0.7543;0.6761;0.8665;0.9069;0.0066;0.0068;1.5367;1.5228;1.2841;1.1356;0.8813;0.7084;0.616;0.4647;0.4512;0.305;0.9117;0.79;0.8508;1.2381;1.1228
LBN;LB;2000;2000;405799;297652;591730;468785;396158;303318;237904;201182;258021;234503;1.0;0.7335;0.7922;0.7656;0.8456;0.9089;1891612;1507440;3399052;0.7969;1393687;1069755;0.7676;LB;1.0769;0.8077;0.6867;0.677;0.7317;0.7559;0.7268;0.7222;0.0091;0.0098;1.1551;0.933;1.6819;1.155;1.1972;0.8106;0.7965;0.5829;0.5083;0.3842;0.9187;0.6677;0.7874;1.3478;0.9733
LCA;LC;2000;2000;5733;5430;14607;14734;11133;12237;7500;8500;7570;8803;1.0;0.9471;1.0087;1.0992;1.1333;1.1629;48543;51704;100247;1.0651;31473;32401;1.0295;LC;1.0543;0.9778;1.0414;1.0894;1.0932;0.9886;1.0309;1.0478;0.3948;0.4162;0.5753;0.5625;0.9102;0.9478;0.8181;0.8912;0.628;0.6865;0.4516;0.4464;0.6614;0.6818;0.6718;0.7943;0.8323
LIE;LI;2000;2000;2000;2000;2000;2000;2000;2000;2000;2000;3000;3000;1.0;1.0;1.0;1.0;1.0;1.0;13000;13000;26000;1.0;6000;6000;1.0;LI;1.0824;1.0055;1.0501;0.9697;0.9935;0.9108;0.9677;1.0076;2.4938;2.6991;1.3708;1.3784;0.8084;0.8489;0.799;0.7749;0.6868;0.6824;0.4512;0.411;0.7739;0.7488;0.7611;0.9323;0.9393
LKA;LK;2383;2000;1255466;836918;1615023;1134649;1260451;811555;688764;444259;482235;352293;0.8393;0.6666;0.7026;0.6439;0.645;0.7305;5304322;3581674;8885996;0.6752;4130940;2783122;0.6737;LK;0.8576;0.6838;0.6859;0.5993;0.5987;0.5724;0.6163;0.655;0.0032;0.0028;1.0398;0.711;1.0143;0.6957;0.8121;0.4867;0.5169;0.3095;0.2169;0.1242;0.6138;0.3783;0.4907;0.9493;0.6219
LBR;LR;2000;2000;184100;168663;177744;166860;115827;86143;57178;36966;44845;29692;1.0;0.9161;0.9388;0.7437;0.6465;0.6621;581694;490324;1072018;0.8429;477671;421666;0.8828;LR;1.0218;0.9296;0.9357;0.7295;0.6074;0.5776;0.8248;0.8816;0.0077;0.0078;0.4988;0.4637;0.4759;0.4453;0.4061;0.2963;0.3075;0.1868;0.2277;0.1315;0.3479;0.287;0.3171;0.4648;0.4097
LSO;LS;2000;2000;120457;133926;98907;106576;61553;67650;20933;25263;32030;40732;1.0;1.1118;1.0775;1.0991;1.2069;1.2717;335880;376147;712027;1.1199;280917;308152;1.097;LS;1.0029;1.1032;1.044;1.0265;1.1134;0.8159;1.0304;1.059;0.0206;0.0207;0.7827;0.8634;0.4917;0.5134;0.423;0.4342;0.3075;0.3423;0.4384;0.3577;0.4546;0.4684;0.4618;0.5612;0.5943
LTU;LT;2000;2000;112577;125547;218407;203286;196974;199727;147467;173459;189357;340999;1.0;1.1152;0.9308;1.014;1.1763;1.8008;866782;1045018;1911800;1.2056;527958;528560;1.0011;LT;1.0369;1.1695;1.038;1.1336;1.142;1.145;1.0454;1.1025;0.0362;0.0375;1.0314;1.2062;1.064;1.1044;1.0041;1.1382;0.776;0.8863;0.4996;0.572;0.7638;0.7985;0.7824;1.034;1.1401
LUX;LU;2000;2000;15489;15503;43003;40969;41233;42603;34099;33951;40041;40128;1.0;1.0009;0.9527;1.0332;0.9957;1.0022;175865;175154;351019;0.996;99725;99075;0.9935;LU;1.0654;1.0719;1.0001;1.0502;1.0439;0.936;1.0032;1.0339;0.1407;0.1499;0.5693;0.6102;0.8068;0.8068;0.7999;0.8401;0.7057;0.7367;0.4549;0.4258;0.6223;0.6243;0.6233;0.7552;0.7808
LVA;LV;2000;2000;48881;57991;98158;97235;114290;120296;78890;103756;90193;176955;1.0;1.1864;0.9906;1.0526;1.3152;1.962;432412;558233;990645;1.291;261329;275522;1.0543;LV;1.0445;1.2536;1.0654;1.0837;1.2274;1.2091;1.0724;1.1087;0.0472;0.0493;0.7728;0.9688;0.855;0.9108;0.8582;0.93;0.6356;0.7801;0.3578;0.4326;0.5925;0.6354;0.6159;0.8396;0.9309
LBY;LY;2000;2000;1042250;699129;1393499;860205;936917;570151;489390;320200;346783;211588;1.0;0.6708;0.6173;0.6085;0.6543;0.6101;4210839;2663273;6874112;0.6325;3372666;2129485;0.6314;LY;1.0645;0.7045;0.6482;0.6415;0.6737;0.5634;0.6498;0.664;0.0071;0.0076;2.4159;1.7019;2.5626;1.661;1.6562;1.0626;1.0245;0.6902;0.8385;0.4725;1.5523;1.0086;1.2841;2.1888;1.4533
MAR;MA;3221;2803;3963815;3378565;4950000;3200000;2900000;1455325;1266800;610032;1178369;565354;0.8702;0.8524;0.6465;0.5018;0.4816;0.4798;14262205;9212079;23474284;0.6459;11813815;8033890;0.68;MA;0.9116;0.8962;0.6745;0.5074;0.4796;0.4503;0.6509;0.7031;0.0025;0.0022;1.8783;1.6833;1.6723;1.1279;1.0712;0.5435;0.5941;0.2849;0.3922;0.1766;1.0026;0.6526;0.8283;1.5189;1.0681
MCO;MC;2000;2000;2000;2000;2000;2000;2000;2000;2000;2000;3000;3000;1.0;1.0;1.0;1.0;1.0;1.0;13000;13000;26000;1.0;6000;6000;1.0;MC;1.0692;1.0452;1.0396;0.9249;0.8994;0.9317;0.9505;0.9979;3.1546;3.3727;1.5723;1.6434;1.105;1.1488;1.2114;1.1204;1.1074;0.996;0.3137;0.2923;0.7768;0.7383;0.7571;1.2677;1.265
MDA;MD;2000;2000;91390;113603;134826;154889;157442;182124;114276;141754;150181;254048;1.0;1.2431;1.1488;1.1568;1.2405;1.6916;650115;848418;1498533;1.305;383658;450616;1.1745;MD;0.9717;1.2247;1.1012;1.0883;1.0498;1.0663;1.0607;1.123;0.027;0.0262;0.8573;1.05;0.674;0.7423;0.6986;0.7603;0.6553;0.688;0.4402;0.4694;0.5796;0.6148;0.599;0.7211;0.8098
MNE;ME;2000;2000;19100;14753;51046;41100;45296;40627;32458;28800;34620;31700;1.0;0.7724;0.8052;0.8969;0.8873;0.9157;184520;158980;343500;0.8616;115442;96480;0.8357;ME;1.0544;0.7943;0.8233;0.8803;0.8048;0.7007;0.7748;0.8418;0.126;0.1328;0.6977;0.5542;1.3185;1.0855;1.0456;0.9205;0.8379;0.6744;0.4208;0.2948;0.7492;0.5804;0.6603;1.0551;0.8882
MAF;MF;2000;2000;2000;2000;2000;2000;2000;2000;2000;2000;3000;3000;1.0;1.0;1.0;1.0;1.0;1.0;13000;13000;26000;1.0;6000;6000;1.0;MF;1.0406;0.9941;0.816;0.7911;0.8269;0.8302;0.8522;0.8514;2.2962;2.3895;1.6736;1.6639;1.4545;1.1869;1.3615;1.077;1.2026;0.9945;0.7665;0.6363;1.2396;1.0563;1.1407;1.4855;1.2648
MDG;MG;2000;2000;981885;896036;763434;619610;296408;235881;117156;91666;134487;113449;1.0;0.9126;0.8116;0.7958;0.7824;0.8436;2295370;1958642;4254012;0.8533;2041727;1751527;0.8579;MG;1.0185;0.9256;0.8182;0.7948;0.7683;0.7709;0.8485;0.8646;0.0014;0.0015;0.459;0.4248;0.3309;0.2707;0.1888;0.1501;0.1078;0.0828;0.1188;0.0916;0.2387;0.2026;0.2206;0.3394;0.2934
MHL;MH;2000;2000;3660;4300;3000;3200;2363;2400;2000;2000;3000;3000;1.0;1.1749;1.0667;1.0157;1.0;1.0;16023;16900;32923;1.0547;9023;9900;1.0972;MH;1.111;1.3088;1.0551;1.0071;1.0468;1.0348;1.1028;1.1315;0.9556;1.0616;1.3869;1.8151;1.3812;1.4572;0.9162;0.9227;0.9823;1.0283;1.3793;1.4272;1.1701;1.2904;1.2289;1.221;1.3815
MKD;MK;2000;2000;74050;57437;150111;113420;128704;102703;104035;84443;129582;122690;1.0;0.7757;0.7556;0.798;0.8117;0.9468;588482;482693;1071175;0.8202;352865;273560;0.7753;MK;1.0267;0.7898;0.7732;0.7895;0.7726;0.7798;0.7616;0.7819;0.0479;0.0492;0.9824;0.7759;1.2472;0.9643;1.0108;0.798;0.8523;0.6585;0.507;0.3954;0.7926;0.6037;0.6946;1.0922;0.8539
MLI;ML;2000;2000;448797;194482;770169;248044;414084;100048;138075;25317;108637;40581;1.0;0.4333;0.3221;0.2416;0.1834;0.3735;1881762;610472;2492234;0.3244;1633050;542574;0.3322;ML;1.0255;0.4456;0.3315;0.2498;0.1876;0.3391;0.3296;0.3422;0.0018;0.0018;0.289;0.1288;0.5043;0.1672;0.374;0.0935;0.2066;0.0388;0.178;0.0604;0.2852;0.094;0.1904;0.39;0.1335
MMR;MM;2067;2137;2455259;2509034;3053333;2800000;1074679;1012200;426518;440057;363852;375737;1.0339;1.0219;0.917;0.9419;1.0317;1.0327;7375708;7139165;14514873;0.9679;6583271;6321234;0.9602;MM;1.0822;1.0618;0.9395;0.9492;1.005;0.8579;0.9429;0.9819;0.0011;0.0012;0.7636;0.8109;0.7017;0.6593;0.2676;0.254;0.1324;0.133;0.0934;0.0802;0.3598;0.3393;0.3494;0.5684;0.5581
MNG;MN;2000;2000;341420;376056;379273;391779;288827;306449;174901;197855;157017;223590;1.0;1.1014;1.033;1.061;1.1312;1.424;1343438;1497729;2841167;1.1148;1009520;1074284;1.0642;MN;1.0715;1.1716;1.0839;1.0855;1.0749;1.0633;1.0805;1.1096;0.018;0.0192;2.1731;2.5461;1.4142;1.5329;1.1418;1.2395;0.9466;1.0175;0.8565;0.9107;1.1604;1.254;1.2079;1.4884;1.6514
MAC;MO;2000;2000;12096;13192;53960;59982;55821;63332;22434;27615;20287;24037;1.0;1.0906;1.1116;1.1346;1.2309;1.1848;166598;190158;356756;1.1414;121877;136506;1.12;MO;0.9856;0.8914;0.9753;0.9212;0.9285;1.0018;0.9493;0.9402;0.1764;0.1739;0.5019;0.4474;0.9192;0.8964;1.0094;0.9299;0.5173;0.4803;0.2359;0.2363;0.5975;0.5672;0.581;0.8825;0.8298
MNP;MP;2000;2000;2600;3037;3588;6793;2630;3950;2500;2530;3300;3300;1.0;1.1681;1.8933;1.5019;1.012;1.0;16618;21610;38228;1.3004;8818;13780;1.5627;MP;1.0949;1.3132;2.1314;1.6898;1.1111;1.1143;1.4479;1.7582;1.1799;1.292;1.1675;1.5331;1.3726;2.9255;0.8755;1.4794;0.6336;0.704;0.5992;0.6677;0.875;1.2669;1.0604;1.124;1.9762
MTQ;MQ;2000;2000;5527;5227;15879;17430;14580;18540;14124;17690;26420;30320;1.0;0.9457;1.0977;1.2716;1.2525;1.1476;78530;91207;169737;1.1614;35986;41197;1.1448;MQ;1.053;0.9602;0.8603;0.9015;0.9507;0.9189;0.9392;0.9257;0.235;0.2475;0.4534;0.4354;1.1386;0.9795;1.0058;0.9067;0.6923;0.6582;0.4118;0.3784;0.5874;0.5517;0.5676;0.8857;0.8199
MRT;MR;2000;2000;334716;246019;312298;167015;159109;63141;60105;16868;48629;18456;1.0;0.735;0.5348;0.3968;0.2806;0.3795;916857;513499;1430356;0.5601;806123;476175;0.5907;MR;1.0024;0.7036;0.4872;0.3473;0.2434;0.3316;0.5146;0.5419;0.0089;0.0089;1.0753;0.7566;0.9618;0.4686;0.7183;0.2495;0.4017;0.0978;0.2855;0.0947;0.6537;0.3364;0.4883;0.9401;0.5095
MSR;MS;2000;2000;2000;2000;2000;2000;2000;2000;2000;2000;3000;3000;1.0;1.0;1.0;1.0;1.0;1.0;13000;13000;26000;1.0;6000;6000;1.0;MS;1.16;1.04;0.9752;0.8997;1.0;1.0798;1.0222;0.9568;17.2414;20.0;12.8205;13.3333;7.2464;7.0671;7.1942;6.4725;6.8027;6.8027;3.8911;4.2017;6.8747;7.027;6.95;8.4507;8.0863
MLT;MT;2000;2000;23162;19483;68567;47350;53307;42920;32433;30813;46217;50504;1.0;0.8412;0.6906;0.8051;0.9501;1.0928;225686;193070;418756;0.8555;145036;109753;0.7567;MT;1.0919;0.9488;0.8433;0.9691;1.083;1.007;0.924;0.9064;0.2162;0.236;1.2196;1.1571;1.3713;1.1564;1.109;1.0747;0.897;0.9713;0.5881;0.5922;0.9362;0.865;0.902;1.239;1.1231
MUS;MU;2000;2000;76822;68632;139288;117444;102750;91782;73317;68530;87893;88659;1.0;0.8934;0.8432;0.8933;0.9347;1.0087;482070;437047;919117;0.9066;318860;277858;0.8714;MU;0.9797;0.9247;0.9329;0.9661;0.9514;0.9042;0.9121;0.9405;0.0586;0.0574;1.1415;1.0555;1.2793;1.1935;1.0302;0.9953;0.8575;0.8159;0.571;0.5163;0.8773;0.8002;0.8389;1.1556;1.0869
MDV;MV;2000;2000;39597;24367;107755;50482;70095;41517;27210;17961;16953;11960;1.0;0.6154;0.4685;0.5923;0.6601;0.7055;263610;148287;411897;0.5625;217447;116366;0.5351;MV;1.1461;0.9872;1.1126;1.2222;1.013;0.8158;1.0091;1.1258;0.1446;0.1657;1.3146;1.2976;1.1341;1.2617;0.9565;1.169;0.8361;0.847;0.5885;0.48;0.9635;0.9724;0.9667;1.0959;1.2339
MWI;MW;2000;2000;547184;345601;425020;268278;177104;100583;74942;33000;79483;51952;1.0;0.6316;0.6312;0.5679;0.4403;0.6536;1305733;801414;2107147;0.6138;1149308;714462;0.6216;MW;0.9842;0.6192;0.582;0.5056;0.4272;0.4759;0.5665;0.5803;0.002;0.0019;0.3768;0.2333;0.2851;0.1659;0.1697;0.0858;0.1307;0.0559;0.156;0.0742;0.2142;0.1214;0.1659;0.2883;0.1673
MEX;MX;4768;4710;10931034;11546667;14803448;15046667;9853333;10473333;6566667;7372414;6200000;7100000;0.9878;1.0563;1.0164;1.0629;1.1227;1.1452;48359250;51543791;99903041;1.0659;35587815;37066667;1.0416;MX;1.0192;1.0731;0.9805;0.9361;0.9563;0.9514;0.9755;0.9898;0.0011;0.0011;1.402;1.5046;1.4514;1.4232;1.186;1.1103;0.9556;0.9138;0.6474;0.6159;1.0226;0.9975;1.0095;1.3529;1.3391
MYS;MY;2093;2032;2353104;1722433;4800000;3500000;3100000;2700000;1662738;1574237;1758799;1645728;0.9709;0.732;0.7292;0.871;0.9468;0.9357;13676734;11144430;24821164;0.8148;10253104;7922433;0.7727;MY;1.0509;0.8253;0.8788;1.021;1.0281;0.9134;0.9061;0.9061;0.0018;0.0019;1.0358;0.8548;1.4032;1.2331;1.0257;1.0471;0.8338;0.8572;0.6599;0.6028;0.942;0.8536;0.9001;1.1765;1.066
MOZ;MZ;2000;2000;994426;707579;768952;586333;354981;254370;127585;87967;121570;74794;1.0;0.7115;0.7625;0.7166;0.6895;0.6152;2369514;1713043;4082557;0.723;2118359;1548282;0.7309;MZ;0.9992;0.7004;0.7215;0.618;0.5823;0.3574;0.646;0.6857;0.0013;0.0013;0.4484;0.3141;0.3373;0.2434;0.2519;0.1557;0.1479;0.0861;0.1674;0.0599;0.2633;0.1701;0.214;0.3586;0.2459
NCL;NC;2000;2000;12483;13376;20476;21027;17493;19657;13576;16020;17117;19756;1.0;1.0715;1.0269;1.1237;1.18;1.1542;83145;91836;174981;1.1045;50452;54060;1.0715;NC;1.0148;1.0699;1.006;1.083;1.1168;1.0562;1.0583;1.0485;0.2331;0.2366;0.8535;0.9132;1.0138;1.0199;0.8583;0.9295;0.709;0.7918;0.5759;0.6083;0.7381;0.7811;0.76;0.9139;0.9583
NER;NE;2000;2000;166294;52426;242882;55116;115143;21839;51334;6957;36083;10499;1.0;0.3153;0.2269;0.1897;0.1355;0.291;613736;148837;762573;0.2425;524319;129381;0.2468;NE;1.0364;0.3275;0.2367;0.1996;0.1406;0.2734;0.2497;0.2576;0.0016;0.0017;0.0956;0.0313;0.1467;0.0347;0.105;0.021;0.0714;0.01;0.0471;0.0129;0.0849;0.0212;0.0535;0.1168;0.0301
NFK;NF;2000;2000;2000;2000;2000;2000;2000;2000;2000;2000;3000;3000;1.0;1.0;1.0;1.0;1.0;1.0;13000;13000;26000;1.0;6000;6000;1.0;NF;;;;;;;;;;;;;;;;;;;;;;;;;
NGA;NG;4371;3670;7166667;5800714;8415517;6776190;4863333;3100000;2203385;1155216;2423754;1708542;0.8396;0.8094;0.8052;0.6374;0.5243;0.7049;25077027;18544332;43621359;0.7395;20445517;15676904;0.7668;NG;0.8713;0.8396;0.8306;0.6522;0.5289;0.6597;0.7529;0.7908;0.0004;0.0004;0.4675;0.3926;0.5288;0.4392;0.4163;0.2715;0.2859;0.1512;0.3124;0.2061;0.3631;0.2734;0.3186;0.4763;0.3767
NIC;NI;2000;2000;664289;617811;647728;648337;400496;404639;207731;218481;197491;219171;1.0;0.93;1.0009;1.0103;1.0517;1.1098;2119735;2110439;4230174;0.9956;1712513;1670787;0.9756;NI;1.0276;0.9537;0.9986;0.934;0.9731;0.8666;0.9403;0.9583;0.0075;0.0077;1.5081;1.4383;1.1123;1.1108;0.9051;0.8454;0.6549;0.6373;0.5815;0.5039;0.8879;0.8349;0.8607;1.1687;1.1199
NLD;NL;2000;2000;340463;441013;932737;991386;764893;869361;685928;810375;1301925;1556071;1.0;1.2953;1.0629;1.1366;1.1814;1.1952;4027946;4670206;8698152;1.1595;2038093;2301760;1.1294;NL;1.0458;1.3402;1.0907;1.1481;1.1737;1.0961;1.1322;1.1549;0.0049;0.0052;0.4163;0.558;0.7653;0.8347;0.6905;0.7927;0.5853;0.6869;0.446;0.4888;0.5272;0.5969;0.5625;0.6482;0.7486
NOR;NO;2000;2000;193263;199465;350824;352770;314486;334152;289173;311046;528113;604537;1.0;1.0321;1.0055;1.0625;1.0756;1.1447;1677859;1803970;3481829;1.0752;858573;886387;1.0324;NO;1.0564;1.0922;1.0523;1.1122;1.1205;1.0783;1.0841;1.0834;0.0148;0.0156;0.8115;0.8863;0.8997;0.9468;0.8444;0.9392;0.7659;0.8582;0.6471;0.6978;0.7203;0.7808;0.7504;0.8581;0.9297
NPL;NP;3115;2730;2762138;2252592;2968966;2271598;1625470;1236052;579820;444686;653758;531752;0.8764;0.8155;0.7651;0.7604;0.7669;0.8134;8593267;6739410;15332677;0.7843;7356574;5760242;0.783;NP;0.8946;0.7756;0.6377;0.6117;0.6753;0.7189;0.6936;0.6748;0.0026;0.0023;1.352;1.0487;1.3306;0.8486;0.9919;0.6068;0.4485;0.3029;0.3661;0.2632;0.842;0.584;0.7051;1.2441;0.8395
NRU;NR;2000;2000;2000;2000;2000;2000;2000;2000;2000;2000;3000;3000;1.0;1.0;1.0;1.0;1.0;1.0;13000;13000;26000;1.0;6000;6000;1.0;NR;1.1469;1.0108;1.1164;1.0324;1.0023;0.7888;1.0256;1.0582;3.7665;4.3197;3.0581;3.0912;2.0243;2.2599;2.4125;2.4907;4.6083;4.6189;7.371;5.814;3.3828;3.4694;3.4256;2.4282;2.5696
NIU;NU;2000;2000;2000;2000;2000;2000;2000;2000;2000;2000;3000;3000;1.0;1.0;1.0;1.0;1.0;1.0;13000;13000;26000;1.0;6000;6000;1.0;NU;0.9384;0.663;1.2195;0.9074;0.7795;0.9667;0.914;0.9184;32.7869;30.7692;32.7869;21.7391;20.0;24.3902;20.4082;18.5185;20.202;15.748;11.4943;11.1111;19.1176;17.4731;18.2584;23.166;21.2766
NZL;NZ;2000;2000;240104;242229;429927;411835;349973;363369;254307;288550;399570;532643;1.0;1.0089;0.9579;1.0383;1.1347;1.333;1675881;1840626;3516507;1.0983;1020004;1017433;0.9975;NZ;1.0555;1.0685;0.9916;1.0209;1.0911;1.2092;1.069;1.0194;0.0149;0.0157;1.0302;1.1008;1.1294;1.1199;1.0522;1.0742;0.802;0.875;0.5661;0.6846;0.7966;0.8516;0.8245;1.0778;1.0987
OMN;OM;2000;2000;201792;89486;631169;191716;416968;123416;145616;41547;53833;18790;1.0;0.4435;0.3037;0.296;0.2853;0.349;1451378;466955;1918333;0.3217;1249929;404618;0.3237;OM;1.0481;0.6853;0.6974;0.6638;0.5776;0.4355;0.6142;0.6845;0.0168;0.0176;0.6992;0.4791;0.7668;0.5348;0.5774;0.3833;0.4609;0.2662;0.291;0.1267;0.5914;0.3632;0.513;0.6816;0.4665
PAN;PA;2000;2000;193148;162949;337547;305460;243086;236507;158366;161065;154400;172873;1.0;0.8436;0.9049;0.9729;1.017;1.1196;1088547;1040854;2129401;0.9562;773781;704916;0.911;PA;1.0441;0.8762;0.9236;0.9816;1.0047;0.9919;0.9418;0.9307;0.0134;0.014;0.7626;0.6683;0.9946;0.9186;0.7998;0.7852;0.6128;0.6158;0.4165;0.4132;0.6499;0.6121;0.6308;0.863;0.8032
PER;PE;2670;2752;3118292;2899352;4157143;3768966;2900000;2666667;1835417;1716348;1935470;1795954;1.0307;0.9298;0.9066;0.9195;0.9351;0.9279;13948992;12850039;26799031;0.9212;10175435;9334985;0.9174;PE;1.0614;0.9369;0.8781;0.9041;0.9444;0.8503;0.8996;0.903;0.0023;0.0024;1.5892;1.489;1.5446;1.3564;1.236;1.1175;0.9546;0.9014;0.7091;0.603;1.0873;0.9781;1.032;1.4536;1.3125
PYF;PF;2000;2000;17306;18510;22113;24404;20320;23544;14834;17303;17980;20872;1.0;1.0696;1.1036;1.1587;1.1664;1.1608;94553;106633;201186;1.1278;59739;66458;1.1125;PF;1.0478;1.1154;1.1143;1.1417;1.2047;1.167;1.1445;1.1223;0.223;0.2336;1.1616;1.2956;1.1088;1.2355;0.9602;1.0962;0.7576;0.9128;0.5843;0.6819;0.8199;0.9383;0.8787;1.0667;1.1971
PNG;PG;2000;2000;319663;230537;319139;188500;153066;83908;75637;33665;58116;24604;1.0;0.7212;0.5907;0.5482;0.4451;0.4234;927621;563214;1490835;0.6072;791868;502945;0.6351;PG;1.1068;0.7948;0.623;0.5367;0.4454;0.4655;0.6397;0.6641;0.0045;0.005;0.4503;0.3579;0.3709;0.231;0.2377;0.1276;0.1629;0.0725;0.1214;0.0565;0.2578;0.1649;0.2126;0.3576;0.2375
PHL;PH;10327;11600;15081481;17003448;15046666;15028148;8550000;8651724;4700000;5273333;4200000;5900000;1.1233;1.1274;0.9988;1.0119;1.122;1.4048;47588474;51868253;99456727;1.0899;38678147;40683320;1.0518;PH;1.1539;1.1431;1.0194;1.0307;1.1118;1.1561;1.0678;1.0706;0.0022;0.0026;1.9853;2.2694;1.5475;1.5775;1.1367;1.1716;0.84;0.9339;0.6628;0.7662;1.1503;1.2284;1.1898;1.557;1.6671
PAK;PK;8358;2713;14672414;3849297;16869732;4256667;7281481;1496780;2556733;516033;1699263;482993;0.3246;0.2623;0.2523;0.2056;0.2018;0.2842;43087981;10604483;53692464;0.2461;38823627;9602744;0.2473;PK;0.3432;0.2777;0.2676;0.212;0.204;0.2635;0.2532;0.2601;0.0008;0.0003;0.8657;0.2405;0.8805;0.2357;0.5317;0.1127;0.2791;0.0569;0.1522;0.0401;0.5312;0.1345;0.3356;0.7796;0.2028
POL;PL;2000;2000;1711742;1768087;2400000;2433334;2300000;2578571;1559497;1944993;1536947;2355509;1.0;1.0329;1.0139;1.1211;1.2472;1.5326;9510186;11082494;20592680;1.1653;6411742;6779992;1.0574;PL;1.0514;1.08;1.0587;1.1557;1.2523;1.1665;1.0752;1.0979;0.0024;0.0025;1.2741;1.376;0.9227;0.9769;0.7021;0.8113;0.5849;0.7325;0.2909;0.3394;0.5945;0.6392;0.6178;0.888;0.975
SPM;PM;2000;2000;2000;2000;2000;2000;2000;2000;2000;2000;3000;3000;1.0;1.0;1.0;1.0;1.0;1.0;13000;13000;26000;1.0;6000;6000;1.0;PM;1.0254;1.2418;0.9846;1.0055;0.9714;0.9161;0.9737;1.0452;12.4224;12.7389;10.5263;13.0719;7.7821;7.6628;5.5096;5.5402;4.2017;4.0816;3.0211;2.7675;5.3279;5.1875;5.2568;7.4074;7.7419
PCN;PN;2000;2000;2000;2000;2000;2000;2000;2000;2000;2000;3000;3000;1.0;1.0;1.0;1.0;1.0;1.0;13000;13000;26000;1.0;6000;6000;1.0;PN;;;;;;;;;;;;;;;;;;;;;;;;;
PRI;PR;2000;2000;92941;97745;213807;225283;186889;203690;171605;197175;292156;410333;1.0;1.0517;1.0537;1.0899;1.149;1.4045;959398;1136226;2095624;1.1843;493637;526718;1.067;PR;1.0562;1.0819;0.9914;0.9703;1.031;1.1087;1.0337;1.008;0.0265;0.028;0.6344;0.6863;1.1495;1.1396;1.0224;0.992;0.8395;0.8656;0.5337;0.5917;0.7147;0.7388;0.7275;0.958;0.9657
PSE;PS;2000;2000;364764;334479;474149;422430;253189;215581;143724;116279;121640;97251;1.0;0.917;0.8909;0.8515;0.809;0.7995;1359466;1188020;2547486;0.8739;1092102;972490;0.8905;PS;0.992;0.8959;0.8826;0.8234;0.7464;0.7102;0.8412;0.8725;0.0088;0.0087;1.0683;0.957;1.0973;0.9685;0.8828;0.7269;0.8058;0.6015;0.5748;0.4083;0.8105;0.6818;0.7449;1.0299;0.8986
PRT;PT;2000;2000;259503;264436;753981;690580;664246;695083;670830;742840;905362;1094420;1.0;1.019;0.9159;1.0464;1.1073;1.2088;3255922;3489359;6745281;1.0717;1677730;1650099;0.9835;PT;1.0438;1.0672;0.9346;0.9899;1.0166;0.9593;0.9563;0.9787;0.0095;0.0099;0.6536;0.6976;1.3424;1.2546;1.0213;1.011;0.8867;0.9014;0.5163;0.4953;0.752;0.7191;0.7346;1.0426;1.0204
PLW;PW;2000;2000;2000;2000;2470;2000;2200;2000;2000;2000;3000;3000;1.0;1.0;0.8097;0.9091;1.0;1.0;13670;13000;26670;0.951;6670;6000;0.8996;PW;1.0042;1.0872;1.1241;1.2864;1.287;0.9829;1.1285;1.196;4.1841;4.2017;2.8129;3.0581;1.7058;1.9175;1.3699;1.7621;1.2563;1.6168;1.4091;1.385;1.7165;1.9371;1.8174;1.7716;2.1186
PRY;PY;2000;2000;432476;414144;675589;620714;456746;427036;263237;248160;255513;260236;1.0;0.9576;0.9188;0.935;0.9427;1.0185;2085561;1972290;4057851;0.9457;1564811;1461894;0.9342;PY;1.0431;0.9931;0.9421;0.9509;0.9398;0.8823;0.9381;0.9584;0.0083;0.0087;1.0329;1.0258;1.1413;1.0751;0.9778;0.9297;0.8183;0.769;0.5952;0.5251;0.8447;0.7924;0.8184;1.0589;1.0149
QAT;QA;2000;2000;227907;78513;815162;290051;595230;220991;215047;73153;84723;30290;1.0;0.3445;0.3558;0.3713;0.3402;0.3575;1940069;694998;2635067;0.3582;1638299;589555;0.3599;QA;1.0943;0.8273;1.211;1.2418;1.1191;0.7944;1.0779;1.1651;0.042;0.046;1.5053;1.2454;1.2132;1.4694;0.9584;1.1899;0.764;0.855;0.7058;0.5608;1.0246;1.1045;1.0446;1.1343;1.3214
REU;RE;2000;2000;42416;44030;74001;75357;60285;66368;46056;49423;53249;61619;1.0;1.0381;1.0183;1.1009;1.0731;1.1572;278007;298797;576804;1.0748;176702;185755;1.0512;RE;1.0381;1.0239;0.8368;0.8952;0.9569;0.9978;0.9442;0.9033;0.0722;0.075;1.1315;1.1585;1.6628;1.3914;1.2252;1.0968;0.8368;0.8007;0.4688;0.4678;0.8489;0.8015;0.8236;1.3469;1.2167
ROU;RO;2000;2000;692436;693110;1163759;1058151;1170191;1143964;1078915;1095391;1212880;1577178;1.0;1.001;0.9093;0.9776;1.0153;1.3004;5320181;5569794;10889975;1.0469;3026386;2895225;0.9567;RO;1.0418;1.043;0.9577;1.0454;1.0342;0.9662;0.9652;1.0116;0.0045;0.0046;0.9525;0.9934;1.0137;0.9707;0.849;0.8876;0.6874;0.7109;0.473;0.457;0.679;0.6553;0.6667;0.9303;0.9411
SRB;RS;2000;2000;152011;156529;416040;388960;392424;381974;336327;333704;391869;430027;1.0;1.0297;0.9349;0.9734;0.9922;1.0974;1690671;1693194;3383865;1.0015;960475;927463;0.9656;RS;0.9993;1.022;0.9312;0.9505;0.9415;0.8528;0.8908;0.953;0.0149;0.0148;0.6181;0.6317;1.0361;0.9648;0.8435;0.8017;0.7343;0.6914;0.3689;0.3146;0.6109;0.5441;0.5756;0.8632;0.8227
RWA;RW;2000;2000;426885;319875;287640;158563;109804;45907;30451;10880;29784;16763;1.0;0.7493;0.5513;0.4181;0.3573;0.5628;886564;553988;1440552;0.6249;824329;524345;0.6361;RW;0.996;0.7232;0.5347;0.3935;0.2945;0.4173;0.5743;0.6105;0.0031;0.0031;0.4657;0.3368;0.2867;0.1533;0.138;0.0543;0.0748;0.022;0.0605;0.0252;0.2083;0.1196;0.1621;0.3035;0.1853
SAU;SA;2000;2000;2115885;784676;6063862;1843272;3703448;1037328;1293368;339359;589483;194187;1.0;0.3709;0.304;0.2801;0.2624;0.3294;13768046;4200822;17968868;0.3051;11883195;3665276;0.3084;SA;1.0303;0.475;0.5832;0.5982;0.5391;0.512;0.5326;0.5648;0.0021;0.0021;1.0768;0.5115;1.2234;0.7134;0.8491;0.5079;0.5666;0.3055;0.3674;0.1881;0.853;0.4544;0.7079;1.0532;0.595
SLB;SB;2000;2000;40170;39313;30662;28662;17394;13106;8670;4976;5372;3166;1.0;0.9787;0.9348;0.7535;0.5739;0.5894;104268;91223;195491;0.8749;88226;81081;0.919;SB;1.0763;1.0117;0.9487;0.7706;0.6172;0.599;0.9064;0.9406;0.0581;0.0625;0.7564;0.7653;0.5375;0.5099;0.3672;0.283;0.2505;0.1546;0.1612;0.0965;0.4012;0.3636;0.3827;0.5601;0.5268
SYC;SC;2000;2000;5910;4800;13530;9110;11438;8000;6203;5952;4763;6167;1.0;0.8122;0.6733;0.6994;0.9595;1.2948;43844;36029;79873;0.8218;30878;21910;0.7096;SC;1.034;1.0106;1.0499;1.1286;1.2007;1.202;1.0498;1.0698;0.6264;0.6477;0.9266;0.9364;0.9789;1.0279;0.8423;0.9507;0.659;0.7913;0.4254;0.5114;0.7614;0.7993;0.7781;0.9141;0.978
SWE;SE;2000;2000;294949;327106;694577;642427;573073;585130;496747;523133;927368;1093930;1.0;1.109;0.9249;1.021;1.0531;1.1796;2988714;3173726;6162440;1.0619;1562599;1554663;0.9949;SE;1.0612;1.2309;0.978;1.0751;1.0849;1.0955;1.0682;1.062;0.0079;0.0084;0.6816;0.8389;0.9337;0.9131;0.8323;0.8949;0.7454;0.8087;0.5662;0.6203;0.6759;0.722;0.6988;0.8378;0.8897
SGP;SG;2000;2000;145317;120564;591318;530918;515209;509150;321397;330605;402316;400495;1.0;0.8297;0.8979;0.9882;1.0286;0.9955;1977557;1893732;3871289;0.9576;1251844;1160632;0.9271;SG;1.1358;1.0208;1.0615;1.0585;1.0626;0.9248;1.0278;1.0739;0.0141;0.016;0.3531;0.3604;0.9416;0.9994;1.1454;1.2124;0.8842;0.9396;0.606;0.5604;0.7438;0.7645;0.7538;0.8405;0.9027
SHN;SH;2000;2000;2000;2000;2000;2000;2000;2000;2000;2000;3000;3000;1.0;1.0;1.0;1.0;1.0;1.0;13000;13000;26000;1.0;6000;6000;1.0;SH;1.0928;1.0;1.1388;0.7476;0.9066;1.0612;0.9978;0.9348;18.8679;20.6186;15.1515;15.1515;7.1685;8.1633;8.547;6.3898;5.4201;4.914;2.5105;2.6643;5.6156;5.6034;5.6095;9.3023;8.6957
SVN;SI;2000;2000;57130;55636;127662;111014;122780;119529;104764;106316;124992;143591;1.0;0.9738;0.8696;0.9735;1.0148;1.1488;539328;538086;1077414;0.9977;307572;286179;0.9304;SI;1.0396;1.0508;1.0064;1.1021;1.1075;0.9878;0.9988;1.0513;0.0467;0.0486;0.7915;0.8318;0.9798;0.9861;0.7519;0.8287;0.6578;0.7285;0.3637;0.3592;0.5916;0.5909;0.5913;0.8409;0.8841
SJM;SJ;2000;2000;2000;2000;2000;2000;2000;2000;2000;2000;3000;3000;1.0;1.0;1.0;1.0;1.0;1.0;13000;13000;26000;1.0;6000;6000;1.0;SJ;;;;;;;;;;;;;;;;;;;;;;;;;
SVK;SK;2000;2000;169156;177971;346863;330830;322704;332005;250571;291883;249863;368307;1.0;1.0521;0.9538;1.0288;1.1649;1.474;1341157;1502996;2844153;1.1207;838723;840806;1.0025;SK;1.0572;1.1067;0.9957;1.0826;1.1978;1.1396;1.0514;1.0518;0.0174;0.0184;0.8673;0.9598;0.948;0.9439;0.7127;0.7716;0.6091;0.7296;0.3412;0.3888;0.5903;0.6206;0.6059;0.8274;0.8702
SLE;SL;2000;2000;210144;196514;249030;220495;133710;86498;59879;34263;55315;37791;1.0;0.9351;0.8854;0.6469;0.5722;0.6832;710078;577561;1287639;0.8134;592884;503507;0.8493;SL;1.0139;0.9469;0.8874;0.647;0.5519;0.5879;0.7998;0.8538;0.0053;0.0053;0.3578;0.3388;0.3928;0.3486;0.3002;0.1942;0.2043;0.1127;0.1862;0.1094;0.2692;0.2153;0.242;0.3557;0.3037
SMR;SM;2000;2000;2000;2000;2000;2000;2000;2000;2000;2000;3000;3000;1.0;1.0;1.0;1.0;1.0;1.0;13000;13000;26000;1.0;6000;6000;1.0;SM;1.1085;1.0842;1.0157;0.9295;0.9584;0.9163;0.9584;0.9953;2.7586;3.0581;1.554;1.6849;1.1905;1.2092;1.0178;0.9461;0.705;0.6757;0.4906;0.4495;0.8899;0.8529;0.871;1.2165;1.2109
SEN;SN;2000;2000;685795;395700;864359;480414;522823;255563;229033;90055;192959;91098;1.0;0.577;0.5558;0.4888;0.3932;0.4721;2496969;1314830;3811799;0.5266;2072977;1131677;0.5459;SN;1.0725;0.5909;0.5501;0.4855;0.3924;0.4678;0.5321;0.5474;0.0023;0.0025;0.5433;0.3211;0.646;0.3554;0.5624;0.2731;0.3739;0.1467;0.2715;0.127;0.4377;0.2329;0.3358;0.5873;0.3215
SOM;SO;2000;2000;515686;490028;672111;510459;231511;138630;62953;34876;85879;69699;1.0;0.9502;0.7595;0.5988;0.554;0.8116;1570140;1245692;2815832;0.7934;1419308;1139117;0.8026;SO;1.0269;0.9675;0.761;0.5878;0.526;0.6925;0.7808;0.805;0.0024;0.0025;0.4245;0.4108;0.5778;0.4397;0.2958;0.1739;0.1308;0.0688;0.1719;0.119;0.3155;0.2463;0.2806;0.4491;0.3615
SUR;SR;2000;2000;38337;37459;55282;50232;41576;38284;29073;26680;31122;31956;1.0;0.9771;0.9087;0.9208;0.9177;1.0268;197390;186611;384001;0.9454;135195;125975;0.9318;SR;1.0298;0.9984;0.9386;0.9811;0.9508;0.8572;0.9352;0.9692;0.0902;0.0929;0.9809;0.9793;1.1723;1.1003;0.9648;0.9467;0.8012;0.7617;0.6516;0.5585;0.838;0.7837;0.8107;1.0453;1.0131
SSD;SS;2000;2000;251770;130437;252003;99989;111741;31294;37638;8567;24891;9091;1.0;0.5181;0.3968;0.2801;0.2276;0.3652;680043;281378;961421;0.4138;615514;261720;0.4252;SS;1.0179;0.5261;0.3822;0.2505;0.2001;0.286;0.3875;0.4092;0.0034;0.0034;0.3165;0.1665;0.4106;0.1569;0.2023;0.0507;0.0842;0.0168;0.0681;0.0195;0.2021;0.0783;0.1382;0.3138;0.1284
STP;ST;2000;2000;14747;11579;10010;10076;6823;7303;3873;3743;3872;3300;1.0;0.7852;1.0066;1.0704;0.9664;0.8523;41325;38001;79326;0.9196;31580;28958;0.917;ST;0.9922;0.7552;0.9856;1.0643;1.022;0.766;0.8993;0.8964;0.181;0.1796;0.9804;0.7404;0.6782;0.6684;0.5255;0.5593;0.426;0.4354;0.4142;0.3173;0.5718;0.5142;0.5427;0.7381;0.6616
SLV;SV;2000;2000;486643;490584;651749;702221;393441;435293;265071;296049;270407;314726;1.0;1.0081;1.0774;1.1064;1.1169;1.1639;2069311;2240873;4310184;1.0829;1531833;1628098;1.0628;SV;1.0679;1.0603;1.0815;0.873;0.7916;0.7743;0.9337;1.0133;0.0086;0.0092;1.0994;1.1656;1.1596;1.2542;1.1762;1.0268;0.995;0.7876;0.6957;0.5387;0.9294;0.8678;0.8964;1.1439;1.159
SXM;SX;2000;2000;2300;2200;3631;3772;3550;4000;3266;3500;4200;4600;1.0;0.9565;1.0388;1.1268;1.0716;1.0952;18947;20072;39019;1.0594;9481;9972;1.0518;SX;1.1222;0.9147;0.8652;0.9453;0.9514;1.0663;0.9722;0.9048;1.7559;1.9704;1.5447;1.413;1.557;1.3471;1.2326;1.1652;0.9683;0.9213;0.6823;0.7275;1.0909;1.0605;1.075;1.4149;1.2801
SWZ;SZ;2000;2000;82329;75078;92286;85385;49475;45420;20267;16591;20553;23017;1.0;0.9119;0.9252;0.918;0.8186;1.1199;266910;247491;514401;0.9272;224090;205883;0.9188;SZ;0.9958;0.9364;0.9161;0.9095;0.7351;0.7789;0.875;0.9205;0.0382;0.038;0.9588;0.8979;0.9027;0.827;0.6338;0.5765;0.472;0.347;0.4573;0.3562;0.6567;0.5746;0.6145;0.842;0.775
TCA;TC;2000;2000;3100;2700;6831;5168;5841;4279;3700;2562;3000;3000;1.0;0.871;0.7566;0.7326;0.6924;1.0;24472;19709;44181;0.8054;15772;12147;0.7702;TC;0.8482;0.7386;0.7722;0.838;0.806;0.9113;0.8153;0.7962;2.1299;1.8067;1.7634;1.3025;1.9731;1.5236;1.3123;1.0997;0.908;0.7318;0.6044;0.5508;1.2455;1.0154;1.1311;1.6309;1.2983
TCD;TD;2000;2000;266214;105822;296733;86419;142004;33128;49796;8964;33864;12957;1.0;0.3975;0.2912;0.2333;0.18;0.3826;790611;249290;1039901;0.3153;704951;225369;0.3197;TD;1.0291;0.4054;0.2923;0.2287;0.1723;0.3342;0.312;0.321;0.0023;0.0023;0.2172;0.0881;0.2393;0.07;0.1797;0.0411;0.0923;0.0159;0.072;0.0241;0.1536;0.0479;0.1005;0.2165;0.0695
TGO;TG;2000;2000;210365;100263;251899;122331;145066;61480;57805;20619;40800;18526;1.0;0.4766;0.4856;0.4238;0.3567;0.4541;707935;325219;1033154;0.4594;607330;284074;0.4677;TG;1.0228;0.4884;0.4986;0.4339;0.3566;0.4198;0.4634;0.4795;0.0049;0.005;0.3538;0.1728;0.3764;0.1877;0.2853;0.1238;0.1647;0.0587;0.119;0.05;0.2462;0.1141;0.1804;0.3427;0.1643
THA;TH;2110;3817;3905190;4045417;9400000;9300000;5870000;6000000;3800000;4300000;4000000;4600000;1.809;1.0359;0.9894;1.0221;1.1316;1.15;26977300;28249234;55226534;1.0471;19175190;19345417;1.0089;TH;1.9106;1.0909;1.0082;1.0073;1.0466;0.9494;0.9792;1.0229;0.0012;0.0023;1.1689;1.2751;1.8151;1.8298;1.1283;1.1366;0.7306;0.7647;0.44;0.4177;0.9061;0.8874;0.8964;1.3974;1.4294
TJK;TJ;2000;2000;79581;24060;149823;44076;122418;42245;55590;28548;43151;25207;1.0;0.3023;0.2942;0.3451;0.5135;0.5842;452563;166136;618699;0.3671;351822;110381;0.3137;TJ;0.9782;0.2824;0.2826;0.3307;0.4737;0.4996;0.3437;0.2986;0.0055;0.0053;0.1324;0.0374;0.1823;0.0515;0.2025;0.067;0.1396;0.0661;0.0937;0.0468;0.1391;0.0478;0.092;0.1735;0.0518
TKL;TK;2000;2000;2000;2000;2000;2000;2000;2000;2000;2000;3000;3000;1.0;1.0;1.0;1.0;1.0;1.0;13000;13000;26000;1.0;6000;6000;1.0;TK;1.4051;0.898;1.0284;0.9122;1.2041;0.7114;0.953;0.9512;18.018;25.3165;15.1515;13.6054;11.0497;11.3636;14.8148;13.5135;16.9492;20.4082;17.1429;12.1951;15.2582;14.5414;14.8912;13.3929;12.7389
TLS;TL;2000;2000;153119;131588;123523;97643;55711;37663;17736;9399;14685;8292;1.0;0.8594;0.7905;0.676;0.5299;0.5647;366774;286585;653359;0.7814;332353;266894;0.803;TL;1.023;0.8752;0.7848;0.6836;0.5791;0.5324;0.7878;0.8084;0.0311;0.0318;1.4853;1.2998;1.1654;0.9146;0.7813;0.5342;0.3251;0.1883;0.2127;0.1133;0.7833;0.617;0.7005;1.1854;0.9583
TKM;TM;2000;2000;2000;2000;4656;2600;6550;3376;2700;2100;3000;3000;1.0;1.0;0.5584;0.5154;0.7778;1.0;20906;15076;35982;0.7211;13206;7976;0.604;TM;1.0784;1.0356;0.5691;0.5067;0.666;0.6775;0.6692;0.6108;0.0089;0.0096;0.0052;0.0054;0.0071;0.004;0.0134;0.0068;0.0073;0.0049;0.0088;0.006;0.0085;0.0057;0.0071;0.0087;0.0053
TUN;TN;2000;2000;899933;942677;1268121;1139526;982843;810039;549843;407103;573625;443185;1.0;1.0475;0.8986;0.8242;0.7404;0.7726;4276365;3744530;8020895;0.8756;3150897;2892242;0.9179;TN;1.0708;1.098;0.8823;0.7631;0.7054;0.6861;0.8367;0.8946;0.0055;0.0059;1.5575;1.7102;1.4069;1.2412;1.1;0.8393;0.7465;0.5266;0.5229;0.3587;0.9355;0.7828;0.8574;1.328;1.1881
TON;TO;2000;2000;11154;12055;8286;10085;5931;7000;4145;4572;4200;4463;1.0;1.0808;1.2171;1.1802;1.103;1.0626;35716;40175;75891;1.1248;25371;29140;1.1486;TO;1.0025;0.9813;0.8552;0.8695;0.9626;0.8951;0.9392;0.9005;0.4219;0.423;1.7393;1.7068;1.6659;1.4246;1.2673;1.102;0.9052;0.8714;0.656;0.5872;1.1236;1.0553;1.0864;1.5791;1.4219
TUR;TR;2693;2000;2753926;1004932;6500000;3000000;5700000;3400000;4400000;2672414;4668966;2947134;0.7427;0.3649;0.4615;0.5965;0.6074;0.6312;24025585;13026480;37052065;0.5422;14953926;7404932;0.4952;TR;0.7728;0.3806;0.48;0.6071;0.6107;0.5529;0.5355;0.5114;0.001;0.0008;0.5709;0.2173;0.9513;0.4566;0.8536;0.5183;0.8051;0.4917;0.5809;0.3212;0.6981;0.3738;0.5349;0.8156;0.4171
TTO;TT;2000;2000;49474;47463;105363;103954;106523;115374;70151;75838;76642;97136;1.0;0.9594;0.9866;1.0831;1.0811;1.2674;410153;441765;851918;1.0771;261360;266791;1.0208;TT;1.0405;1.0047;1.0206;1.0957;1.0769;1.0699;1.0418;1.0487;0.0518;0.0539;0.7307;0.7341;0.9341;0.9533;0.8062;0.8834;0.7171;0.7722;0.4676;0.5003;0.6692;0.6971;0.6834;0.836;0.8767
TUV;TV;2000;2000;2000;2000;2000;2000;2000;2000;2000;2000;3000;3000;1.0;1.0;1.0;1.0;1.0;1.0;13000;13000;26000;1.0;6000;6000;1.0;TV;1.1213;1.0616;1.1163;1.1506;1.1594;0.7342;1.0191;1.1074;5.277;5.9172;3.3167;3.5211;2.5413;2.8369;3.7951;4.3668;3.7665;4.3668;4.6225;3.3937;3.7399;3.8112;3.7752;3.1299;3.4662
TWN;TW;2000;2000;998037;1053113;2400000;2366667;2200000;2300000;1723204;1760873;2116787;2243414;1.0;1.0552;0.9861;1.0455;1.0219;1.0598;9440028;9726067;19166095;1.0303;5598037;5719780;1.0217;TW;1.0941;1.1443;1.0632;1.0405;0.9931;0.9413;1.0013;1.0653;0.0047;0.0052;1.112;1.2725;1.4792;1.5727;1.1889;1.237;0.9658;0.9591;0.5802;0.5461;0.9232;0.9244;0.9238;1.2808;1.3645
TZA;TZ;2000;2000;1205037;925971;1791441;1264923;772548;506167;326541;193393;245559;138525;1.0;0.7684;0.7061;0.6552;0.5922;0.5641;4343126;3030979;7374105;0.6979;3769026;2697061;0.7156;TZ;1.0092;0.7716;0.7023;0.6184;0.5695;0.4249;0.6685;0.7045;0.0007;0.0007;0.272;0.2099;0.3839;0.2696;0.2459;0.1521;0.1589;0.0905;0.1353;0.0575;0.2271;0.1518;0.1887;0.308;0.217
UKR;UA;2000;2000;490141;865093;1190769;1626283;1626562;2045556;1246566;1756889;1477647;2738183;1.0;1.765;1.3657;1.2576;1.4094;1.8531;6033685;9034004;15067689;1.4973;3307472;4536932;1.3717;UA;1.0571;1.8548;1.4314;1.2704;1.2547;1.1837;1.2629;1.414;0.0024;0.0025;0.4003;0.7424;0.4736;0.6779;0.5144;0.6535;0.5023;0.6302;0.3046;0.3606;0.4004;0.5056;0.4575;0.4793;0.6777
UGA;UG;2000;2000;503614;286200;773622;467619;271237;138090;78200;33067;60247;42281;1.0;0.5683;0.6045;0.5091;0.4229;0.7018;1688920;969257;2658177;0.5739;1548473;891909;0.576;UG;0.999;0.5634;0.594;0.4927;0.3965;0.5412;0.5512;0.566;0.0009;0.0009;0.1443;0.0813;0.2159;0.1282;0.1344;0.0662;0.0637;0.0252;0.0561;0.0303;0.123;0.0678;0.0949;0.1703;0.0964
UMI;UM;2000;2000;2000;2000;2000;2000;2000;2000;2000;2000;3000;3000;1.0;1.0;1.0;1.0;1.0;1.0;13000;13000;26000;1.0;6000;6000;1.0;UM;;;;;;;;;;;;;;;;;;;;;;;;;
USA;US;4043;4621;10358621;11253333;23541380;23848276;21126667;22446429;15870000;18200000;26020000;37203333;1.143;1.0864;1.013;1.0625;1.1468;1.4298;96920711;112955992;209876703;1.1654;55026668;57548038;1.0458;US;1.2144;1.1598;1.085;1.1271;1.1931;1.2932;1.1677;1.1153;0.0004;0.0005;0.6416;0.7441;0.9612;1.0429;0.8898;1.0029;0.7486;0.8932;0.5384;0.6963;0.6765;0.79;0.7332;0.8547;0.9532
URY;UY;2000;2000;128613;140806;290979;302186;224946;244532;184311;214854;249137;340957;1.0;1.0948;1.0385;1.0871;1.1657;1.3686;1079986;1245335;2325321;1.1531;644538;687524;1.0667;UY;1.0474;1.1416;1.0734;1.0923;1.1397;1.0178;1.0603;1.0945;0.0208;0.0218;0.7383;0.8428;1.152;1.2366;1.0256;1.1203;0.8767;0.9992;0.6446;0.6561;0.8065;0.8551;0.8319;0.9976;1.0918
UZB;UZ;2000;2000;266176;115407;549917;221361;539083;239161;236261;129970;135629;116451;1.0;0.4336;0.4025;0.4436;0.5501;0.8586;1729066;824350;2553416;0.4768;1355176;575929;0.425;UZ;1.0561;0.4553;0.4221;0.4602;0.5515;0.7088;0.4743;0.4442;0.0018;0.0018;0.1478;0.0673;0.1783;0.0753;0.2115;0.0973;0.1328;0.0733;0.0633;0.0449;0.1384;0.0656;0.1019;0.1823;0.081
VAT;VA;2000;2000;2000;2000;2000;2000;2000;2000;2000;2000;3000;3000;1.0;1.0;1.0;1.0;1.0;1.0;13000;13000;26000;1.0;6000;6000;1.0;VA;1.25;2.0;1.0;1.0715;1.0;0.7974;0.9109;1.1636;400.0;500.0;142.8571;285.7143;100.0;100.0;66.6667;71.4286;66.6667;66.6667;23.8095;18.9873;57.7778;52.6316;55.0847;93.75;109.0909
VCT;VC;2000;2000;4940;4863;9400;10100;7159;7960;4900;5655;5353;5937;1.0;0.9844;1.0745;1.1119;1.1541;1.1091;33752;36515;70267;1.0819;21499;22923;1.0662;VC;1.0635;1.0771;1.146;1.1161;1.2631;1.1137;1.1302;1.1204;0.6489;0.6901;0.9169;0.9876;1.2777;1.4642;1.045;1.1663;0.7215;0.9114;0.4475;0.4984;0.8147;0.9206;0.8665;1.0971;1.2293
VEN;VE;2000;2000;1876996;1963993;2066008;2300000;1463013;1697806;1059788;1213895;1126743;1416467;1.0;1.0463;1.1133;1.1605;1.1454;1.2571;7594548;8594161;16188709;1.1316;5406017;5961799;1.1028;VE;1.0543;1.1253;1.139;1.1018;1.0683;1.0385;1.0798;1.1162;0.0018;0.0019;1.1297;1.2712;1.1306;1.2878;0.8232;0.907;0.6605;0.7056;0.4683;0.4864;0.7292;0.7874;0.759;1.0266;1.1459
VGB;VG;2000;2000;2000;2000;2943;3093;2900;3067;2500;2400;3000;3000;1.0;1.0;1.051;1.0576;0.96;1.0;15343;15560;30903;1.0141;7843;8160;1.0404;VG;1.0406;0.9294;0.8673;0.8704;0.8365;0.8821;0.8816;0.8777;1.8553;1.9305;1.2563;1.1675;1.082;0.9384;0.8396;0.7308;0.8621;0.7212;0.8102;0.7146;0.9933;0.8757;0.9304;1.0099;0.8864
VIR;VI;2000;2000;3100;3500;4780;5657;3941;5063;3240;4370;5030;7100;1.0;1.129;1.1835;1.2847;1.3488;1.4115;22091;27690;49781;1.2535;11821;14220;1.2029;VI;1.0044;1.1538;1.087;1.198;1.2812;1.1538;1.1175;1.1422;0.9681;0.9723;0.9527;1.0992;1.1324;1.2309;0.829;0.9931;0.5881;0.7534;0.3456;0.3987;0.6429;0.7184;0.6828;0.9666;1.1042
VNM;VN;7448;8050;10250000;11413333;11916667;12236667;9100000;8695517;5260000;5300000;4700000;4700000;1.0808;1.1135;1.0269;0.9556;1.0076;1.0;41234115;42353567;83587682;1.0271;31266667;32345517;1.0345;VN;1.1055;1.1266;1.0332;0.9512;0.9696;0.7528;0.9576;1.0378;0.0025;0.0028;2.2584;2.5442;1.479;1.5281;1.1573;1.1009;0.8578;0.8317;0.5896;0.4439;1.0988;1.0523;1.0747;1.5283;1.5861
VUT;VU;2000;2000;24582;25233;19736;21159;12350;11908;6800;5400;5190;3800;1.0;1.0265;1.0721;0.9642;0.7941;0.7322;70658;69500;140158;0.9836;56668;58300;1.0288;VU;1.0549;1.0179;0.9803;0.9228;0.9398;0.733;0.9804;0.977;0.1537;0.1621;1.3589;1.3833;0.847;0.8303;0.7154;0.6601;0.5045;0.4741;0.3438;0.252;0.7049;0.691;0.6979;0.9662;0.9439
WLF;WF;2000;2000;2000;2000;2000;2000;2000;2000;2000;2000;3000;3000;1.0;1.0;1.0;1.0;1.0;1.0;13000;13000;26000;1.0;6000;6000;1.0;WF;1.0625;0.9821;0.774;0.7715;0.884;0.8985;0.8819;0.8317;4.7059;5.0;3.6364;3.5714;4.0;3.096;3.3278;2.5674;2.4067;2.1277;2.1739;1.9531;3.0324;2.6743;2.8422;3.6342;3.0227
WSM;WS;2000;2000;16671;17300;16400;18119;10827;11647;7430;7373;6800;8100;1.0;1.0377;1.1048;1.0757;0.9923;1.1912;60128;64539;124667;1.0734;43898;47066;1.0722;WS;1.0559;1.1011;0.9982;1.0003;1.0655;1.1353;1.0593;1.0303;0.2159;0.2279;1.3656;1.5037;1.2922;1.2898;1.0413;1.0416;0.7305;0.7784;0.5089;0.5777;0.883;0.9353;0.9093;1.2436;1.2812
XKX;XK;2000;2000;100430;76011;168462;118152;117072;79103;84451;51601;89764;47337;1.0;0.7569;0.7014;0.6757;0.611;0.5273;562179;374204;936383;0.6656;385964;273266;0.708;;1.0204;0.7725;0.7259;0.6641;0.5246;0.4352;0.6261;0.7173;0.0344;0.0351;0.9443;0.7295;1.2473;0.9053;0.999;0.6634;0.8501;0.446;0.6063;0.2639;0.8465;0.53;0.6834;1.0763;0.772
YEM;YE;2000;2000;1275089;193074;1354628;236475;641035;88572;226203;26573;124376;19367;1.0;0.1514;0.1746;0.1382;0.1175;0.1557;3623331;566061;4189392;0.1562;3270752;518121;0.1584;YE;1.046;0.1572;0.1784;0.1418;0.1184;0.1341;0.1579;0.1629;0.0012;0.0012;0.493;0.0775;0.4353;0.0777;0.2953;0.0419;0.1838;0.0217;0.1156;0.0155;0.3047;0.0481;0.1771;0.4157;0.0677
MYT;YT;2000;2000;9391;10596;13403;15230;8800;8966;5600;4566;4163;3000;1.0;1.1283;1.1363;1.0189;0.8154;0.7206;43357;44358;87715;1.0231;31594;34792;1.1012;YT;0.9393;0.8932;0.7833;0.8547;0.8868;0.7728;0.8799;0.844;0.1417;0.1331;0.7115;0.6355;0.7826;0.613;0.5082;0.4343;0.4669;0.414;0.3901;0.3015;0.5136;0.4519;0.4804;0.6631;0.5597
ZAF;ZA;3587;3553;4300000;4153333;4573333;4600000;3128571;3066667;1340639;1308568;1402154;1623733;0.9905;0.9659;1.0058;0.9802;0.9761;1.158;14748284;14755854;29504138;1.0005;12001904;11820000;0.9848;ZA;0.9998;0.986;0.988;0.9736;0.8938;0.8216;0.9275;0.9806;0.0017;0.0017;1.1883;1.1717;0.8136;0.8039;0.649;0.6319;0.4479;0.4003;0.3881;0.3189;0.6464;0.5995;0.6221;0.8536;0.8371
ZMB;ZM;2000;2000;721946;660994;732726;628035;341571;260822;162441;103498;177180;159631;1.0;0.9156;0.8571;0.7636;0.6371;0.901;2137864;1814980;3952844;0.849;1796243;1549851;0.8628;ZM;0.9928;0.9016;0.846;0.7657;0.609;0.6972;0.8207;0.8546;0.0021;0.0021;0.5242;0.4726;0.4846;0.41;0.3114;0.2384;0.2505;0.1526;0.3881;0.2706;0.3533;0.2899;0.3211;0.4506;0.3851
ZWE;ZW;2000;2000;335705;305541;414018;358643;265075;195423;135684;84222;115432;97909;1.0;0.9101;0.8662;0.7372;0.6207;0.8482;1267914;1043738;2311652;0.8232;1014798;859607;0.8471;ZW;1.0021;0.8721;0.7277;0.5942;0.4124;0.6088;0.6967;0.7359;0.0026;0.0026;0.3084;0.2689;0.4522;0.3291;0.2934;0.1743;0.3399;0.1402;0.2481;0.151;0.2799;0.195;0.234;0.349;0.2568
