iso3;age_13_17_men;age_13_17_women;age_18_24_men;age_18_24_women;age_25_34_men;age_25_34_women;age_35_44_men;age_35_44_women;age_45_54_men;age_45_54_women;age_55_100_men;age_55_100_women;age_13_17_ratio;age_18_24_ratio;age_25_34_ratio;age_35_44_ratio;age_45_54_ratio;age_55_100_ratio;total_men;total_women;total_all;total_ratio;total_18_44_men;total_18_44_women;total_18_44_ratio;iso2;age_13_17_ratio_std;age_18_24_ratio_std;age_25_34_ratio_std;age_35_44_ratio_std;age_45_54_ratio_std;age_55_100_ratio_std;total_ratio_std;total_18_44_ratio_std;age_13_17_men_pen;age_13_17_women_pen;age_18_24_men_pen;age_18_24_women_pen;age_25_34_men_pen;age_25_34_women_pen;age_35_44_men_pen;age_35_44_women_pen;age_45_54_men_pen;age_45_54_women_pen;age_55_100_men_pen;age_55_100_women_pen;total_men_pen;total_women_pen;total_all_pen;total_18_44_men_pen;total_18_44_women_pen
AND;2000;2000;3933;3992;6375;6038;4867;5367;4223;5090;3617;4529;1.0;1.015;0.9471;1.1027;1.2053;1.2521;25015;27016;52031;1.08;15175;15397;1.0146;AD;1.1284;1.0836;1.0785;1.1321;1.2511;1.2673;1.1317;1.0901;1.1161;1.2594;1.2146;1.3162;1.1522;1.2426;0.7764;0.879;0.572;0.7156;0.2963;0.3756;0.6868;0.7773;0.731;1.009;1.0999
ARE;2392;2000;934247;500230;2300869;1086827;1243526;686855;408348;234035;163253;104214;0.8361;0.5354;0.4724;0.5523;0.5731;0.6384;5052635;2614161;7666796;0.5174;4478642;2273912;0.5077;AE;0.8682;0.798;1.116;1.1535;1.3087;1.0003;1.0284;1.0511;0.0131;0.0114;1.3108;1.0461;1.0791;1.2041;0.778;0.8975;0.5032;0.6586;0.381;0.3811;0.8613;0.8859;0.8696;1.008;1.0595
AFG;2000;2000;481483;161772;421663;91690;124445;17245;29209;5925;27518;6820;1.0;0.336;0.2174;0.1386;0.2028;0.2478;1086318;285452;1371770;0.2628;1027591;270707;0.2634;AF;1.0515;0.3501;0.2212;0.1401;0.1973;0.1988;0.2628;0.27;0.001;0.0011;0.1598;0.0559;0.1389;0.0307;0.0682;0.0095;0.0248;0.0049;0.0264;0.0052;0.0901;0.0237;0.0569;0.1305;0.0352
ATG;2000;2000;5301;6213;6791;7542;3756;4745;2143;2528;3000;3000;1.0;1.172;1.1106;1.2633;1.1797;1.0;22991;26028;49019;1.1321;15848;18500;1.1673;AG;1.0266;1.2009;1.0774;1.1657;1.0007;0.7537;1.0017;1.1276;0.7616;0.7819;1.1195;1.3445;0.9554;1.0293;0.5846;0.6815;0.3581;0.3583;0.3183;0.2399;0.6333;0.6344;0.6339;0.8675;0.9783
AIA;2000;2000;2000;2000;2000;2000;2000;2000;2000;2000;3000;3000;1.0;1.0;1.0;1.0;1.0;1.0;13000;13000;26000;1.0;6000;6000;1.0;AI;0.9787;1.0201;1.0143;0.9011;0.9606;0.8462;0.9294;0.9672;4.3573;4.2644;2.8209;2.8777;2.3502;2.3838;1.9249;1.7346;1.8215;1.7498;1.8349;1.5528;2.2449;2.0863;2.1627;2.3086;2.233
ALB;2000;2000;142359;138529;222934;185521;129792;106031;66146;60854;66533;62934;1.0;0.9731;0.8322;0.8169;0.92;0.9459;629764;555869;1185633;0.8827;495085;430081;0.8687;AL;1.0947;1.0393;0.8565;0.8158;0.7864;0.8451;0.846;0.894;0.0285;0.0311;0.9987;1.0379;0.9436;0.8082;0.7538;0.6149;0.4356;0.3425;0.1719;0.1452;0.5428;0.4592;0.5001;0.8985;0.8032
ARM;2000;2000;176230;177337;206008;200064;122696;164350;52104;96833;40307;103991;1.0;1.0063;0.9711;1.3395;1.8585;2.58;599345;744575;1343920;1.2423;504934;541751;1.0729;AM;1.0506;1.0053;0.9186;1.1702;1.5149;1.6825;1.0193;0.995;0.0267;0.0281;1.4789;1.4868;0.9609;0.8827;0.5929;0.6937;0.3463;0.5247;0.1338;0.2251;0.5617;0.5725;0.5676;0.9342;0.9295
ANT;2000;2000;2000;2000;2000;2000;2000;2000;2000;2000;3000;3000;1.0;1.0;1.0;1.0;1.0;1.0;13000;13000;26000;1.0;6000;6000;1.0;;;;;;;;;;;;;;;;;;;;;;;;;;
AGO;2000;2000;201370;158671;175717;154062;77753;66120;27162;22529;28162;21067;1.0;0.788;0.8768;0.8504;0.8294;0.7481;512164;424449;936613;0.8287;454840;378853;0.8329;AO;1.0024;0.7831;0.8587;0.8175;0.7561;0.6229;0.7927;0.8157;0.0012;0.0012;0.0907;0.071;0.0725;0.0622;0.0451;0.0368;0.0248;0.0188;0.0249;0.0155;0.0502;0.0398;0.0449;0.0714;0.0582
ATA;2000;2000;2000;2000;2000;2000;2000;2000;2000;2000;3000;3000;1.0;1.0;1.0;1.0;1.0;1.0;13000;13000;26000;1.0;6000;6000;1.0;AQ;;;;;;;;;;;;;;;;;;;;;;;;;
ARG;2905;2133;3138254;3688712;3931341;4300000;2506028;3116666;1591483;2191637;1324922;2318500;0.7343;1.1754;1.0938;1.2437;1.3771;1.7499;12494933;15617648;28112581;1.2499;9575623;11105378;1.1598;AR;0.7767;1.2299;1.1336;1.2723;1.3704;1.4285;1.2087;1.1996;0.002;0.0015;1.2633;1.5537;1.1143;1.2631;0.7763;0.9878;0.6019;0.8248;0.3055;0.4364;0.7066;0.8541;0.7816;1.0363;1.2431
ASM;2000;2000;2900;3646;2000;2317;2000;2000;2000;2000;3000;3000;1.0;1.2572;1.1585;1.0;1.0;1.0;13900;14963;28863;1.0765;6900;7963;1.1541;AS;1.0416;1.354;1.1487;1.0495;1.0616;0.9649;1.1027;1.1976;1.0096;1.0515;1.0313;1.3964;0.6782;0.7791;0.6642;0.6971;0.6371;0.6764;0.7273;0.7018;0.7715;0.8508;0.8106;0.7866;0.9419
AUT;2000;2000;395692;407917;522384;524175;321792;383916;207671;266108;183646;224284;1.0;1.0309;1.0034;1.1931;1.2814;1.2213;1633185;1808400;3441585;1.1073;1239868;1316008;1.0614;AT;1.0511;1.0917;1.0486;1.2168;1.2672;1.0513;1.0585;1.1016;0.0112;0.0118;1.1609;1.2673;0.8365;0.8772;0.5172;0.6293;0.3299;0.418;0.1248;0.1312;0.4223;0.447;0.435;0.781;0.8604
AUS;2000;2817;1505749;1685058;1971408;2198000;1252529;1557308;736134;1061216;736246;1234692;1.4085;1.1191;1.1149;1.2433;1.4416;1.677;6204066;7739091;13943157;1.2474;4729686;5440366;1.1503;AU;1.4941;1.187;1.126;1.2223;1.404;1.5187;1.2106;1.163;0.003;0.0045;1.3129;1.5583;1.031;1.161;0.6884;0.8415;0.4511;0.6333;0.2044;0.3104;0.5759;0.6971;0.6374;0.9695;1.1275
ABW;2000;2000;5733;6392;8372;8666;6246;7355;4087;5664;4475;6570;1.0;1.1149;1.0351;1.1776;1.3859;1.4682;30913;36647;67560;1.1855;20351;22413;1.1013;AW;1.0434;1.2046;1.0072;1.0113;1.1404;1.1536;1.0303;1.0489;0.6995;0.7299;1.2138;1.4624;1.3543;1.3641;0.9835;0.9946;0.5891;0.6717;0.2976;0.3433;0.7345;0.7568;0.7464;1.1794;1.237
AZE;2000;2225;569321;496125;738934;576192;427291;351216;176863;175554;154887;187546;1.1125;0.8714;0.7798;0.822;0.9926;1.2109;2069296;1788858;3858154;0.8645;1735546;1423533;0.8202;AZ;1.2418;0.935;0.7355;0.7933;0.9006;0.9429;0.7987;0.8018;0.0062;0.0077;1.204;1.1257;0.8503;0.6253;0.5359;0.4251;0.3022;0.2722;0.1779;0.1677;0.5282;0.4219;0.4729;0.8113;0.6505
BIH;2000;2000;142233;159250;190841;183809;107704;125604;60438;75525;44026;58426;1.0;1.1196;0.9632;1.1662;1.2496;1.3271;547242;604614;1151856;1.1048;440778;468663;1.0633;BA;1.0791;1.2221;1.0844;1.1801;1.1904;0.9456;0.9777;1.1336;0.0295;0.0319;1.1262;1.3764;1.0764;1.1672;0.466;0.5499;0.272;0.3238;0.0897;0.0848;0.4161;0.4068;0.4111;0.8243;0.9344
BRB;2000;2000;17388;21337;24417;27091;16688;20447;11424;14916;11384;15750;1.0;1.2271;1.1095;1.2253;1.3057;1.3835;83301;101541;184842;1.219;58493;68875;1.1775;BB;1.0334;1.2656;1.0912;1.1559;1.1933;1.0905;1.098;1.1545;0.2694;0.2784;1.3087;1.6563;1.3441;1.4667;0.9229;1.0668;0.623;0.7434;0.3098;0.3379;0.7435;0.8163;0.7818;1.1809;1.3633
BGD;3392;2554;2919569;1539797;1682270;658637;418586;192645;123325;60634;54142;26078;0.7529;0.5274;0.3915;0.4602;0.4917;0.4817;5201284;2480345;7681629;0.4769;5020425;2391079;0.4763;BD;0.7708;0.457;0.3345;0.4372;0.4866;0.4858;0.4458;0.4227;0.0005;0.0004;0.2782;0.1271;0.1322;0.0442;0.0366;0.016;0.0155;0.0076;0.005;0.0024;0.086;0.0383;0.0614;0.1449;0.0613
BEL;2000;2000;548862;599021;694535;720821;438088;541425;317887;414748;334445;481766;1.0;1.0914;1.0378;1.2359;1.3047;1.4405;2335817;2759781;5095598;1.1815;1681485;1861267;1.1069;BE;1.048;1.1382;1.0432;1.2348;1.3293;1.2627;1.1331;1.1197;0.0072;0.0076;1.1598;1.3201;0.9274;0.9675;0.577;0.7124;0.4116;0.5471;0.1835;0.2317;0.4813;0.5454;0.514;0.8486;0.9502
BFA;2000;2000;58346;19764;53985;17835;21056;6666;7129;2274;5913;3389;1.0;0.3387;0.3304;0.3166;0.319;0.5731;148429;51928;200357;0.3499;133387;44265;0.3319;BF;1.0282;0.3456;0.3294;0.3097;0.2923;0.4355;0.3384;0.3319;0.0018;0.0019;0.0378;0.0131;0.0335;0.011;0.0184;0.0057;0.0106;0.0031;0.0095;0.0041;0.0222;0.0075;0.0147;0.031;0.0103
BGR;2000;2000;233446;255883;287204;277909;174481;218196;110360;157721;69000;112521;1.0;1.0961;0.9676;1.2505;1.4292;1.6307;876491;1024230;1900721;1.1686;695131;751988;1.0818;BG;1.0608;1.1587;1.0222;1.3339;1.484;1.2278;1.0762;1.1479;0.0143;0.0152;1.0256;1.1884;0.7243;0.7404;0.3458;0.4613;0.2065;0.3064;0.0675;0.0829;0.3103;0.3339;0.3226;0.6159;0.707
BHR;2000;2000;106867;88174;236476;144001;156321;99996;71646;47916;49712;33430;1.0;0.8251;0.6089;0.6397;0.6688;0.6725;623022;415517;1038539;0.6669;499664;332171;0.6648;BH;1.0028;1.3189;1.1716;1.5191;1.2805;0.8499;1.2145;1.3515;0.0592;0.0593;1.2197;1.6086;1.0342;1.2117;0.6125;0.9305;0.553;0.7081;0.5728;0.4868;0.7583;0.921;0.816;0.8743;1.1816
BDI;2000;2000;32712;20996;25254;13240;6910;3513;2229;2000;4604;4467;1.0;0.6418;0.5243;0.5084;0.8973;0.9702;73709;46216;119925;0.627;64876;37749;0.5819;BI;1.0024;0.6406;0.5168;0.4913;0.8543;0.8134;0.6074;0.5726;0.0031;0.0031;0.0401;0.0257;0.0285;0.0147;0.0097;0.0047;0.006;0.0051;0.0135;0.011;0.0195;0.0118;0.0156;0.0268;0.0154
BEN;2000;2000;51950;28022;54312;30879;16606;8808;5552;3182;5295;3733;1.0;0.5394;0.5685;0.5304;0.5731;0.705;135715;76624;212339;0.5646;122868;67709;0.5511;BJ;1.0307;0.5561;0.5785;0.5228;0.546;0.6137;0.5594;0.5585;0.0032;0.0033;0.0565;0.0314;0.0537;0.0311;0.0237;0.0124;0.0123;0.0067;0.0112;0.0069;0.0324;0.0181;0.0253;0.0467;0.0261
BLM;2000;2000;2000;2000;2000;2000;2000;2000;2000;2000;3000;3000;1.0;1.0;1.0;1.0;1.0;1.0;13000;13000;26000;1.0;6000;6000;1.0;BL;1.0404;0.9956;0.8218;0.7658;0.8666;0.8179;0.8502;0.8428;5.9701;6.2112;4.386;4.3668;3.7383;3.0722;3.5778;2.7397;2.9895;2.5907;1.9646;1.6069;3.1855;2.7083;2.9276;3.871;3.2626
BMU;2000;2000;2725;3042;4040;4416;3654;4475;2754;3377;3079;4354;1.0;1.1163;1.0931;1.2247;1.2262;1.4141;18252;21664;39916;1.1869;10419;11933;1.1453;BM;1.1033;1.1411;1.0573;1.2039;1.3504;1.1952;1.1246;1.1299;1.4174;1.5637;1.1354;1.2956;1.201;1.2697;0.8322;1.0018;0.5449;0.7359;0.2851;0.3408;0.6657;0.7487;0.7083;1.026;1.1593
BRN;2000;2000;31313;40854;48242;50996;28465;32529;13117;17399;9233;12017;1.0;1.3047;1.0571;1.1428;1.3264;1.3015;132370;155795;288165;1.177;108020;124379;1.1514;BN;1.0877;1.4678;1.349;1.4564;1.4743;1.2536;1.3521;1.4245;0.152;0.1653;1.1628;1.7067;1.0382;1.4005;0.6553;0.9543;0.4066;0.5994;0.273;0.3422;0.6751;0.9128;0.7857;0.9246;1.3171
BOL;2000;2000;471463;516517;392064;389126;160019;174438;67701;80008;49157;57296;1.0;1.0956;0.9925;1.0901;1.1818;1.1656;1142404;1219385;2361789;1.0674;1023546;1080081;1.0552;BO;1.0314;1.1221;1.008;1.1061;1.1833;1.0237;1.0596;1.0741;0.0042;0.0043;0.5928;0.6652;0.3812;0.3842;0.2025;0.224;0.1183;0.14;0.073;0.0748;0.2632;0.2789;0.2711;0.3916;0.4206
BES;2000;2000;2000;2000;2000;2152;2000;2000;2000;2000;3000;3000;1.0;1.0;1.076;1.0;1.0;1.0;13000;13152;26152;1.0117;6000;6152;1.0253;BQ;1.0908;1.0561;1.1345;1.0815;1.0812;1.0718;1.0844;1.0931;3.0817;3.3613;2.002;2.1142;0.8889;1.0084;0.8337;0.9017;0.9054;0.979;0.6745;0.7229;1.0036;1.0882;1.0444;1.0623;1.1612
BRA;5441;5229;14654166;18070833;18751268;21741667;12625000;17075000;7291667;11466667;6141667;11762500;0.961;1.2332;1.1595;1.3525;1.5726;1.9152;59469209;80121896;139591105;1.3473;46030434;56887500;1.2359;BR;0.9984;1.2679;1.167;1.326;1.4957;1.6196;1.285;1.2384;0.0009;0.0009;1.2938;1.6403;1.146;1.3374;0.7701;1.0211;0.551;0.8241;0.3035;0.4915;0.711;0.9136;0.8147;1.0442;1.293
BHS;2000;2000;12975;16300;20628;23674;11450;14848;5642;8272;4320;6392;1.0;1.2563;1.1477;1.2968;1.4661;1.4796;57015;71486;128501;1.2538;45053;54822;1.2168;BS;1.0134;1.2401;1.0828;1.163;1.3141;1.1832;1.1233;1.1406;0.1741;0.1765;0.6523;0.8088;0.6464;0.6999;0.4278;0.4976;0.2172;0.2854;0.1078;0.1275;0.3652;0.4102;0.389;0.5734;0.6541
BTN;2000;2000;26417;33133;26071;27563;11100;11163;3617;3082;3175;3254;1.0;1.2542;1.0572;1.0057;0.8521;1.0249;72380;80195;152575;1.108;63588;71859;1.1301;BT;1.0837;1.3644;1.3306;1.2478;1.0372;1.0824;1.2968;1.3627;0.0713;0.0772;0.4994;0.6814;0.2931;0.39;0.1566;0.1954;0.0819;0.085;0.0602;0.0652;0.2143;0.2779;0.2436;0.2989;0.4073
BWA;2000;2000;39741;42858;33853;39425;15770;19487;5968;6726;6579;8408;1.0;1.0784;1.1646;1.2357;1.127;1.278;103911;118904;222815;1.1443;89364;101770;1.1388;BW;1.012;1.082;1.1791;1.2712;1.0819;1.1089;1.1307;1.1546;0.0202;0.0204;0.2285;0.2472;0.1438;0.1696;0.1052;0.1337;0.0642;0.0694;0.0659;0.0731;0.1221;0.138;0.1301;0.1598;0.1845
BLR;2000;2000;329651;500359;427864;575949;325706;573008;130311;341509;85326;314404;1.0;1.5178;1.3461;1.7593;2.6207;3.6847;1300858;2307229;3608087;1.7736;1083221;1649316;1.5226;BY;1.0565;1.6116;1.4116;1.769;2.3551;2.2971;1.4926;1.5707;0.01;0.0106;1.0533;1.6975;0.7044;0.9944;0.4496;0.7954;0.2214;0.5213;0.0783;0.1799;0.3692;0.551;0.4679;0.6586;1.0344
BLZ;2000;2000;26236;28562;19996;23032;8565;11426;3514;4879;3000;3508;1.0;1.0887;1.1518;1.334;1.3884;1.1693;63311;73407;136718;1.1595;54797;63020;1.1501;BZ;1.0371;1.1283;1.1977;1.3331;1.3457;1.1253;1.1707;1.1804;0.127;0.1317;0.9187;1.0365;0.5299;0.6347;0.3027;0.4036;0.1748;0.2352;0.1327;0.1493;0.4137;0.4843;0.4488;0.5793;0.6838
CAN;2046;2000;2049805;2215788;2958333;3079167;1769201;2184721;1077335;1397917;1075672;1703896;0.9775;1.081;1.0408;1.2349;1.2976;1.584;8932392;10583489;19515881;1.1848;6777339;7479676;1.1036;CA;1.0104;1.1413;1.1044;1.2385;1.2735;1.4322;1.1569;1.1451;0.0024;0.0024;1.2032;1.3731;1.0432;1.1521;0.6624;0.8203;0.447;0.5693;0.1777;0.2546;0.5403;0.6251;0.5832;0.94;1.0763
COD;2000;2000;228669;114133;184750;79963;53576;22562;18496;8034;43658;25704;1.0;0.4991;0.4328;0.4211;0.4344;0.5888;531149;252396;783545;0.4752;466995;216658;0.4639;CD;0.9962;0.4958;0.4263;0.4111;0.4126;0.5164;0.4606;0.4573;0.0004;0.0004;0.0351;0.0174;0.0268;0.0114;0.012;0.005;0.0063;0.0026;0.0128;0.0066;0.0184;0.0085;0.0134;0.0261;0.012
CAF;2000;2000;2629;2000;3009;2000;2000;2000;2000;2000;3000;3000;1.0;0.7607;0.6647;1.0;1.0;1.0;14638;13000;27638;0.8881;7638;6000;0.7855;CF;0.9949;0.6961;0.5403;0.7234;0.7026;0.6917;0.7445;0.6588;0.0076;0.0076;0.0073;0.0051;0.0109;0.0059;0.0151;0.0109;0.022;0.0155;0.0263;0.0182;0.0119;0.0088;0.0102;0.01;0.0066
COG;2000;2000;50071;28775;32830;19475;11300;6550;4059;2354;6946;5075;1.0;0.5747;0.5932;0.5796;0.5799;0.7306;107206;64229;171435;0.5991;94201;54800;0.5817;CG;1.0114;0.5793;0.595;0.581;0.5682;0.6576;0.5923;0.5843;0.0074;0.0075;0.1339;0.0776;0.0791;0.047;0.0332;0.0193;0.0168;0.0096;0.0317;0.0208;0.0576;0.0341;0.0458;0.0834;0.0487
CHE;2000;2000;403563;392317;546458;538992;383481;437666;264834;314355;256354;303788;1.0;0.9721;0.9863;1.1413;1.187;1.185;1856690;1989118;3845808;1.0713;1333502;1368975;1.0266;CH;1.0604;1.0385;1.0213;1.1635;1.1956;1.0614;1.045;1.0631;0.0113;0.012;1.2356;1.2831;0.9175;0.937;0.6041;0.7028;0.426;0.5093;0.1835;0.1948;0.4947;0.517;0.506;0.8564;0.9104
CIV;2000;2000;210008;118516;229670;129309;108250;62171;47575;17587;31604;14513;1.0;0.5643;0.563;0.5743;0.3697;0.4592;629107;344096;973203;0.547;547928;309996;0.5658;CI;1.0523;0.6161;0.5475;0.5866;0.4365;0.4807;0.5732;0.5797;0.0014;0.0015;0.1053;0.0649;0.1053;0.0577;0.0588;0.0345;0.0407;0.0177;0.0314;0.0151;0.0656;0.0376;0.0519;0.0911;0.0528
COK;2000;2000;2000;2000;2000;2000;2000;2000;2000;2000;3000;3000;1.0;1.0;1.0;1.0;1.0;1.0;13000;13000;26000;1.0;6000;6000;1.0;CK;1.0502;0.9868;0.8306;0.9007;0.9129;0.9539;0.9319;0.8975;3.8241;4.0161;3.3389;3.2949;2.8129;2.3364;2.4213;2.181;2.193;2.002;1.6648;1.5881;2.4195;2.2546;2.3341;2.809;2.521
CHL;2000;2058;1369608;1500537;1988038;2003975;1247742;1436083;671421;938712;607767;1017517;1.029;1.0956;1.008;1.1509;1.3981;1.6742;5886576;6898882;12785458;1.172;4605388;4940595;1.0728;CL;1.0717;1.1277;1.0325;1.1709;1.396;1.4874;1.1467;1.0974;0.0041;0.0044;1.4442;1.6286;1.2188;1.2583;0.8531;0.9989;0.5211;0.7274;0.2655;0.3949;0.7258;0.8323;0.7796;1.1393;1.2503
CMR;2000;2000;146200;90138;134913;88954;53273;33305;16815;8992;15446;10883;1.0;0.6165;0.6593;0.6252;0.5348;0.7046;368647;234272;602919;0.6355;334386;212397;0.6352;CM;1.0044;0.6169;0.6547;0.6177;0.5204;0.6164;0.6226;0.6315;0.0016;0.0016;0.0801;0.0494;0.0659;0.0431;0.0363;0.0224;0.0184;0.0096;0.0181;0.0112;0.044;0.0274;0.0356;0.0626;0.0395
CHN;2233;2000;631325;779109;949251;813045;321516;183821;56979;26784;21154;11234;0.8957;1.2341;0.8565;0.5717;0.4701;0.5311;1982458;1815993;3798451;0.916;1902092;1775975;0.9337;CN;1.0507;1.4402;0.9599;0.6072;0.4807;0.4761;0.9364;1.0331;0.0001;0.0001;0.0105;0.0151;0.0088;0.0085;0.003;0.0018;0.0005;0.0002;0.0001;0.0001;0.0033;0.0031;0.0032;0.0069;0.0071
COL;2209;8621;2464166;2913900;3245833;3722645;1762242;2271829;887229;1325658;830217;1385467;3.9027;1.1825;1.1469;1.2892;1.4942;1.6688;9191896;11628120;20820016;1.265;7472241;8908374;1.1922;CO;4.0649;1.2113;1.1492;1.2662;1.4134;1.4247;1.2127;1.1936;0.0014;0.0056;0.7978;0.9664;0.7264;0.8348;0.4707;0.596;0.2939;0.4154;0.1795;0.2557;0.4471;0.5423;0.4957;0.6612;0.7893
CRI;2000;2000;327429;366413;394271;410562;247341;293112;120058;153045;92716;136475;1.0;1.1191;1.0413;1.1851;1.2748;1.472;1183815;1361607;2545422;1.1502;969041;1070087;1.1043;CR;1.0437;1.1654;1.0709;1.1786;1.1863;1.2731;1.1078;1.1253;0.0135;0.0141;1.2062;1.4057;0.9512;1.0186;0.6407;0.7551;0.4039;0.4792;0.1755;0.2235;0.5788;0.6412;0.6106;0.904;1.0173
CPV;2000;2000;22495;21273;22028;22687;12591;14692;5030;5946;4205;4306;1.0;0.9457;1.0299;1.1669;1.1821;1.024;68349;70904;139253;1.0374;57114;58652;1.0269;CV;1.08;1.0743;1.1129;1.2897;1.2745;0.7991;1.0665;1.1326;0.0998;0.1078;0.7083;0.7608;0.454;0.5052;0.3163;0.4079;0.1955;0.2492;0.1294;0.1034;0.3446;0.3675;0.3559;0.4756;0.5387
CUW;2000;2000;5221;5981;8378;9835;6226;8578;4304;6227;5021;8173;1.0;1.1456;1.1739;1.3778;1.4468;1.6278;31150;40794;71944;1.3096;19825;24394;1.2305;CW;1.0299;1.3067;1.3807;1.3431;1.1939;1.1017;1.1611;1.3518;0.4756;0.4898;0.5514;0.7205;0.5102;0.7045;0.5505;0.7394;0.3984;0.4756;0.2237;0.2464;0.4173;0.4845;0.4529;0.5329;0.7204
CXR;2000;2000;2000;2000;2000;2000;2000;2000;2000;2000;3000;3000;1.0;1.0;1.0;1.0;1.0;1.0;13000;13000;26000;1.0;6000;6000;1.0;CX;;;;;;;;;;;;;;;;;;;;;;;;;
CYP;2000;2000;108400;102770;141387;117983;84573;93421;47521;61446;41925;54208;1.0;0.9481;0.8345;1.1046;1.293;1.293;425806;431828;857634;1.0141;334360;314174;0.9396;CY;1.0628;0.9893;0.932;1.2112;1.2241;1.1627;1.0215;1.0283;0.0741;0.0787;2.0671;2.0447;1.2169;1.1341;0.6692;0.8105;0.5432;0.665;0.2607;0.3031;0.7466;0.7627;0.7546;1.1334;1.1656
CZE;2000;2000;506066;578058;556741;573712;313663;407874;210684;324674;127666;199804;1.0;1.1423;1.0305;1.3004;1.541;1.5651;1716820;2086122;3802942;1.2151;1376470;1559644;1.1331;CZ;1.045;1.1929;1.0956;1.3938;1.6187;1.2804;1.1669;1.2044;0.0084;0.0088;1.3118;1.5648;0.8171;0.8952;0.3908;0.5447;0.2474;0.4004;0.0815;0.1043;0.3793;0.4426;0.4116;0.7362;0.8866
DEU;2000;2000;3574579;3624917;4658333;4566667;2981924;3500000;1832262;2309680;1797267;2197428;1.0;1.0141;0.9803;1.1737;1.2606;1.2226;14846365;16200692;31047057;1.0912;11214836;11691584;1.0425;DE;1.0602;1.0993;1.0583;1.209;1.27;1.0613;1.0516;1.1056;0.0013;0.0014;1.1634;1.2789;0.8618;0.912;0.5458;0.6598;0.3333;0.4233;0.1196;0.127;0.412;0.4333;0.4229;0.8044;0.8894
DJI;2000;2000;7509;5025;7766;5017;2608;2012;2000;2000;3000;3000;1.0;0.6692;0.646;0.7715;1.0;1.0;24883;19054;43937;0.7657;17883;12054;0.674;DJ;1.0162;0.6747;0.6434;0.7513;0.9455;0.8639;0.7414;0.6693;0.0431;0.0438;0.095;0.0641;0.0835;0.0537;0.0353;0.0265;0.0352;0.0332;0.0521;0.045;0.0612;0.0454;0.0532;0.0727;0.0487
DNK;2000;2000;271770;299191;334680;395245;192318;268783;167600;251256;193120;362094;1.0;1.1009;1.181;1.3976;1.4991;1.875;1161488;1578569;2740057;1.3591;798768;963219;1.2059;DK;1.0484;1.1426;1.2278;1.4225;1.4972;1.7036;1.3283;1.2441;0.014;0.0147;1.0363;1.1841;0.8158;1.0016;0.5516;0.7846;0.4336;0.6492;0.2036;0.3469;0.4649;0.6175;0.5421;0.7822;0.9731
DMA;2000;2000;3850;4141;4250;4079;2117;2154;2000;2000;3000;3000;1.0;1.0756;0.9598;1.0175;1.0;1.0;17217;17374;34591;1.0091;10217;10374;1.0154;DM;0.941;1.0807;0.9678;1.0636;1.0401;0.975;1.0135;1.036;1.1827;1.113;1.2145;1.3125;0.7856;0.7603;0.4445;0.4727;0.4489;0.467;0.3626;0.3535;0.6201;0.6285;0.6243;0.7657;0.7933
DOM;2000;2062;621833;694613;823725;918230;420035;510371;214308;275931;178021;231688;1.031;1.117;1.1147;1.2151;1.2875;1.3015;2259922;2632895;4892817;1.165;1865593;2123214;1.1381;DO;1.0751;1.158;1.1365;1.2132;1.2432;1.0974;1.1334;1.1583;0.005;0.0054;0.9;1.0423;0.9028;1.0261;0.5641;0.6843;0.3601;0.4477;0.2182;0.2395;0.5437;0.6163;0.5805;0.7946;0.9203
DZA;2429;2417;2327083;2240058;2299425;1791284;1068655;819909;431984;367034;288283;252878;0.9951;0.9626;0.779;0.7672;0.8496;0.8772;6417859;5473580;11891439;0.8529;5695163;4851251;0.8518;DZ;1.0412;0.9982;0.8318;0.8115;0.8909;0.8696;0.8883;0.9002;0.0016;0.0017;1.126;1.1241;0.6517;0.5421;0.2909;0.2361;0.1622;0.1445;0.0912;0.0793;0.3868;0.3435;0.3656;0.6144;0.5531
ECU;2000;2000;974958;1085129;1049227;1132187;534529;659483;269117;364438;213120;312991;1.0;1.113;1.0791;1.2338;1.3542;1.4686;3042951;3556228;6599179;1.1687;2558714;2876799;1.1243;EC;1.0412;1.151;1.0973;1.2293;1.3168;1.2813;1.1457;1.1411;0.0031;0.0032;0.875;1.007;0.6979;0.7657;0.427;0.5248;0.2823;0.3717;0.1623;0.2079;0.4488;0.5141;0.4818;0.6612;0.7545
EST;2000;2000;50933;64862;66340;76845;49581;73438;22771;42838;13280;35142;1.0;1.2735;1.1584;1.4812;1.8813;2.6462;204905;295125;500030;1.4403;166854;215145;1.2894;EE;1.0651;1.3275;1.2616;1.6029;1.9164;1.7319;1.2668;1.3882;0.0633;0.0674;1.0872;1.4433;0.7457;0.9407;0.4825;0.7734;0.2431;0.4659;0.0736;0.1275;0.3765;0.477;0.43;0.6994;0.971
EGY;6938;3271;4283333;3880367;3600906;2900000;1673921;1425375;689579;611662;471188;448513;0.4715;0.9059;0.8054;0.8515;0.887;0.9519;10725865;9269188;19995053;0.8642;9558160;8205742;0.8585;EG;0.4932;0.9458;0.8397;0.8732;0.9188;0.8259;0.8706;0.8906;0.0016;0.0008;0.6215;0.5878;0.4071;0.3418;0.219;0.1912;0.1242;0.1141;0.0766;0.0632;0.2717;0.2366;0.2542;0.4088;0.3641
ESH;2000;2000;2000;2000;2000;2000;2000;2000;2000;2000;3000;3000;1.0;1.0;1.0;1.0;1.0;1.0;13000;13000;26000;1.0;6000;6000;1.0;EH;1.0456;1.1104;1.2835;1.4043;1.5751;1.1701;1.2895;1.292;0.121;0.1265;0.068;0.0755;0.0376;0.0482;0.0309;0.0434;0.0451;0.0711;0.0684;0.0801;0.0516;0.0665;0.0581;0.0407;0.0526
ERI;2000;2000;3862;3067;3521;2683;2000;2000;2000;2000;3000;3000;1.0;0.7941;0.762;1.0;1.0;1.0;16383;14750;31133;0.9003;9383;7750;0.826;ER;1.0137;0.804;0.7665;0.9437;0.8642;0.7807;0.8538;0.8205;0.0116;0.0117;0.0152;0.0122;0.0146;0.0112;0.0135;0.0127;0.0177;0.0153;0.022;0.0172;0.0154;0.0131;0.0142;0.0146;0.012
ESP;2000;2000;2642557;2868719;3152174;3167787;2191400;2721739;1861122;2525200;1584656;2443048;1.0;1.0856;1.005;1.242;1.3568;1.5417;11433909;13728493;25162402;1.2007;7986131;8758245;1.0967;ES;1.0583;1.1534;1.0303;1.2593;1.386;1.3033;1.1429;1.1277;0.0019;0.002;1.5011;1.7313;1.1753;1.2108;0.6433;0.8101;0.4705;0.6521;0.2078;0.2709;0.5583;0.6381;0.5992;1.0175;1.1474
ETH;2417;2000;271229;189300;313059;204700;106688;64029;24387;13142;15908;9913;0.8275;0.6979;0.6539;0.6002;0.5389;0.6231;733688;483084;1216772;0.6584;690976;458029;0.6629;ET;0.8512;0.7097;0.6611;0.5989;0.5038;0.5308;0.6482;0.6695;0.0004;0.0003;0.0296;0.021;0.0315;0.0208;0.0174;0.0104;0.006;0.003;0.0037;0.0019;0.0185;0.012;0.0152;0.0274;0.0183
FIN;2000;2000;239642;280380;289573;338957;205095;275948;148891;213958;148432;276907;1.0;1.17;1.1705;1.3455;1.437;1.8655;1033633;1388150;2421783;1.343;734310;895285;1.2192;FI;1.044;1.2407;1.2473;1.4361;1.4885;1.5968;1.298;1.2985;0.0157;0.0164;1.093;1.3561;0.7877;0.9825;0.5508;0.791;0.4394;0.654;0.1582;0.2526;0.4373;0.5675;0.5035;0.7655;0.9941
FJI;2000;2000;50096;56800;35759;41280;15662;20442;6753;8925;4434;5284;1.0;1.1338;1.1544;1.3052;1.3216;1.1917;114704;134731;249435;1.1746;101517;118522;1.1675;FJ;0.9838;1.1187;1.1593;1.3085;1.3345;1.0245;1.1386;1.1661;0.0611;0.0601;0.9632;1.0775;0.4884;0.5662;0.2344;0.3067;0.1384;0.1848;0.0699;0.0716;0.3404;0.3875;0.3643;0.5286;0.6165
FLK;2000;2000;2000;2000;2000;2000;2000;2000;2000;2000;3000;3000;1.0;1.0;1.0;1.0;1.0;1.0;13000;13000;26000;1.0;6000;6000;1.0;FK;0.8442;0.946;0.8975;1.062;1.1126;0.9;0.974;0.9777;30.7692;25.974;19.0476;18.018;9.1324;8.1967;6.8729;7.2993;5.7803;6.4309;6.9444;6.25;8.9163;8.684;8.7986;9.7561;9.539
FSM;2000;2000;2375;3450;2000;2012;2000;2000;2000;2000;3000;3000;1.0;1.4526;1.006;1.0;1.0;1.0;13375;14462;27837;1.0813;6375;7462;1.1705;FM;0.9938;1.4803;1.0499;0.9965;0.903;0.7919;1.0362;1.1974;0.4247;0.4221;0.2988;0.4424;0.2173;0.2281;0.3517;0.3504;0.4429;0.3999;0.4713;0.3732;0.348;0.3606;0.3545;0.2791;0.3342
FRO;2000;2000;2904;3238;3125;3277;2179;2733;2000;2158;3000;3246;1.0;1.115;1.0486;1.2542;1.079;1.082;15208;16652;31860;1.095;8208;9248;1.1267;FO;1.0294;1.2701;1.209;1.395;1.2389;1.0818;1.1798;1.278;1.2979;1.336;1.0979;1.3945;0.882;1.0664;0.6298;0.8785;0.5612;0.6952;0.37;0.4002;0.6652;0.7848;0.7228;0.8507;1.0872
FRA;2000;2000;3387534;3590596;4025000;4191667;2333096;2929166;1537429;2136351;1427471;2184513;1.0;1.0599;1.0414;1.2555;1.3896;1.5303;12712530;15034293;27746823;1.1826;9745630;10711429;1.0991;FR;1.0535;1.1153;1.0385;1.2071;1.355;1.2559;1.0898;1.0964;0.0012;0.0012;1.1687;1.3036;1.0585;1.0993;0.5851;0.7062;0.3649;0.4944;0.1393;0.1749;0.4737;0.5162;0.4958;0.9118;0.9997
GAB;2000;2000;30601;25863;27754;22525;13113;9312;4883;2847;5454;5108;1.0;0.8452;0.8116;0.7101;0.583;0.9366;83805;67655;151460;0.8073;71468;57700;0.8074;GA;1.0032;0.8512;0.864;0.7968;0.6428;0.8841;0.8438;0.8605;0.0212;0.0212;0.2141;0.1822;0.1413;0.122;0.077;0.0613;0.045;0.0289;0.0508;0.045;0.1022;0.0862;0.0944;0.1402;0.1206
GBR;5100;2262;3475038;4010654;4641667;5204167;3077717;3879167;1908146;2566666;1857571;2910975;0.4435;1.1541;1.1212;1.2604;1.3451;1.5671;14965239;18573891;33539130;1.2411;11194422;13093988;1.1697;GB;0.4663;1.2223;1.1549;1.2374;1.2966;1.3664;1.1841;1.1908;0.0031;0.0014;1.2154;1.4857;1.0058;1.1616;0.6906;0.8545;0.4411;0.5719;0.1849;0.2526;0.535;0.6335;0.5854;0.9383;1.1173
GRD;2000;2000;7922;8371;8698;8683;4266;5008;2000;2062;3000;3000;1.0;1.0567;0.9983;1.1739;1.031;1.0;27886;29124;57010;1.0444;20886;22062;1.0563;GD;1.0435;1.1011;1.0345;1.1848;1.102;0.9138;1.0457;1.0857;0.5675;0.5922;1.2968;1.4278;0.861;0.8907;0.4733;0.5608;0.3143;0.3463;0.2386;0.2181;0.5848;0.6115;0.5981;0.828;0.899
GEO;2000;2000;235225;275175;276066;308183;142342;209858;62438;115655;43948;102186;1.0;1.1698;1.1163;1.4743;1.8523;2.3252;762019;1013057;1775076;1.3294;653633;793216;1.2135;GE;1.0554;1.2437;1.1022;1.3722;1.5885;1.4677;1.1042;1.1896;0.0211;0.0223;1.5349;1.909;1.0808;1.1913;0.5509;0.7559;0.2898;0.4603;0.1077;0.1581;0.5501;0.6074;0.5814;0.9799;1.1657
GUF;2000;2000;14962;15479;13183;14430;7001;8838;3696;4826;3471;3835;1.0;1.0346;1.0946;1.2624;1.3057;1.1049;44313;49408;93721;1.115;35146;38747;1.1025;GF;1.0142;0.9761;0.9161;1.073;1.1483;1.0225;1.0029;0.9612;0.1629;0.1652;0.9294;0.9071;0.7236;0.663;0.3884;0.4168;0.2492;0.2861;0.162;0.1657;0.4393;0.4405;0.4399;0.6715;0.6454
GGY;2000;2000;2696;2762;3092;3479;2325;2787;2000;2300;3000;3075;1.0;1.0245;1.1252;1.1987;1.15;1.025;15113;16403;31516;1.0854;8113;9028;1.1128;GG;1.1156;1.0674;1.1759;1.2516;1.0854;0.9163;1.0488;1.1617;1.4588;1.6273;1.0845;1.1576;0.7661;0.9008;0.5584;0.6988;0.4616;0.501;0.2769;0.2538;0.5552;0.5822;0.5689;0.7592;0.882
GHA;2000;2000;475854;302692;480091;389883;183630;144221;54798;38971;67801;45867;1.0;0.6361;0.8121;0.7854;0.7112;0.6765;1264174;923634;2187808;0.7306;1139575;836796;0.7343;GH;1.0176;0.6455;0.8182;0.7828;0.6883;0.5928;0.7193;0.7391;0.0014;0.0014;0.2189;0.1413;0.1885;0.1543;0.09;0.0704;0.0403;0.0278;0.049;0.029;0.1157;0.0832;0.0994;0.1685;0.1246
GIB;2000;2000;2139;2257;2413;2552;2000;2226;2000;2000;3000;3000;1.0;1.0552;1.0576;1.113;1.0;1.0;13552;14035;27587;1.0356;6552;7035;1.0737;GI;1.0318;1.1038;1.0756;1.1241;0.9897;0.9108;1.0108;1.0965;2.1209;2.1882;1.2717;1.4036;0.9587;1.0311;0.7648;0.8598;0.8003;0.7921;0.5565;0.5068;0.8661;0.8755;0.8709;0.9615;1.0544
GRL;2000;2000;2938;2658;3423;3121;2361;2200;2000;2000;3000;3000;1.0;0.9047;0.9118;0.9318;1.0;1.0;15722;14979;30701;0.9527;8722;7979;0.9148;GL;1.0593;0.9505;0.9562;1.0483;1.228;1.1827;1.0739;0.9836;1.3831;1.4652;1.1339;1.0779;0.728;0.696;0.5857;0.614;0.5759;0.7072;0.3932;0.465;0.6586;0.7073;0.6815;0.7702;0.7575
GMB;2000;2000;57478;26209;38554;19402;12431;5507;3426;2000;3526;3000;1.0;0.456;0.5032;0.443;0.5838;0.8508;117415;58118;175533;0.495;108463;51118;0.4713;GM;1.0173;0.4619;0.5016;0.4366;0.5449;0.7121;0.4819;0.4711;0.0162;0.0165;0.318;0.1469;0.1901;0.0954;0.098;0.0428;0.0418;0.0228;0.0381;0.0272;0.1453;0.07;0.1071;0.2125;0.1001
GIN;2000;2000;45850;20375;57179;24516;20508;6679;4938;2000;3996;3000;1.0;0.4444;0.4288;0.3257;0.405;0.7508;134471;58570;193041;0.4356;123537;51570;0.4174;GN;1.0262;0.4545;0.4281;0.2961;0.3362;0.5799;0.4117;0.4109;0.0031;0.0031;0.0466;0.0212;0.0524;0.0224;0.0326;0.0097;0.0127;0.0043;0.0085;0.0049;0.0319;0.0131;0.0223;0.0457;0.0188
GLP;2000;2000;18365;19833;21659;24515;13083;18661;9056;13553;10239;13789;1.0;1.0799;1.1319;1.4264;1.4966;1.3467;74402;92351;166753;1.2412;53107;63009;1.1865;GP;1.0757;1.1292;0.891;0.969;1.0991;1.0562;0.991;0.9563;0.193;0.2076;1.2911;1.458;1.4277;1.2721;0.841;0.8149;0.4065;0.4467;0.1592;0.1682;0.5243;0.5196;0.5217;1.1814;1.1297
GNQ;2000;2000;16087;11008;11333;7217;5304;3104;2075;2000;3000;3000;1.0;0.6843;0.6368;0.5852;0.9639;1.0;39799;28329;68128;0.7118;32724;21329;0.6518;GQ;1.0141;0.7479;0.7585;0.8111;1.3027;1.0154;0.8391;0.7962;0.0276;0.028;0.1525;0.114;0.0749;0.0568;0.0386;0.0313;0.0236;0.0307;0.0364;0.037;0.0625;0.0524;0.0579;0.083;0.0661
GRC;2000;2000;449719;481629;628138;583354;442850;507842;347292;434317;283746;366188;1.0;1.071;0.9287;1.1468;1.2506;1.2905;2153745;2375330;4529075;1.1029;1520707;1572825;1.0343;GR;1.0652;1.1819;0.988;1.1446;1.1933;1.0443;1.0183;1.0794;0.009;0.0096;1.1691;1.3818;1.1291;1.1156;0.6433;0.7363;0.4512;0.5384;0.1651;0.1724;0.4963;0.5054;0.5011;0.9333;1.0074
SGS;2000;2000;2000;2000;2000;2000;2000;2000;2000;2000;3000;3000;1.0;1.0;1.0;1.0;1.0;1.0;13000;13000;26000;1.0;6000;6000;1.0;GS;;;;;;;;;;;;;;;;;;;;;;;;;
GTM;2000;2000;691705;736750;598701;604383;248425;289963;105646;129782;72966;91908;1.0;1.0651;1.0095;1.1672;1.2285;1.2596;1719443;1854786;3574229;1.0787;1538831;1631096;1.06;GT;1.0238;1.0858;1.0161;1.1394;1.0977;1.0291;1.0404;1.0623;0.0026;0.0027;0.5306;0.5762;0.3818;0.3879;0.2296;0.2616;0.1632;0.1791;0.0929;0.0957;0.2794;0.2907;0.2852;0.3892;0.4134
GUM;2000;2000;11632;15141;13285;14546;7558;8912;4342;5863;4033;5898;1.0;1.3017;1.0949;1.1791;1.3503;1.4624;42850;52360;95210;1.2219;32475;38599;1.1886;GU;1.0445;1.4166;1.2269;1.2245;1.3398;1.3632;1.2435;1.2886;0.4059;0.424;1.3654;1.9342;1.1219;1.3764;0.793;0.9711;0.4455;0.5969;0.217;0.2959;0.6786;0.8439;0.7605;1.0864;1.3999
GNB;2000;2000;12054;6646;10507;5505;3658;2175;2000;2000;3000;3000;1.0;0.5514;0.5239;0.5946;1.0;1.0;33219;21326;54545;0.642;26219;14326;0.5464;GW;1.0169;0.557;0.5224;0.5819;0.893;0.692;0.6085;0.5444;0.0206;0.0209;0.0832;0.0463;0.0654;0.0342;0.0317;0.0184;0.0279;0.0249;0.0489;0.0338;0.051;0.031;0.0407;0.0623;0.0339
GUY;2000;2000;28496;34883;29048;35904;11731;15704;5106;7273;3786;4871;1.0;1.2241;1.236;1.3387;1.4244;1.2866;80167;100635;180802;1.2553;69275;86491;1.2485;GY;1.0339;1.2563;1.164;1.1837;1.2718;1.0495;1.1562;1.1867;0.0675;0.0698;0.5412;0.68;0.4435;0.5162;0.268;0.3172;0.1246;0.1584;0.0704;0.0739;0.28;0.3238;0.3028;0.4278;0.5077
HKG;2000;2000;278611;423050;541479;684542;397434;519588;199963;232008;164891;191842;1.0;1.5184;1.2642;1.3074;1.1603;1.1634;1584378;2053030;3637408;1.2958;1217524;1627180;1.3365;HK;1.0269;1.5016;1.049;0.8417;0.8003;1.0137;1.0369;1.0168;0.0171;0.0176;1.3753;2.0652;1.2381;1.2987;0.8692;0.7316;0.4274;0.342;0.127;0.1287;0.5316;0.5512;0.5425;1.1097;1.1283
HND;2000;2000;356601;424400;304162;377737;130200;187096;55029;88421;39971;63712;1.0;1.1901;1.2419;1.437;1.6068;1.594;887963;1143366;2031329;1.2876;790963;989233;1.2507;HN;1.0485;1.2419;1.282;1.4604;1.5639;1.3667;1.2882;1.2895;0.0046;0.0048;0.4736;0.5881;0.33;0.423;0.1843;0.2692;0.1201;0.1878;0.0861;0.1177;0.2375;0.306;0.2717;0.3322;0.4283
HRV;2000;2000;159475;190121;237637;237204;132517;165358;80279;114258;62174;88317;1.0;1.1922;0.9982;1.2478;1.4233;1.4205;674082;797258;1471340;1.1827;529629;592683;1.1191;HR;1.0554;1.2633;1.0536;1.2871;1.4169;1.0989;1.0795;1.1707;0.0237;0.025;1.1135;1.4066;1.0711;1.1286;0.4963;0.6388;0.3016;0.4273;0.098;0.1077;0.4168;0.45;0.4341;0.8379;0.9809
HTI;2000;2008;146346;96863;100366;78358;34525;26834;11930;8852;11542;7726;1.004;0.6619;0.7807;0.7772;0.742;0.6694;306709;220641;527350;0.7194;281237;202055;0.7185;HT;1.0159;0.6644;0.7759;0.7652;0.7148;0.5564;0.6952;0.7143;0.0042;0.0043;0.1893;0.1257;0.1032;0.0801;0.0471;0.036;0.0238;0.017;0.0212;0.0118;0.0767;0.0533;0.0648;0.1135;0.081
HUN;2000;2000;350358;389854;441558;451463;227355;271700;168558;238754;102592;172088;1.0;1.1127;1.0224;1.195;1.4165;1.6774;1292421;1525859;2818280;1.1806;1019271;1113017;1.092;HU;1.0537;1.1767;1.0931;1.2403;1.4291;1.1942;1.0658;1.1507;0.0097;0.0102;0.9755;1.148;0.6963;0.7611;0.3325;0.4124;0.2166;0.3095;0.0782;0.0933;0.3252;0.3466;0.3364;0.6078;0.6993
IDN;2695;2859;11787320;15204908;17654166;18550000;7166667;7737500;2878279;3278388;1774171;1808012;1.0609;1.2899;1.0507;1.0797;1.139;1.0191;41263298;46581667;87844965;1.1289;36608153;41492408;1.1334;ID;1.1172;1.3565;1.1008;1.1161;1.1397;0.8775;1.1246;1.183;0.0003;0.0003;0.7446;1.0101;0.8044;0.8856;0.3407;0.3803;0.1621;0.1847;0.0852;0.0747;0.3855;0.4336;0.4096;0.6225;0.7364
IRL;2000;2000;264979;320233;337183;373250;231054;338257;150155;239652;115663;209999;1.0;1.2085;1.107;1.464;1.596;1.8156;1101034;1483391;2584425;1.3473;833216;1031740;1.2383;IE;1.0506;1.2497;1.115;1.3658;1.5684;1.6744;1.3024;1.216;0.0139;0.0146;1.1256;1.4068;1.0846;1.2093;0.618;0.844;0.4173;0.6545;0.1746;0.2924;0.5277;0.6872;0.6088;0.9055;1.1011
ISR;2000;2000;521575;593038;709136;719359;384077;474614;243414;345527;240443;365224;1.0;1.137;1.0144;1.2357;1.4195;1.519;2100645;2499762;4600407;1.19;1614788;1787011;1.1067;IL;1.0501;1.1871;1.0436;1.2289;1.3892;1.3017;1.1532;1.1304;0.0066;0.0069;1.0516;1.2484;1.1423;1.1922;0.6834;0.8399;0.4964;0.6897;0.2755;0.3586;0.6279;0.7241;0.6768;0.9619;1.0873
IMN;2000;2000;3554;3833;3865;4335;2826;3773;2161;2965;3000;3509;1.0;1.0785;1.1216;1.3351;1.372;1.1697;17406;20415;37821;1.1729;10245;11941;1.1655;IM;1.1212;1.1955;1.112;1.2678;1.3383;1.0925;1.141;1.1669;1.0341;1.1594;1.0979;1.3127;0.8549;0.9507;0.5708;0.7236;0.3605;0.4824;0.1968;0.215;0.4851;0.5535;0.5198;0.8061;0.9407
IND;70983;24367;118483399;50745833;108626993;43126087;38762500;15483333;12354166;6350000;7912500;4207100;0.3433;0.4283;0.397;0.3994;0.514;0.5317;286210541;119936720;406147261;0.4191;265872892;109355253;0.4113;IN;0.3777;0.4723;0.4336;0.4306;0.5374;0.5107;0.4437;0.4485;0.0013;0.0005;1.2445;0.5878;0.8651;0.3751;0.3647;0.157;0.1548;0.0832;0.0768;0.0392;0.5082;0.2255;0.3708;0.8129;0.3646
IOT;2000;2000;2000;2000;2000;2000;2000;2000;2000;2000;3000;3000;1.0;1.0;1.0;1.0;1.0;1.0;13000;13000;26000;1.0;6000;6000;1.0;IO;;;;;;;;;;;;;;;;;;;;;;;;;
IRQ;2575;5133;3943022;2972510;4410145;2665178;1755056;927893;731143;430366;412944;281495;1.9934;0.7539;0.6043;0.5287;0.5886;0.6817;11254885;7282575;18537460;0.6471;10108223;6565581;0.6495;IQ;2.0906;0.786;0.619;0.5254;0.5631;0.5292;0.6359;0.6636;0.0013;0.0027;1.3038;1.0248;1.2579;0.7787;0.7063;0.3711;0.4073;0.2293;0.2627;0.139;0.7849;0.4991;0.6407;1.1212;0.7441
ISL;2000;2000;18811;20796;27737;29079;19524;22208;13596;17779;15009;26166;1.0;1.1055;1.0484;1.1375;1.3077;1.7434;96677;118028;214705;1.2208;66072;72083;1.091;IS;1.0555;1.1301;1.1773;1.2865;1.4034;1.6765;1.2794;1.2017;0.2012;0.2124;1.0563;1.1938;0.8332;0.981;0.6861;0.8826;0.5681;0.7972;0.3003;0.5035;0.5916;0.757;0.6724;0.8305;0.998
ITA;2000;2000;2850089;3169821;3589855;3316667;2399884;2750000;2269950;2754710;2557558;3229363;1.0;1.1122;0.9239;1.1459;1.2136;1.2627;13669336;15222561;28891897;1.1136;8839828;9236488;1.0449;IT;1.0606;1.2037;0.9786;1.1588;1.1946;1.0665;1.0489;1.0917;0.0017;0.0018;1.3117;1.5789;1.0788;1.0557;0.6628;0.7681;0.4906;0.5861;0.2392;0.2552;0.5335;0.5596;0.5469;0.9692;1.0581
JEY;2000;2000;3538;4054;5061;5563;3957;5296;3000;4261;3292;5087;1.0;1.1458;1.0992;1.3384;1.4203;1.5453;20848;26261;47109;1.2596;12556;14913;1.1877;JE;0.9824;1.2028;1.126;1.3309;1.4207;1.3887;1.2156;1.208;0.9407;0.9242;0.8966;1.0785;0.8027;0.9038;0.5368;0.7144;0.3855;0.5476;0.2004;0.2783;0.4742;0.5765;0.5263;0.7125;0.8607
JAM;2000;2000;145592;164817;174287;198404;78892;100650;36979;48841;30004;39191;1.0;1.132;1.1384;1.2758;1.3208;1.3062;467754;553903;1021657;1.1842;398771;463871;1.1633;JM;1.0349;1.1708;1.1747;1.306;1.2584;1.0593;1.1456;1.1978;0.0219;0.0227;0.8513;0.9967;0.6541;0.7684;0.3528;0.4607;0.2173;0.2734;0.1335;0.1414;0.4076;0.467;0.4378;0.6032;0.7225
JOR;2000;2000;744375;720487;709386;633348;307343;320210;153881;178695;108327;129439;1.0;0.9679;0.8928;1.0419;1.1613;1.1949;2025312;1984179;4009491;0.9797;1761104;1674045;0.9506;JO;1.0021;0.989;1.0051;1.1657;1.3168;1.2417;1.0573;1.0382;0.0044;0.0044;1.0534;1.0418;0.7001;0.7037;0.3948;0.4602;0.2586;0.3405;0.1788;0.222;0.4872;0.5151;0.5006;0.7049;0.7318
JPN;2092;2288;5196783;7300158;5004167;7095834;3804167;5766666;3854166;5079167;3233516;3816190;1.0937;1.4047;1.418;1.5159;1.3178;1.1802;21094891;29060303;50155194;1.3776;14005117;20162658;1.4397;JP;1.1587;1.4788;1.4759;1.5535;1.3437;1.0017;1.2977;1.4928;0.0009;0.0011;1.205;1.782;0.8013;1.1825;0.5109;0.7936;0.4021;0.5403;0.1347;0.1349;0.3914;0.5078;0.4513;0.7779;1.1612
KEN;2812;2000;863821;646279;599058;556959;193441;184800;63416;55225;86462;106859;0.7112;0.7482;0.9297;0.9553;0.8708;1.2359;1809010;1552122;3361132;0.858;1656320;1388038;0.838;KE;0.7124;0.7264;0.8964;0.9873;0.8814;1.0641;0.8375;0.8256;0.0011;0.0008;0.2276;0.1653;0.1441;0.1292;0.0614;0.0607;0.0318;0.0281;0.0478;0.0509;0.1033;0.0865;0.0948;0.1492;0.1232
KGZ;2000;2000;508967;539367;443978;447719;253411;287343;114576;161270;88312;158659;1.0;1.0597;1.0084;1.1339;1.4075;1.7966;1411244;1596358;3007602;1.1312;1206356;1274429;1.0564;KG;1.0647;1.0445;0.9933;1.1046;1.3327;1.4221;1.069;1.037;0.008;0.0085;1.3869;1.4486;0.8044;0.7991;0.5732;0.6332;0.3452;0.4601;0.2149;0.3056;0.5995;0.6408;0.6207;0.8864;0.9192
KHM;2000;2000;299563;427333;334487;372217;107354;96184;22404;16458;14150;11633;1.0;1.4265;1.1128;0.896;0.7346;0.8221;779958;925825;1705783;1.187;741404;895734;1.2082;KH;1.0424;1.4255;1.0745;0.8699;0.6815;0.6063;1.1018;1.1798;0.003;0.0031;0.3038;0.4331;0.2438;0.262;0.0871;0.0758;0.0305;0.0208;0.0146;0.0088;0.1306;0.1439;0.1375;0.2065;0.2436
KIR;2000;2000;2000;2000;2000;2000;2000;2000;2000;2000;3000;3000;1.0;1.0;1.0;1.0;1.0;1.0;13000;13000;26000;1.0;6000;6000;1.0;KI;0.9704;1.0107;0.9322;0.8998;0.8532;0.7334;0.8993;0.9445;0.4068;0.3947;0.2532;0.256;0.1914;0.1784;0.2617;0.2355;0.4073;0.3475;0.506;0.3711;0.3114;0.28;0.2949;0.2309;0.218
COM;2000;2000;9842;4891;5903;3187;2508;2000;2000;2000;3000;3000;1.0;0.497;0.5399;0.7974;1.0;1.0;25253;17078;42331;0.6763;18253;10078;0.5521;KM;1.0531;0.513;0.5095;0.8143;1.076;0.9278;0.6779;0.55;0.0552;0.0581;0.1763;0.0904;0.103;0.0525;0.0504;0.041;0.0572;0.0616;0.0782;0.0726;0.0927;0.0628;0.0778;0.112;0.0616
KNA;2000;2000;3654;4142;4625;5245;2517;2979;2000;2000;3000;3000;1.0;1.1336;1.1341;1.1836;1.0;1.0;17796;19366;37162;1.0882;10796;12366;1.1454;KN;0.9091;1.0558;1.0575;1.0338;0.9579;0.8753;0.9874;1.0415;1.6529;1.5026;1.6422;1.7338;1.3124;1.3879;0.7325;0.7572;0.6547;0.6272;0.6031;0.5279;0.9659;0.9538;0.9595;1.1754;1.2241
KOR;2000;2021;2659175;3519567;3404167;3970833;2046708;2675083;1048213;1364446;582288;683599;1.0105;1.3236;1.1665;1.307;1.3017;1.174;9742551;12215549;21958100;1.2538;8110050;10165483;1.2534;KR;1.0772;1.4371;1.3251;1.3949;1.3325;1.0174;1.241;1.3749;0.0021;0.0023;1.2733;1.8298;0.904;1.1978;0.5299;0.7391;0.2438;0.3248;0.0715;0.0728;0.4219;0.5236;0.473;0.8346;1.1476
KWT;2000;2000;262463;215458;670779;382508;443958;269475;186671;117033;99412;71133;1.0;0.8209;0.5702;0.607;0.6269;0.7155;1665283;1057607;2722890;0.6351;1377200;867441;0.6299;KW;1.0581;0.9209;1.1117;1.1802;1.1782;1.1071;1.0971;1.1352;0.0171;0.0181;1.4932;1.3752;1.0426;1.1592;0.5604;0.6613;0.3799;0.4476;0.3523;0.3901;0.6657;0.7302;0.6893;0.8547;0.9702
CYM;2000;2000;3850;4192;8492;8396;6159;6854;3296;4066;3000;3179;1.0;1.0888;0.9887;1.1128;1.2336;1.0597;26797;28687;55484;1.0705;18501;19442;1.0509;KY;1.029;1.1048;1.0002;1.1446;1.2893;1.0026;1.078;1.0717;1.3106;1.3486;1.5045;1.6622;1.4203;1.4206;0.872;0.9981;0.5105;0.6581;0.4182;0.4193;0.8712;0.9393;0.9052;1.1859;1.2708
KAZ;2000;2000;1330408;1712997;1442519;1737726;984982;1357707;483104;864781;411562;945256;1.0;1.2876;1.2046;1.3784;1.7901;2.2968;4654575;6620467;11275042;1.4224;3757909;4808430;1.2795;KZ;1.0476;1.3401;1.236;1.3688;1.6237;1.599;1.3001;1.301;0.0031;0.0032;1.5239;2.0421;0.9634;1.1908;0.6999;0.958;0.4553;0.7393;0.2815;0.45;0.6691;0.8698;0.774;0.9948;1.2942
LAO;2000;2000;101042;146367;81587;104300;36512;39417;12825;10279;7521;6650;1.0;1.4486;1.2784;1.0796;0.8015;0.8842;241487;309013;550500;1.2796;219141;290084;1.3237;LA;1.0303;1.4882;1.2958;1.1071;0.7973;0.789;1.2777;1.352;0.0066;0.0068;0.1983;0.2951;0.1232;0.1596;0.0714;0.079;0.0375;0.0299;0.0197;0.0155;0.0891;0.1139;0.1015;0.1302;0.176
LBN;2000;2000;407024;389883;407475;379653;207688;223967;111908;140717;105962;136559;1.0;0.9579;0.9317;1.0784;1.2574;1.2888;1242057;1272779;2514836;1.0247;1022187;993503;0.9719;LB;1.0769;1.0548;0.8076;0.9537;1.0881;1.0719;0.9345;0.9144;0.0091;0.0098;1.1586;1.2221;1.1582;0.9354;0.6276;0.5985;0.3747;0.4077;0.2087;0.2237;0.6032;0.5638;0.5826;0.9885;0.9039
LCA;2000;2000;7995;9442;11583;13450;6033;7880;2554;3442;3000;3000;1.0;1.181;1.1612;1.3061;1.3477;1.0;33165;39214;72379;1.1824;25611;30772;1.2015;LC;1.0543;1.2193;1.1988;1.2944;1.3;0.8501;1.1444;1.2229;0.3948;0.4162;0.8022;0.9781;0.7217;0.8652;0.4433;0.5739;0.2138;0.278;0.179;0.1521;0.4519;0.5171;0.485;0.6464;0.7905
LIE;2000;2000;2025;2058;2000;2000;2000;2000;2000;2000;3000;3000;1.0;1.0163;1.0;1.0;1.0;1.0;13025;13058;26083;1.0025;6025;6058;1.0055;LI;1.0824;1.0219;1.0501;0.9697;0.9935;0.9108;0.9701;1.0131;2.4938;2.6991;1.3879;1.4183;0.8084;0.8489;0.799;0.7749;0.6868;0.6824;0.4512;0.411;0.7753;0.7522;0.7636;0.9361;0.9483
LKA;2000;2342;507686;322454;397417;270900;145275;92966;59975;46663;34217;30197;1.171;0.6351;0.6817;0.6399;0.778;0.8825;1146570;765522;1912092;0.6677;1050378;686320;0.6534;LK;1.1965;0.6515;0.6655;0.5956;0.7221;0.6916;0.6095;0.6353;0.0027;0.0033;0.4205;0.2739;0.2496;0.1661;0.0936;0.0557;0.045;0.0325;0.0154;0.0106;0.1327;0.0809;0.1056;0.2414;0.1533
LBR;2000;2000;18630;15729;23808;21450;14533;10079;5346;2984;4854;4717;1.0;0.8443;0.901;0.6935;0.5582;0.9718;69171;56959;126130;0.8235;56971;47258;0.8295;LR;1.0218;0.8567;0.898;0.6803;0.5245;0.8478;0.8059;0.8283;0.0077;0.0078;0.0505;0.0432;0.0637;0.0572;0.051;0.0347;0.0287;0.0151;0.0246;0.0209;0.0414;0.0333;0.0373;0.0554;0.0459
LSO;2000;2000;7350;11596;5825;8805;2617;3425;2000;2000;3000;4000;1.0;1.5777;1.5116;1.3088;1.0;1.3333;22792;31826;54618;1.3964;15792;23826;1.5087;LS;1.0029;1.5655;1.4646;1.2224;0.9225;0.8554;1.2848;1.4564;0.0206;0.0207;0.0478;0.0748;0.029;0.0424;0.018;0.022;0.0294;0.0271;0.0411;0.0351;0.0309;0.0396;0.0354;0.0315;0.046
LTU;2000;2000;95233;124021;153625;175875;85696;132808;38245;77542;24803;65251;1.0;1.3023;1.1448;1.5498;2.0275;2.6308;399602;577497;977099;1.4452;334554;432704;1.2934;LT;1.0369;1.3657;1.2767;1.7326;1.9684;1.6727;1.2532;1.4244;0.0362;0.0375;0.8725;1.1915;0.7484;0.9555;0.4369;0.7569;0.2013;0.3962;0.0654;0.1095;0.3521;0.4413;0.3999;0.6552;0.9333
LUX;2000;2000;27716;28250;42638;42683;30070;35461;20266;24544;16322;19736;1.0;1.0193;1.0011;1.1793;1.2111;1.2092;139012;152674;291686;1.0983;100424;106394;1.0594;LU;1.0654;1.0916;1.0509;1.1987;1.2698;1.1294;1.1063;1.1025;0.1407;0.1499;1.0187;1.1119;0.7999;0.8406;0.5834;0.6992;0.4194;0.5325;0.1854;0.2094;0.4919;0.5442;0.5179;0.7605;0.8384
LVA;2000;2000;82424;91346;98406;105583;65018;96514;29031;58861;20522;57684;1.0;1.1082;1.0729;1.4844;2.0275;2.8108;297401;411988;709389;1.3853;245848;293443;1.1936;LV;1.0445;1.171;1.1539;1.5283;1.8922;1.7322;1.1508;1.2552;0.0472;0.0493;1.3031;1.526;0.8571;0.989;0.4882;0.7461;0.2339;0.4426;0.0814;0.141;0.4075;0.4689;0.441;0.7899;0.9915
LBY;2000;2000;502722;399717;430854;279838;166570;132179;64796;61812;38715;27566;1.0;0.7951;0.6495;0.7935;0.9539;0.712;1205657;903112;2108769;0.7491;1100146;811734;0.7378;LY;1.0645;0.835;0.682;0.8366;0.9822;0.6575;0.7696;0.7759;0.0071;0.0076;1.1653;0.9731;0.7923;0.5404;0.2945;0.2463;0.1356;0.1332;0.0936;0.0616;0.4444;0.342;0.3939;0.714;0.554
MAR;2600;2188;2543135;2326825;2457075;2022901;1112838;830875;418225;357800;349853;296992;0.8415;0.9149;0.8233;0.7466;0.8555;0.8489;6883726;5837581;12721307;0.848;6113048;5180601;0.8475;MA;0.8815;0.9619;0.8589;0.7549;0.8519;0.7967;0.8546;0.8763;0.002;0.0017;1.2051;1.1593;0.8301;0.713;0.411;0.3103;0.1961;0.1671;0.1164;0.0928;0.4839;0.4136;0.4489;0.786;0.6887
MCO;2000;2000;2000;2000;2000;2000;2000;2000;2000;2000;3000;3000;1.0;1.0;1.0;1.0;1.0;1.0;13000;13000;26000;1.0;6000;6000;1.0;MC;1.0692;1.0452;1.0396;0.9249;0.8994;0.9317;0.9505;0.9979;3.1546;3.3727;1.5723;1.6434;1.105;1.1488;1.2114;1.1204;1.1074;0.996;0.3137;0.2923;0.7768;0.7383;0.7571;1.2677;1.265
MDA;2000;2000;138254;171933;125925;157917;80823;139716;37741;80045;29613;76267;1.0;1.2436;1.2541;1.7287;2.1209;2.5755;414356;627878;1042234;1.5153;345002;469566;1.3611;MD;0.9717;1.2252;1.2022;1.6264;1.7949;1.6235;1.2317;1.3014;0.027;0.0262;1.297;1.5891;0.6295;0.7568;0.3586;0.5832;0.2164;0.3885;0.0868;0.1409;0.3694;0.455;0.4166;0.6485;0.8439
MNE;2000;2000;42225;46508;63000;61446;42671;46650;24588;28313;19841;24759;1.0;1.1014;0.9753;1.0932;1.1515;1.2479;194325;209676;404001;1.079;147896;154604;1.0454;ME;1.0544;1.1327;0.9972;1.073;1.0444;0.9549;0.9702;1.053;0.126;0.1328;1.5425;1.7471;1.6273;1.6228;0.985;1.057;0.6347;0.663;0.2412;0.2303;0.789;0.7655;0.7766;1.3517;1.4234
MAF;2000;2000;2000;2000;2000;2000;2000;2000;2000;2000;3000;3000;1.0;1.0;1.0;1.0;1.0;1.0;13000;13000;26000;1.0;6000;6000;1.0;MF;1.0406;0.9941;0.816;0.7911;0.8269;0.8302;0.8522;0.8514;2.2962;2.3895;1.6736;1.6639;1.4545;1.1869;1.3615;1.077;1.2026;0.9945;0.7665;0.6363;1.2396;1.0563;1.1407;1.4855;1.2648
MDG;4042;2000;49084;64095;35817;37538;10071;9883;4292;4279;5525;5562;0.4948;1.3058;1.048;0.9813;0.997;1.0067;108831;123357;232188;1.1335;94972;111516;1.1742;MG;0.504;1.3243;1.0566;0.9801;0.9791;0.9199;1.1271;1.1833;0.0029;0.0015;0.0229;0.0304;0.0155;0.0164;0.0064;0.0063;0.0039;0.0039;0.0049;0.0045;0.0113;0.0128;0.012;0.0158;0.0187
MHL;2000;2000;2000;2000;2000;2000;2000;2000;2000;2000;3000;3000;1.0;1.0;1.0;1.0;1.0;1.0;13000;13000;26000;1.0;6000;6000;1.0;MH;1.111;1.114;0.9891;0.9916;1.0468;1.0348;1.0456;1.0312;0.9556;1.0616;0.7579;0.8442;0.9208;0.9107;0.7755;0.7689;0.9823;1.0283;1.3793;1.4272;0.9493;0.9926;0.9705;0.8119;0.8373
MKD;2000;2000;93904;96709;138783;125180;89350;88975;54867;59225;38342;46646;1.0;1.0299;0.902;0.9958;1.0794;1.2166;417246;418735;835981;1.0036;322037;310864;0.9653;MK;1.0267;1.0487;0.923;0.9852;1.0274;1.0021;0.9319;0.9735;0.0479;0.0492;1.2458;1.3064;1.1531;1.0643;0.7017;0.6913;0.4495;0.4618;0.15;0.1503;0.562;0.5237;0.5421;0.9968;0.9704
MLI;2000;2000;79775;28733;71183;21071;22496;6021;6009;2000;5358;3079;1.0;0.3602;0.296;0.2676;0.3328;0.5747;186821;62904;249725;0.3367;173454;55825;0.3218;ML;1.0255;0.3704;0.3047;0.2767;0.3405;0.5217;0.3421;0.3315;0.0018;0.0018;0.0514;0.019;0.0466;0.0142;0.0203;0.0056;0.009;0.0031;0.0088;0.0046;0.0283;0.0097;0.0191;0.0414;0.0137
MMR;2000;2096;166397;229658;146854;178937;52100;54642;17354;17573;11654;9521;1.048;1.3802;1.2185;1.0488;1.0126;0.817;396359;492427;888786;1.2424;365351;463237;1.2679;MM;1.0969;1.4341;1.2485;1.0569;0.9864;0.6787;1.2103;1.2966;0.0011;0.0012;0.0518;0.0742;0.0337;0.0421;0.013;0.0137;0.0054;0.0053;0.003;0.002;0.0193;0.0234;0.0214;0.0315;0.0409
MNG;2000;2000;185043;252629;163930;216250;76532;122200;20420;42110;11672;21777;1.0;1.3652;1.3192;1.5967;2.0622;1.8657;459597;656966;1116563;1.4294;425505;591079;1.3891;MN;1.0715;1.4522;1.3843;1.6336;1.9595;1.3931;1.3855;1.4483;0.018;0.0192;1.1778;1.7104;0.6112;0.8461;0.3026;0.4943;0.1105;0.2166;0.0637;0.0887;0.397;0.55;0.4747;0.6273;0.9086
MAC;2000;2000;19980;30423;41130;50612;27313;33350;8237;9922;5438;6837;1.0;1.5227;1.2305;1.221;1.2046;1.2573;104098;133144;237242;1.279;88423;114385;1.2936;MO;0.9856;1.2445;1.0796;0.9914;0.9087;1.0631;1.0638;1.086;0.1764;0.1739;0.829;1.0317;0.7006;0.7564;0.4939;0.4897;0.1899;0.1726;0.0632;0.0672;0.3733;0.3972;0.3864;0.6402;0.6953
MNP;2000;2000;2912;3904;2415;2935;2000;2000;2000;2000;3000;3000;1.0;1.3407;1.2153;1.0;1.0;1.0;14327;15839;30166;1.1055;7327;8839;1.2064;MP;1.0949;1.5073;1.3681;1.1251;1.0979;1.1143;1.2309;1.3573;1.1799;1.292;1.3076;1.9707;0.9239;1.264;0.6658;0.7491;0.5068;0.5565;0.5448;0.607;0.7543;0.9286;0.8368;0.934;1.2676
MTQ;2000;2000;15021;16254;18771;21396;12821;18073;9020;13514;11968;16318;1.0;1.0821;1.1398;1.4096;1.4982;1.3635;69601;87555;157156;1.258;46613;55723;1.1954;MQ;1.053;1.0987;0.8933;0.9994;1.1372;1.0918;1.0173;0.9666;0.235;0.2475;1.2323;1.3539;1.346;1.2024;0.8845;0.8839;0.4421;0.5028;0.1866;0.2037;0.5206;0.5296;0.5256;1.1472;1.109
MRT;2000;2000;49992;26517;36900;18775;12620;5812;3950;2000;3442;3000;1.0;0.5304;0.5088;0.4605;0.5063;0.8716;108904;58104;167008;0.5335;99512;51104;0.5135;MR;1.0024;0.5078;0.4635;0.4031;0.4392;0.7616;0.4901;0.4711;0.0089;0.0089;0.1606;0.0815;0.1136;0.0527;0.057;0.023;0.0264;0.0116;0.0202;0.0154;0.0777;0.0381;0.057;0.1161;0.0547
MSR;2000;2000;2000;2000;2000;2000;2000;2000;2000;2000;3000;3000;1.0;1.0;1.0;1.0;1.0;1.0;13000;13000;26000;1.0;6000;6000;1.0;MS;1.16;1.04;0.9752;0.8997;1.0;1.0798;1.0222;0.9568;17.2414;20.0;12.8205;13.3333;7.2464;7.0671;7.1942;6.4725;6.8027;6.8027;3.8911;4.2017;6.8747;7.027;6.95;8.4507;8.0863
MLT;2000;2000;24758;24492;55142;42417;31563;29379;15196;17833;12067;16267;1.0;0.9893;0.7692;0.9308;1.1735;1.3481;140726;132388;273114;0.9408;111463;96288;0.8639;MT;1.0919;1.1158;0.9393;1.1204;1.3376;1.2423;1.0161;1.0349;0.2162;0.236;1.3036;1.4546;1.1028;1.036;0.6566;0.7357;0.4203;0.5621;0.1535;0.1907;0.5838;0.5931;0.5883;0.9522;0.9854
MUS;2000;2000;63808;66159;71546;66347;31767;32883;15083;16838;12575;13171;1.0;1.0368;0.9273;1.0351;1.1164;1.0474;196779;197398;394177;1.0031;167121;165389;0.9896;MU;0.9797;1.0732;1.026;1.1195;1.1364;0.9389;1.0092;1.0681;0.0586;0.0574;0.9481;1.0175;0.6571;0.6742;0.3185;0.3566;0.1764;0.2005;0.0817;0.0767;0.3581;0.3614;0.3598;0.6057;0.647
MDV;2000;2000;38186;31821;69066;43592;37029;28029;11200;8846;5279;4133;1.0;0.8333;0.6312;0.7569;0.7898;0.7829;162760;118421;281181;0.7276;144281;103442;0.7169;MV;1.1461;1.3367;1.4989;1.5619;1.2121;0.9053;1.3053;1.5083;0.1446;0.1657;1.2678;1.6946;0.7269;1.0895;0.5053;0.7892;0.3441;0.4172;0.1832;0.1659;0.5949;0.7766;0.6599;0.7272;1.0969
MWI;2000;2000;40371;27366;33504;20114;10712;6021;3962;2338;7400;6675;1.0;0.6779;0.6003;0.5621;0.5901;0.902;97949;64514;162463;0.6586;84587;53501;0.6325;MW;0.9842;0.6646;0.5535;0.5004;0.5725;0.6567;0.6079;0.5905;0.002;0.0019;0.0278;0.0185;0.0225;0.0124;0.0103;0.0051;0.0069;0.004;0.0145;0.0095;0.0161;0.0098;0.0128;0.0212;0.0125
MEX;3742;3792;8183333;9354167;8158334;8648732;3791666;4512500;1832566;2456605;1216359;1690979;1.0134;1.1431;1.0601;1.1901;1.3405;1.3902;23186000;26666775;49852775;1.1501;20133333;22515399;1.1183;MX;1.0456;1.1613;1.0227;1.0482;1.1418;1.1549;1.0525;1.0627;0.0008;0.0009;1.0496;1.2189;0.7999;0.818;0.4564;0.4784;0.2667;0.3045;0.127;0.1467;0.4903;0.5161;0.5038;0.7654;0.8134
MYS;2038;2046;2078909;2546275;2687500;2791667;1233392;1579219;533983;793088;379975;528604;1.0039;1.2248;1.0388;1.2804;1.4852;1.3912;6915797;8240899;15156696;1.1916;5999801;6917161;1.1529;MY;1.0866;1.381;1.2519;1.5009;1.6128;1.3581;1.3252;1.3519;0.0018;0.0019;0.9151;1.2637;0.7857;0.9835;0.4081;0.6125;0.2678;0.4319;0.1426;0.1936;0.4763;0.6312;0.5496;0.6885;0.9307
MOZ;2000;2000;140167;132125;115075;103325;44748;41680;14075;13504;15872;13746;1.0;0.9426;0.8979;0.9314;0.9594;0.8661;331937;306380;638317;0.923;299990;277130;0.9238;MZ;0.9992;0.9279;0.8496;0.8033;0.8102;0.5032;0.8247;0.8667;0.0013;0.0013;0.0632;0.0586;0.0505;0.0429;0.0318;0.0255;0.0163;0.0132;0.0219;0.011;0.0369;0.0304;0.0335;0.0508;0.044
NAM;2000;2000;86974;84304;73850;84529;28870;34300;9884;12745;13725;17900;1.0;0.9693;1.1446;1.1881;1.2895;1.3042;215303;235778;451081;1.0951;189694;203133;1.0708;NA;1.0072;0.9838;1.1014;1.1374;1.2261;0.9065;1.0243;1.0458;0.0176;0.0177;0.4721;0.4644;0.3117;0.3433;0.173;0.1968;0.0892;0.1094;0.1363;0.1236;0.2357;0.2414;0.2387;0.3226;0.3374
NCL;2000;2000;9242;10546;9300;11092;5729;7354;3433;4550;3254;3804;1.0;1.1411;1.1927;1.2836;1.3254;1.169;32958;39346;72304;1.1938;24271;28992;1.1945;NC;1.0148;1.1394;1.1684;1.2371;1.2544;1.0697;1.1438;1.1689;0.2331;0.2366;0.6319;0.72;0.4605;0.538;0.2811;0.3477;0.1793;0.2249;0.1095;0.1171;0.2926;0.3346;0.3141;0.4397;0.5139
NER;2000;2000;25254;10592;23873;8488;8383;2542;2837;2000;3179;3000;1.0;0.4194;0.3555;0.3032;0.705;0.9437;65526;28622;94148;0.4368;57510;21622;0.376;NE;1.0364;0.4356;0.3709;0.319;0.7318;0.8865;0.4498;0.3924;0.0016;0.0017;0.0145;0.0063;0.0144;0.0053;0.0076;0.0024;0.0039;0.0029;0.0041;0.0037;0.0091;0.0041;0.0066;0.0128;0.005
NFK;2000;2000;2000;2000;2000;2000;2000;2000;2000;2000;3000;3000;1.0;1.0;1.0;1.0;1.0;1.0;13000;13000;26000;1.0;6000;6000;1.0;NF;;;;;;;;;;;;;;;;;;;;;;;;;
NGA;2083;2000;1634612;1452279;2068805;1814083;937983;606725;363129;202476;403658;314242;0.9602;0.8885;0.8769;0.6468;0.5576;0.7785;5410270;4391805;9802075;0.8118;4641400;3873087;0.8345;NG;0.9965;0.9217;0.9046;0.6618;0.5625;0.7286;0.8265;0.8607;0.0002;0.0002;0.1066;0.0983;0.13;0.1176;0.0803;0.0531;0.0471;0.0265;0.052;0.0379;0.0783;0.0647;0.0716;0.1081;0.0931
NIC;2000;2000;230689;280175;170810;213205;81244;113852;32222;49247;27903;40753;1.0;1.2145;1.2482;1.4014;1.5284;1.4605;544868;699232;1244100;1.2833;482743;607232;1.2579;NI;1.0276;1.2454;1.2453;1.2956;1.4141;1.1405;1.212;1.2355;0.0075;0.0077;0.5237;0.6523;0.2933;0.3653;0.1836;0.2379;0.1016;0.1436;0.0822;0.0937;0.2282;0.2766;0.2531;0.3295;0.407
NLD;2000;2000;824688;931183;1087183;1181765;655133;855829;500892;691996;636004;889141;1.0;1.1291;1.087;1.3063;1.3815;1.398;3705900;4551914;8257814;1.2283;2567004;2968777;1.1565;NL;1.0458;1.1682;1.1154;1.3195;1.3724;1.2821;1.1994;1.1826;0.0049;0.0052;1.0084;1.1781;0.892;0.995;0.5914;0.7804;0.4274;0.5866;0.2179;0.2793;0.4851;0.5818;0.534;0.8164;0.9655
NOR;2000;2000;253519;266726;317963;359386;222492;291504;170163;247489;207771;354975;1.0;1.0521;1.1303;1.3102;1.4544;1.7085;1173908;1522080;2695988;1.2966;793974;917616;1.1557;NO;1.0564;1.1133;1.1829;1.3715;1.5152;1.6094;1.3073;1.2128;0.0148;0.0156;1.0645;1.1852;0.8154;0.9646;0.5974;0.8193;0.4507;0.6829;0.2546;0.4097;0.5039;0.6588;0.581;0.7936;0.9625
NPL;2000;2000;1070650;777333;843758;572509;313767;226125;81083;58012;76426;54763;1.0;0.726;0.6785;0.7207;0.7155;0.7165;2387684;1690742;4078426;0.7081;2228175;1575967;0.7073;NP;1.0207;0.6905;0.5656;0.5798;0.6301;0.6333;0.6262;0.6095;0.0016;0.0017;0.5241;0.3619;0.3781;0.2139;0.1915;0.111;0.0627;0.0395;0.0428;0.0271;0.234;0.1465;0.1876;0.3768;0.2297
NRU;2000;2000;2000;2000;2000;2000;2000;2000;2000;2000;3000;3000;1.0;1.0;1.0;1.0;1.0;1.0;13000;13000;26000;1.0;6000;6000;1.0;NR;1.1469;1.0108;1.1164;1.0324;1.0023;0.7888;1.0256;1.0582;3.7665;4.3197;3.0581;3.0912;2.0243;2.2599;2.4125;2.4907;4.6083;4.6189;7.371;5.814;3.3828;3.4694;3.4256;2.4282;2.5696
NIU;2000;2000;2000;2000;2000;2000;2000;2000;2000;2000;3000;3000;1.0;1.0;1.0;1.0;1.0;1.0;13000;13000;26000;1.0;6000;6000;1.0;NU;0.9384;0.663;1.2195;0.9074;0.7795;0.9667;0.914;0.9184;32.7869;30.7692;32.7869;21.7391;20.0;24.3902;20.4082;18.5185;20.202;15.748;11.4943;11.1111;19.1176;17.4731;18.2584;23.166;21.2766
NZL;2000;2000;299058;349855;352283;381145;204113;261412;112971;174771;112197;202929;1.0;1.1699;1.0819;1.2807;1.547;1.8087;1082622;1372112;2454734;1.2674;855454;992412;1.1601;NZ;1.0555;1.239;1.12;1.2593;1.4875;1.6407;1.2336;1.1856;0.0149;0.0157;1.2832;1.5899;0.9254;1.0364;0.6137;0.7728;0.3563;0.53;0.159;0.2608;0.5146;0.6348;0.5755;0.9039;1.0717
OMN;2088;2000;341753;261012;614554;366338;322650;183458;102926;53921;39875;19804;0.9579;0.7637;0.5961;0.5686;0.5239;0.4967;1423846;886533;2310379;0.6226;1278957;810808;0.634;OM;1.004;1.18;1.3688;1.2752;1.0607;0.6198;1.1886;1.3407;0.0175;0.0176;1.1842;1.3974;0.7466;1.0219;0.4468;0.5697;0.3258;0.3455;0.2156;0.1336;0.5802;0.6896;0.6178;0.6974;0.9349
PAN;2000;2000;316308;323413;386885;386879;245008;265526;146709;172358;130859;174776;1.0;1.0225;1.0;1.0837;1.1748;1.3356;1227769;1324952;2552721;1.0792;948201;975818;1.0291;PA;1.0441;1.062;1.0206;1.0934;1.1606;1.1833;1.0629;1.0514;0.0134;0.014;1.2489;1.3263;1.1399;1.1635;0.8061;0.8815;0.5677;0.6589;0.353;0.4177;0.733;0.7791;0.7562;1.0576;1.1119
PER;2042;2179;1710516;1852333;1817557;1841346;863425;945925;435559;532908;342231;441459;1.0671;1.0829;1.0131;1.0955;1.2235;1.2899;5171330;5616150;10787480;1.086;4391498;4639604;1.0565;PE;1.0989;1.0912;0.9813;1.0772;1.2356;1.1821;1.0605;1.0399;0.0017;0.0019;0.8718;0.9513;0.6753;0.6627;0.368;0.3964;0.2265;0.2799;0.1254;0.1482;0.4031;0.4275;0.4154;0.6274;0.6523
PYF;2000;2000;8074;10134;8787;11275;6096;8027;3450;4225;3112;3371;1.0;1.2551;1.2831;1.3168;1.2246;1.0832;31519;39032;70551;1.2384;22957;29436;1.2822;PF;1.0478;1.3089;1.2955;1.2975;1.2648;1.089;1.2567;1.2935;0.223;0.2336;0.5419;0.7093;0.4406;0.5708;0.2881;0.3737;0.1762;0.2229;0.1011;0.1101;0.2733;0.3435;0.3081;0.4099;0.5302
PNG;2000;2000;25796;24767;17679;13892;7513;5364;3750;2358;3000;3000;1.0;0.9601;0.7858;0.714;0.6288;1.0;59738;51381;111119;0.8601;50988;44023;0.8634;PG;1.1068;1.0581;0.8287;0.699;0.6292;1.0995;0.9061;0.9028;0.0045;0.005;0.0363;0.0384;0.0205;0.017;0.0117;0.0082;0.0081;0.0051;0.0063;0.0069;0.0166;0.015;0.0158;0.023;0.0208
PHL;3888;4766;4426354;6720834;3493297;4800000;1061259;1614334;383991;670574;280792;505480;1.2258;1.5184;1.3741;1.5211;1.7463;1.8002;9649581;14315988;23965569;1.4836;8980910;13135168;1.4626;PH;1.2592;1.5395;1.4024;1.5493;1.7304;1.4815;1.4535;1.4888;0.0008;0.0011;0.5827;0.897;0.3593;0.5038;0.1411;0.2186;0.0686;0.1188;0.0443;0.0656;0.2333;0.339;0.2867;0.3615;0.5382
PAK;4962;2029;5495834;3013604;4402717;2200239;1457608;722416;481450;283938;285662;191271;0.4089;0.5483;0.4997;0.4956;0.5898;0.6696;12128233;6413497;18541730;0.5288;11356159;5936259;0.5227;PK;0.4323;0.5805;0.53;0.511;0.5962;0.6207;0.544;0.5497;0.0005;0.0002;0.3243;0.1883;0.2298;0.1218;0.1064;0.0544;0.0526;0.0313;0.0256;0.0159;0.1495;0.0813;0.1159;0.228;0.1254
POL;2000;2000;1614513;2072671;1665608;2013313;919163;1474967;447858;812934;243380;475700;1.0;1.2838;1.2088;1.6047;1.8152;1.9546;4892522;6851585;11744107;1.4004;4199284;5560951;1.3243;PL;1.0514;1.3423;1.2622;1.6542;1.8227;1.4877;1.2921;1.375;0.0024;0.0025;1.2017;1.613;0.6403;0.8082;0.2806;0.4641;0.168;0.3062;0.0461;0.0685;0.3058;0.3952;0.3523;0.5816;0.7997
SPM;2000;2000;2000;2000;2000;2000;2000;2000;2000;2000;3000;3000;1.0;1.0;1.0;1.0;1.0;1.0;13000;13000;26000;1.0;6000;6000;1.0;PM;1.0254;1.2418;0.9846;1.0055;0.9714;0.9161;0.9737;1.0452;12.4224;12.7389;10.5263;13.0719;7.7821;7.6628;5.5096;5.5402;4.2017;4.0816;3.0211;2.7675;5.3279;5.1875;5.2568;7.4074;7.7419
PCN;2000;2000;2000;2000;2000;2000;2000;2000;2000;2000;3000;3000;1.0;1.0;1.0;1.0;1.0;1.0;13000;13000;26000;1.0;6000;6000;1.0;PN;;;;;;;;;;;;;;;;;;;;;;;;;
PRI;2000;2000;135025;164605;207304;232075;147337;180009;110366;149433;117287;197050;1.0;1.2191;1.1195;1.2218;1.354;1.6801;719319;925172;1644491;1.2862;489666;576689;1.1777;PR;1.0562;1.2541;1.0533;1.0877;1.215;1.3263;1.1226;1.1126;0.0265;0.028;0.9217;1.1558;1.1145;1.174;0.806;0.8767;0.5399;0.656;0.2143;0.2842;0.5358;0.6015;0.5709;0.9503;1.0573
PSE;2000;2000;287204;336159;298641;324121;108379;139271;47933;65216;31717;40562;1.0;1.1705;1.0853;1.285;1.3606;1.2789;775874;907329;1683203;1.1694;694224;799551;1.1517;PS;0.992;1.1435;1.0752;1.2426;1.2554;1.1361;1.1256;1.1285;0.0088;0.0087;0.8412;0.9618;0.6911;0.7431;0.3779;0.4696;0.2687;0.3374;0.1499;0.1703;0.4626;0.5207;0.4922;0.6547;0.7388
PRT;2000;2000;574513;680283;849712;815816;560900;656517;459929;605454;379007;586941;1.0;1.1841;0.9601;1.1705;1.3164;1.5486;2826061;3347011;6173072;1.1843;1985125;2152616;1.0844;PT;1.0438;1.2402;0.9797;1.1073;1.2086;1.229;1.0568;1.0791;0.0095;0.0099;1.447;1.7945;1.5128;1.4821;0.8624;0.9549;0.6079;0.7347;0.2162;0.2656;0.6527;0.6898;0.6723;1.2337;1.3312
PLW;2000;2000;2000;2000;2000;2000;2000;2000;2000;2000;3000;3000;1.0;1.0;1.0;1.0;1.0;1.0;13000;13000;26000;1.0;6000;6000;1.0;PW;1.0042;1.0872;1.3883;1.415;1.287;0.9829;1.1867;1.3294;4.1841;4.2017;2.8129;3.0581;1.3812;1.9175;1.2453;1.7621;1.2563;1.6168;1.4091;1.385;1.6323;1.9371;1.7717;1.5936;2.1186
PRY;2000;2000;399817;454154;437986;479583;221637;278150;95221;136979;71320;112617;1.0;1.1359;1.095;1.255;1.4385;1.579;1227981;1463483;2691464;1.1918;1059440;1211887;1.1439;PY;1.0431;1.178;1.1227;1.2763;1.4341;1.3678;1.1822;1.1736;0.0083;0.0087;0.9549;1.1249;0.7399;0.8307;0.4745;0.6056;0.296;0.4245;0.1661;0.2273;0.4974;0.588;0.5429;0.7169;0.8413
QAT;2000;2000;179349;106712;479037;233737;286687;149650;94073;49725;38595;22795;1.0;0.595;0.4879;0.522;0.5286;0.5906;1079741;564619;1644360;0.5229;945073;490099;0.5186;QA;1.0943;1.4289;1.6607;1.7458;1.7388;1.3124;1.5736;1.6789;0.042;0.046;1.1846;1.6927;0.713;1.1841;0.4616;0.8057;0.3342;0.5812;0.3215;0.422;0.5702;0.8973;0.6518;0.6543;1.0985
REU;2000;2000;37342;37596;41009;45071;23939;33000;13559;18687;10916;14633;1.0;1.0068;1.0991;1.3785;1.3782;1.3405;128765;150987;279752;1.1726;102290;115667;1.1308;RE;1.0381;0.993;0.9032;1.1209;1.229;1.1559;1.0301;0.9717;0.0722;0.075;0.9962;0.9892;0.9215;0.8322;0.4865;0.5454;0.2464;0.3028;0.0961;0.1111;0.3932;0.405;0.3995;0.7797;0.7576
ROU;2000;2000;761220;817617;852584;808883;511237;612904;308012;411458;215191;309179;1.0;1.0741;0.9487;1.1989;1.3359;1.4368;2650244;2962041;5612285;1.1176;2125041;2239404;1.0538;RO;1.0418;1.1192;0.9992;1.2821;1.3608;1.0675;1.0303;1.1143;0.0045;0.0046;1.0472;1.1719;0.7427;0.7421;0.3709;0.4756;0.1962;0.267;0.0839;0.0896;0.3382;0.3485;0.3436;0.6532;0.7279
SRB;2000;2000;334496;380146;470525;463887;310946;356183;211821;264258;162167;225780;1.0;1.1365;0.9859;1.1455;1.2476;1.3923;1491955;1692254;3184209;1.1343;1115967;1200216;1.0755;RS;0.9993;1.128;0.982;1.1185;1.1839;1.082;1.0089;1.0615;0.0149;0.0148;1.3601;1.5342;1.1717;1.1506;0.6684;0.7476;0.4625;0.5475;0.1527;0.1652;0.5391;0.5438;0.5416;1.0029;1.0646
RWA;2000;2000;134542;92184;114296;66129;35713;16821;8342;4137;12828;9508;1.0;0.6852;0.5786;0.471;0.4959;0.7412;307721;190779;498500;0.62;284551;175134;0.6155;RW;0.996;0.6613;0.5612;0.4433;0.4087;0.5496;0.5698;0.5907;0.0031;0.0031;0.1468;0.0971;0.1139;0.0639;0.0449;0.0199;0.0205;0.0084;0.0261;0.0143;0.0723;0.0412;0.0561;0.1048;0.0619
SAU;2462;2000;2194203;1953027;4169566;2729526;1898287;1185966;568086;362595;317365;279053;0.8123;0.8901;0.6546;0.6248;0.6383;0.8793;9149969;6512167;15662136;0.7117;8262056;5868519;0.7103;SA;0.8369;1.14;1.2557;1.3345;1.3115;1.3666;1.2425;1.3009;0.0025;0.0021;1.1167;1.2731;0.8413;1.0564;0.4352;0.5807;0.2489;0.3264;0.1978;0.2703;0.5669;0.7044;0.617;0.7323;0.9527
SLB;2000;2000;5163;6834;2265;2800;2000;2000;2000;2000;3000;3000;1.0;1.3236;1.2362;1.0;1.0;1.0;16428;18634;35062;1.1343;9428;11634;1.234;SB;1.0763;1.3682;1.2545;1.0227;1.0755;1.0163;1.1751;1.2631;0.0581;0.0625;0.0972;0.133;0.0397;0.0498;0.0422;0.0432;0.0578;0.0621;0.09;0.0915;0.0632;0.0743;0.0686;0.0599;0.0756
SYC;2000;2000;5637;5554;8508;6266;4942;3877;2138;2117;3000;3000;1.0;0.9853;0.7365;0.7845;0.9902;1.0;26225;22814;49039;0.8699;19087;15697;0.8224;SC;1.034;1.226;1.1484;1.2659;1.2391;0.9283;1.1113;1.2399;0.6264;0.6477;0.8838;1.0835;0.6156;0.707;0.3639;0.4607;0.2271;0.2814;0.268;0.2488;0.4554;0.5061;0.4777;0.5651;0.7006
SWE;2000;2000;478133;536429;661663;694241;484464;582632;377796;480916;517196;844425;1.0;1.1219;1.0492;1.2026;1.273;1.6327;2521252;3140643;5661895;1.2457;1624260;1813302;1.1164;SE;1.0612;1.2452;1.1094;1.2663;1.3114;1.5163;1.2531;1.1917;0.0079;0.0084;1.1049;1.3758;0.8894;0.9868;0.7036;0.8911;0.5669;0.7434;0.3158;0.4788;0.5701;0.7144;0.6421;0.8708;1.0378
SGP;2000;2012;261359;321079;539458;527314;337446;384454;174083;227741;153042;202729;1.006;1.2285;0.9775;1.1393;1.3082;1.3247;1467388;1665329;3132717;1.1349;1138263;1232847;1.0831;SG;1.1427;1.5114;1.1556;1.2203;1.3514;1.2306;1.2181;1.2546;0.0141;0.0161;0.635;0.9598;0.859;0.9927;0.7502;0.9155;0.4789;0.6473;0.2305;0.2837;0.5519;0.6723;0.61;0.7643;0.9589
SHN;2000;2000;2000;2000;2000;2000;2000;2000;2000;2000;3000;3000;1.0;1.0;1.0;1.0;1.0;1.0;13000;13000;26000;1.0;6000;6000;1.0;SH;1.0928;1.0;1.1388;0.7476;0.9066;1.0612;0.9978;0.9348;18.8679;20.6186;15.1515;15.1515;7.1685;8.1633;8.547;6.3898;5.4201;4.914;2.5105;2.6643;5.6156;5.6034;5.6095;9.3023;8.6957
SVN;2000;2000;81125;88634;109116;103696;69854;79179;44875;57391;30013;38984;1.0;1.0926;0.9503;1.1335;1.2789;1.2989;336983;369884;706867;1.0976;260095;271509;1.0439;SI;1.0396;1.179;1.0998;1.2833;1.3957;1.1169;1.0988;1.1795;0.0467;0.0486;1.1239;1.3251;0.8375;0.9211;0.4278;0.5489;0.2817;0.3933;0.0873;0.0975;0.3697;0.4062;0.3879;0.7111;0.8388
SJM;2000;2000;2000;2000;2000;2000;2000;2000;2000;2000;3000;3000;1.0;1.0;1.0;1.0;1.0;1.0;13000;13000;26000;1.0;6000;6000;1.0;SJ;;;;;;;;;;;;;;;;;;;;;;;;;
SVK;2000;2000;199608;221779;274637;271412;160250;194993;92088;134254;55079;91400;1.0;1.1111;0.9883;1.2168;1.4579;1.6594;783662;915838;1699500;1.1687;634495;688184;1.0846;SK;1.0572;1.1687;1.0317;1.2804;1.4991;1.283;1.0964;1.138;0.0174;0.0184;1.0234;1.1961;0.7506;0.7744;0.3539;0.4532;0.2238;0.3356;0.0752;0.0965;0.3449;0.3781;0.3621;0.6259;0.7123
SLE;2000;2000;22817;19246;24231;18871;9283;5883;2862;2179;5065;4675;1.0;0.8435;0.7788;0.6337;0.7614;0.923;66258;52854;119112;0.7977;56331;44000;0.7811;SL;1.0139;0.8542;0.7806;0.6338;0.7344;0.7943;0.7844;0.7853;0.0053;0.0053;0.0388;0.0332;0.0382;0.0298;0.0208;0.0132;0.0098;0.0072;0.017;0.0135;0.0251;0.0197;0.0224;0.0338;0.0265
SMR;2000;2000;2000;2000;2000;2000;2000;2000;2000;2000;3000;3000;1.0;1.0;1.0;1.0;1.0;1.0;13000;13000;26000;1.0;6000;6000;1.0;SM;1.1085;1.0842;1.0157;0.9295;0.9584;0.9163;0.9584;0.9953;2.7586;3.0581;1.554;1.6849;1.1905;1.2092;1.0178;0.9461;0.705;0.6757;0.4906;0.4495;0.8899;0.8529;0.871;1.2165;1.2109
SEN;2012;2000;349870;206120;279163;166117;107136;65212;35803;21688;34925;20459;0.994;0.5891;0.5951;0.6087;0.6058;0.5858;808909;481596;1290505;0.5954;736169;437449;0.5942;SN;1.0661;0.6033;0.589;0.6046;0.6045;0.5805;0.6017;0.5959;0.0024;0.0025;0.2772;0.1672;0.2086;0.1229;0.1152;0.0697;0.0585;0.0353;0.0491;0.0285;0.1418;0.0853;0.1137;0.2086;0.1243
SOM;2000;2000;127471;123399;114184;89738;29064;17321;5900;3234;8192;7000;1.0;0.9681;0.7859;0.596;0.5481;0.8545;286811;242692;529503;0.8462;270719;230458;0.8513;SO;1.0269;0.9857;0.7875;0.5851;0.5204;0.7291;0.8328;0.8539;0.0024;0.0025;0.1049;0.1034;0.0982;0.0773;0.0371;0.0217;0.0123;0.0064;0.0164;0.012;0.0576;0.048;0.0528;0.0857;0.0731
SUR;2000;2000;21413;20350;21696;20634;10968;11746;5075;5579;3816;4183;1.0;0.9504;0.9511;1.0709;1.0993;1.0962;64968;64492;129460;0.9927;54077;52730;0.9751;SR;1.0298;0.9711;0.9824;1.1411;1.1389;0.9152;0.982;1.0143;0.0902;0.0929;0.5479;0.532;0.4601;0.452;0.2545;0.2905;0.1399;0.1593;0.0799;0.0731;0.2758;0.2708;0.2733;0.4181;0.4241
SSD;2000;2000;15613;5588;19477;6679;7941;2262;2292;2000;3000;3000;1.0;0.3579;0.3429;0.2849;0.8726;1.0;50323;21529;71852;0.4278;43031;14529;0.3376;SS;1.0179;0.3634;0.3303;0.2548;0.7672;0.7833;0.4006;0.3249;0.0034;0.0034;0.0196;0.0071;0.0317;0.0105;0.0144;0.0037;0.0051;0.0039;0.0082;0.0064;0.015;0.006;0.0103;0.0219;0.0071
STP;2000;2000;2712;2154;2000;2000;2000;2000;2000;2000;3000;3000;1.0;0.7942;1.0;1.0;1.0;1.0;13712;13154;26866;0.9593;6712;6154;0.9169;ST;0.9922;0.7639;0.9791;0.9943;1.0575;0.8988;0.9381;0.8963;0.181;0.1796;0.1803;0.1377;0.1355;0.1327;0.154;0.1532;0.22;0.2326;0.3209;0.2884;0.1897;0.178;0.1838;0.1569;0.1406
SLV;2096;2000;314304;343686;311246;338552;136235;163753;66572;89722;51862;69809;0.9542;1.0935;1.0877;1.202;1.3477;1.3461;882315;1007522;1889837;1.1419;761785;845991;1.1105;SV;1.019;1.1501;1.0918;0.9484;0.9552;0.8955;0.9846;1.0587;0.009;0.0092;0.71;0.8165;0.5538;0.6047;0.4073;0.3863;0.2499;0.2387;0.1334;0.1195;0.3963;0.3902;0.393;0.5688;0.6022
SXM;2000;2000;2317;2426;2714;3088;2078;2629;2000;2000;3000;3000;1.0;1.047;1.1378;1.2652;1.0;1.0;14109;15143;29252;1.0733;7109;8143;1.1454;SX;1.1222;1.0012;0.9476;1.0614;0.8879;0.9736;0.9849;0.9853;1.7559;1.9704;1.5561;1.5581;1.1638;1.1029;0.7215;0.7658;0.5929;0.5265;0.4873;0.4745;0.8123;0.8001;0.8059;1.0609;1.0453
SWZ;2000;2000;12008;14721;10517;13020;4292;5400;2000;2157;3383;4646;1.0;1.2259;1.238;1.2582;1.0785;1.3733;34200;41944;76144;1.2264;26817;33141;1.2358;SZ;0.9958;1.2589;1.2259;1.2466;0.9685;0.9551;1.1573;1.2382;0.0382;0.038;0.1398;0.1761;0.1029;0.1261;0.055;0.0685;0.0466;0.0451;0.0753;0.0719;0.0841;0.0974;0.091;0.1008;0.1248
TCA;2000;2000;2900;2948;3818;3699;2530;2539;2000;2000;3000;3000;1.0;1.0166;0.9688;1.0036;1.0;1.0;16248;16186;32434;0.9962;9248;9186;0.9933;TC;0.8482;0.8621;0.9888;1.148;1.164;0.9113;1.0084;1.0268;2.1299;1.8067;1.6496;1.4221;1.1028;1.0905;0.5684;0.6525;0.4908;0.5713;0.6044;0.5508;0.8269;0.8339;0.8304;0.9563;0.9818
TCD;2000;2000;49213;11829;29414;6646;9063;2368;2610;2000;3191;3000;1.0;0.2404;0.2259;0.2613;0.7663;0.9401;95491;27843;123334;0.2916;87690;20843;0.2377;TD;1.0291;0.2452;0.2268;0.2562;0.7334;0.8212;0.2885;0.2386;0.0023;0.0023;0.0402;0.0098;0.0237;0.0054;0.0115;0.0029;0.0048;0.0035;0.0068;0.0056;0.0185;0.0054;0.0119;0.0269;0.0064
TGO;2000;2000;57912;23321;43788;18770;14862;6096;4720;2188;4349;3079;1.0;0.4027;0.4287;0.4102;0.4636;0.708;127631;55454;183085;0.4345;116562;48187;0.4134;TG;1.0228;0.4126;0.4402;0.42;0.4634;0.6545;0.4383;0.4238;0.0049;0.005;0.0974;0.0402;0.0654;0.0288;0.0292;0.0123;0.0134;0.0062;0.0127;0.0083;0.0444;0.0195;0.032;0.0658;0.0279
THA;2054;4746;2127875;2953421;3498007;4758333;1371108;2065899;579017;945770;416225;574475;2.3106;1.388;1.3603;1.5067;1.6334;1.3802;7994286;11302644;19296930;1.4138;6996990;9777653;1.3974;TH;2.4404;1.4617;1.3861;1.4849;1.5107;1.1394;1.3222;1.4168;0.0012;0.0029;0.6369;0.9309;0.6754;0.9362;0.2636;0.3914;0.1113;0.1682;0.0458;0.0522;0.2685;0.355;0.3132;0.5099;0.7224
TJK;2000;2000;546921;145812;389893;104842;175797;56066;64121;31221;49571;23020;1.0;0.2666;0.2689;0.3189;0.4869;0.4644;1228303;362961;1591264;0.2955;1112611;306720;0.2757;TJ;0.9782;0.2491;0.2583;0.3056;0.4491;0.3972;0.2766;0.2625;0.0055;0.0053;0.9097;0.2266;0.4744;0.1225;0.2909;0.0889;0.161;0.0723;0.1077;0.0428;0.3776;0.1045;0.2365;0.5487;0.144
TKL;2000;2000;2000;2000;2000;2000;2000;2000;2000;2000;3000;3000;1.0;1.0;1.0;1.0;1.0;1.0;13000;13000;26000;1.0;6000;6000;1.0;TK;1.4051;0.898;1.0284;0.9122;1.2041;0.7114;0.953;0.9512;18.018;25.3165;15.1515;13.6054;11.0497;11.3636;14.8148;13.5135;16.9492;20.4082;17.1429;12.1951;15.2582;14.5414;14.8912;13.3929;12.7389
TLS;2000;2000;14496;19896;14296;15709;5417;4725;2000;2000;3000;3000;1.0;1.3725;1.0988;0.8723;1.0;1.0;41209;47330;88539;1.1485;34209;40330;1.1789;TL;1.023;1.3977;1.0909;0.8821;1.0929;0.9429;1.1579;1.1869;0.0311;0.0318;0.1406;0.1965;0.1349;0.1471;0.076;0.067;0.0367;0.0401;0.0435;0.041;0.088;0.1019;0.0949;0.122;0.1448
TKM;2000;2000;37503;42687;41996;45159;17520;20783;4712;7987;3000;4142;1.0;1.1382;1.0753;1.1862;1.695;1.3807;106731;122758;229489;1.1502;97019;108629;1.1197;TM;1.0784;1.1787;1.0959;1.1663;1.4514;0.9354;1.0674;1.1324;0.0089;0.0096;0.0982;0.1157;0.0642;0.0703;0.0359;0.0419;0.0128;0.0186;0.0088;0.0082;0.0434;0.0464;0.045;0.0637;0.0721
TUN;2000;2112;570244;617029;577153;578967;287478;326044;134813;161862;124384;146597;1.056;1.082;1.0031;1.1342;1.2006;1.1786;1696072;1832611;3528683;1.0805;1434875;1522040;1.0607;TN;1.1307;1.1342;0.9849;1.0501;1.1439;1.0466;1.0325;1.0338;0.0055;0.0062;0.9869;1.1194;0.6403;0.6306;0.3217;0.3378;0.183;0.2094;0.1134;0.1187;0.371;0.3831;0.3772;0.6047;0.6252
TON;2000;2000;4683;6347;2217;3265;2000;2000;2000;2000;3000;3000;1.0;1.3553;1.4727;1.0;1.0;1.0;15900;18612;34512;1.1706;8900;11612;1.3047;TO;1.0025;1.2305;1.0348;0.7368;0.8727;0.8424;0.9775;1.0229;0.4219;0.423;0.7302;0.8986;0.4457;0.4612;0.4274;0.3149;0.4368;0.3812;0.4686;0.3947;0.5002;0.4889;0.494;0.5539;0.5666
TUR;2967;2042;7736594;6836192;9408334;7333334;6083333;5241666;3825000;3500000;3001504;2968959;0.6882;0.8836;0.7795;0.8616;0.915;0.9892;30057732;25882193;55939925;0.8611;23228261;19411192;0.8357;TR;0.7161;0.9216;0.8107;0.8769;0.92;0.8665;0.8505;0.863;0.0011;0.0008;1.6037;1.478;1.3769;1.1162;0.911;0.799;0.6999;0.6439;0.3735;0.3236;0.8733;0.7428;0.8076;1.2669;1.0933
TTO;2000;2000;86770;102854;93385;102141;67737;86199;32205;42755;22646;33918;1.0;1.1854;1.0938;1.2726;1.3276;1.4977;304743;369867;674610;1.2137;247892;291194;1.1747;TT;1.0405;1.2414;1.1315;1.2874;1.3224;1.2643;1.1739;1.2068;0.0518;0.0539;1.2815;1.5908;0.8279;0.9367;0.5126;0.66;0.3292;0.4354;0.1382;0.1747;0.4972;0.5836;0.5411;0.7929;0.9569
TUV;2000;2000;2000;2000;2000;2000;2000;2000;2000;2000;3000;3000;1.0;1.0;1.0;1.0;1.0;1.0;13000;13000;26000;1.0;6000;6000;1.0;TV;1.1213;1.0616;1.1163;1.1506;1.1594;0.7342;1.0191;1.1074;5.277;5.9172;3.3167;3.5211;2.5413;2.8369;3.7951;4.3668;3.7665;4.3668;4.6225;3.3937;3.7399;3.8112;3.7752;3.1299;3.4662
TWN;2000;2017;1058505;1393954;1934516;2039904;1281283;1441322;712858;909496;419350;531730;1.0085;1.3169;1.0545;1.1249;1.2758;1.268;5408512;6318423;11726935;1.1682;4274304;4875180;1.1406;TW;1.1034;1.4282;1.1369;1.1195;1.2398;1.1262;1.1353;1.1892;0.0047;0.0052;1.1794;1.6843;1.1923;1.3556;0.6924;0.7752;0.3995;0.4954;0.1149;0.1294;0.5289;0.6005;0.5652;0.978;1.163
TZA;2008;2000;634625;428450;1014883;656826;420346;236588;157142;88584;122942;73360;0.996;0.6751;0.6472;0.5628;0.5637;0.5967;2351946;1485808;3837754;0.6317;2069854;1321864;0.6386;TZ;1.0051;0.6779;0.6437;0.5312;0.5421;0.4495;0.6051;0.6287;0.0007;0.0007;0.1432;0.0971;0.2175;0.14;0.1338;0.0711;0.0765;0.0415;0.0678;0.0305;0.123;0.0744;0.0982;0.1691;0.1063
UKR;2000;2000;1147442;1658603;1466414;1828210;999483;1741668;515940;1163944;389633;1072627;1.0;1.4455;1.2467;1.7426;2.256;2.7529;4520912;7467052;11987964;1.6517;3613339;5228481;1.447;UA;1.0571;1.519;1.3067;1.7604;2.0084;1.7585;1.3931;1.4916;0.0024;0.0025;0.937;1.4233;0.5832;0.7621;0.3161;0.5564;0.2079;0.4175;0.0803;0.1413;0.3;0.4179;0.364;0.5236;0.781
UGA;2000;2000;204759;129262;186659;138421;50950;34950;12495;8292;13017;13771;1.0;0.6313;0.7416;0.686;0.6636;1.0579;469880;326696;796576;0.6953;442368;302633;0.6841;UG;0.999;0.6259;0.7288;0.6639;0.6222;0.8158;0.6679;0.6722;0.0009;0.0009;0.0587;0.0367;0.0521;0.038;0.0253;0.0168;0.0102;0.0063;0.0121;0.0099;0.0342;0.0229;0.0284;0.0487;0.0327
UMI;2000;2000;2000;2000;2000;2000;2000;2000;2000;2000;3000;3000;1.0;1.0;1.0;1.0;1.0;1.0;13000;13000;26000;1.0;6000;6000;1.0;UM;;;;;;;;;;;;;;;;;;;;;;;;;
USA;6341;4996;18567210;21717391;23173732;24386957;15065037;18333152;8995109;12416667;9233334;15783515;0.7879;1.1697;1.0524;1.2169;1.3804;1.7094;75040763;92642678;167683441;1.2346;56805979;64437500;1.1343;US;0.8371;1.2487;1.1272;1.2909;1.4361;1.5461;1.2371;1.2097;0.0007;0.0006;1.1499;1.436;0.9462;1.0665;0.6345;0.8191;0.4243;0.6094;0.1911;0.2954;0.5238;0.648;0.5858;0.8823;1.0673
URY;2000;2000;238638;280038;315062;340474;191737;238330;126923;184757;124674;219776;1.0;1.1735;1.0807;1.243;1.4557;1.7628;999034;1265375;2264409;1.2666;745437;858842;1.1521;UY;1.0474;1.2237;1.117;1.249;1.4232;1.311;1.1647;1.1821;0.0208;0.0218;1.3699;1.6763;1.2474;1.3933;0.8742;1.0919;0.6037;0.8592;0.3226;0.4229;0.7461;0.8689;0.8101;1.1537;1.3639
UZB;2038;2000;2596655;1191780;2185746;923667;1187817;570125;414667;288396;279071;223980;0.9814;0.459;0.4226;0.48;0.6955;0.8026;6665994;3199948;9865942;0.48;5970218;2685572;0.4498;UZ;1.0364;0.4819;0.4432;0.4979;0.6972;0.6626;0.4775;0.4701;0.0018;0.0018;1.4419;0.6949;0.7088;0.3141;0.4661;0.2321;0.2332;0.1626;0.1303;0.0864;0.5335;0.2547;0.3937;0.8032;0.3776
VAT;2000;2000;2000;2000;2000;2000;2000;2000;2000;2000;3000;3000;1.0;1.0;1.0;1.0;1.0;1.0;13000;13000;26000;1.0;6000;6000;1.0;VA;1.25;2.0;1.0;1.0715;1.0;0.7974;0.9109;1.1636;400.0;500.0;142.8571;285.7143;100.0;100.0;66.6667;71.4286;66.6667;66.6667;23.8095;18.9873;57.7778;52.6316;55.0847;93.75;109.0909
VCT;2000;2000;7346;7846;8109;9117;4059;4858;2075;2312;3000;3000;1.0;1.0681;1.1243;1.1968;1.1142;1.0;26589;29133;55722;1.0957;19514;21821;1.1182;VC;1.0635;1.1687;1.1991;1.2014;1.2194;1.0041;1.1446;1.1751;0.6489;0.6901;1.3634;1.5934;1.1022;1.3217;0.5925;0.7118;0.3056;0.3726;0.2508;0.2518;0.6418;0.7345;0.6871;0.9958;1.1702
VEN;2050;2000;849462;1099366;1001292;1373846;756359;1083886;556000;794422;587063;926465;0.9756;1.2942;1.3721;1.433;1.4288;1.5781;3752226;5279985;9032211;1.4072;2607113;3557098;1.3644;VE;1.0286;1.3919;1.4038;1.3605;1.3326;1.3037;1.3427;1.381;0.0018;0.0019;0.5112;0.7116;0.548;0.7693;0.4256;0.579;0.3465;0.4617;0.244;0.3181;0.3603;0.4837;0.4235;0.4951;0.6837
VGB;2000;2000;2000;2075;2229;2462;2000;2043;2000;2000;3000;3000;1.0;1.0375;1.1045;1.0215;1.0;1.0;13229;13580;26809;1.0265;6229;6580;1.0563;VG;1.0406;0.9642;0.9115;0.8407;0.8714;0.8821;0.8924;0.8911;1.8553;1.9305;1.2563;1.2113;0.8195;0.747;0.579;0.4868;0.6897;0.601;0.8102;0.7146;0.8564;0.7643;0.8071;0.8021;0.7148
VIR;2000;2000;2908;3367;3471;4233;2279;3171;2000;2183;3000;3000;1.0;1.1578;1.2195;1.3914;1.0915;1.0;15658;17954;33612;1.1466;8658;10771;1.2441;VI;1.0044;1.1832;1.12;1.2975;1.0368;0.8174;1.0222;1.1814;0.9681;0.9723;0.8937;1.0575;0.8223;0.921;0.4794;0.622;0.363;0.3764;0.2061;0.1685;0.4557;0.4658;0.4611;0.708;0.8364
VNM;2804;3442;2556291;3757633;1574374;1850091;367804;434100;117437;130792;67388;61288;1.2275;1.47;1.1751;1.1802;1.1137;0.9095;4686098;6237346;10923444;1.331;4498469;6041824;1.3431;VN;1.2555;1.4873;1.1823;1.1748;1.0717;0.6847;1.2409;1.3474;0.0009;0.0012;0.5632;0.8376;0.1954;0.231;0.0468;0.055;0.0192;0.0205;0.0085;0.0058;0.1249;0.155;0.1404;0.2199;0.2963
VUT;2000;2000;2592;4384;2000;2267;2000;2000;2000;2000;3000;3000;1.0;1.6914;1.1335;1.0;1.0;1.0;13592;15651;29243;1.1515;6592;8651;1.3123;VU;1.0549;1.6773;1.0364;0.957;1.1834;1.0011;1.1477;1.2462;0.1537;0.1621;0.1433;0.2403;0.0858;0.089;0.1158;0.1109;0.1484;0.1756;0.1987;0.1989;0.1356;0.1556;0.1456;0.1124;0.1401
WLF;2000;2000;2000;2000;2000;2000;2000;2000;2000;2000;3000;3000;1.0;1.0;1.0;1.0;1.0;1.0;13000;13000;26000;1.0;6000;6000;1.0;WF;1.0625;0.9821;0.774;0.7715;0.884;0.8985;0.8819;0.8317;4.7059;5.0;3.6364;3.5714;4.0;3.096;3.3278;2.5674;2.4067;2.1277;2.1739;1.9531;3.0324;2.6743;2.8422;3.6342;3.0227
WSM;2000;2000;9254;11225;4087;6350;2000;2662;2000;2000;3000;3000;1.0;1.213;1.5537;1.331;1.0;1.0;22341;27237;49578;1.2191;15341;20237;1.3191;WS;1.0559;1.2871;1.4038;1.2377;1.0738;0.9531;1.2031;1.2675;0.2159;0.2279;0.758;0.9757;0.322;0.452;0.1923;0.2381;0.1966;0.2111;0.2245;0.214;0.3281;0.3947;0.3616;0.4346;0.5509
XKX;2000;2000;81409;68850;124499;101054;77750;62082;42121;35113;27321;24367;1.0;0.8457;0.8117;0.7985;0.8336;0.8919;355100;293466;648566;0.8264;283658;231986;0.8178;;1.0204;0.8631;0.84;0.7848;0.7158;0.7361;0.7773;0.8286;0.0344;0.0351;0.7655;0.6608;0.9218;0.7743;0.6634;0.5206;0.424;0.3035;0.1845;0.1358;0.5347;0.4157;0.4733;0.791;0.6554
YEM;2000;2000;661652;268459;409136;162795;114226;39975;31890;10732;18050;6021;1.0;0.4057;0.3979;0.35;0.3365;0.3336;1236954;489982;1726936;0.3961;1185014;471229;0.3977;YE;1.046;0.4214;0.4066;0.3592;0.3389;0.2872;0.4005;0.4091;0.0012;0.0012;0.2558;0.1078;0.1315;0.0535;0.0526;0.0189;0.0259;0.0088;0.0168;0.0048;0.104;0.0417;0.073;0.1506;0.0616
MYT;2000;2000;13179;11150;7127;6433;2575;2462;2000;2000;3000;3000;1.0;0.846;0.9026;0.9561;1.0;1.0;29881;27045;56926;0.9051;22881;20045;0.8761;YT;0.9393;0.6697;0.6222;0.802;1.0875;1.0725;0.7784;0.6715;0.1417;0.1331;0.9985;0.6687;0.4161;0.2589;0.1487;0.1193;0.1668;0.1813;0.2811;0.3015;0.354;0.2755;0.3118;0.4803;0.3225
ZAF;2062;2000;1268727;1471427;1048828;1245041;521390;672755;232598;319222;231768;365730;0.9699;1.1598;1.1871;1.2903;1.3724;1.578;3305373;4076175;7381548;1.2332;2838945;3389223;1.1938;ZA;0.979;1.184;1.1661;1.2816;1.2567;1.1195;1.1432;1.1887;0.001;0.0009;0.3506;0.4151;0.1866;0.2176;0.1082;0.1386;0.0777;0.0977;0.0642;0.0718;0.1449;0.1656;0.1556;0.2019;0.24
ZMB;2000;2000;105575;94054;94758;75271;30372;22717;11392;7825;20867;23842;1.0;0.8909;0.7943;0.748;0.6869;1.1426;264964;225709;490673;0.8518;230705;192042;0.8324;ZM;0.9928;0.8773;0.784;0.7501;0.6566;0.8841;0.8234;0.8245;0.0021;0.0021;0.0767;0.0672;0.0627;0.0491;0.0277;0.0208;0.0176;0.0115;0.0457;0.0404;0.0438;0.0361;0.0399;0.0579;0.0477
ZWE;2000;2000;137444;99266;101425;81238;36479;28570;12491;9500;17022;16677;1.0;0.7222;0.801;0.7832;0.7605;0.9797;306861;237251;544112;0.7732;275348;209074;0.7593;ZW;1.0021;0.692;0.6729;0.6313;0.5053;0.7032;0.6544;0.6596;0.0026;0.0026;0.1263;0.0874;0.1108;0.0745;0.0404;0.0255;0.0313;0.0158;0.0366;0.0257;0.0678;0.0443;0.0551;0.0947;0.0625
