iso3;age_13_17_men;age_13_17_women;age_18_24_men;age_18_24_women;age_25_34_men;age_25_34_women;age_35_44_men;age_35_44_women;age_45_54_men;age_45_54_women;age_55_100_men;age_55_100_women;age_13_17_ratio;age_18_24_ratio;age_25_34_ratio;age_35_44_ratio;age_45_54_ratio;age_55_100_ratio;total_men;total_women;total_all;total_ratio;iso2
ABW;2859.0;2740.0;4723.0;4371.0;6182.0;6353.0;6351.0;7395.000000000001;6938.0;8432.0;15035.000000000002;19135.000000000004;0.9583770549143056;0.925471098877832;1.0276609511484955;1.1643835616438358;1.2153358316517728;1.2726970402394413;42088.0;48426.0;90514.0;1.1505892415890515;AW
AFG;1961468.0;1865308.0;3013230.0;2892092.0;3035644.0;2983339.0;1825983.0;1806722.0;1179632.0;1212466.0;1043082.0;1300087.0;0.9509754938647992;0.9597979576733272;0.9827697187153698;0.9894517090246732;1.0278341041952066;1.2463900249453064;12059039.0;12060014.0;24119053.0;1.0000808522138456;AF
AGO;1611274.0;1607353.0;2219873.0;2233575.0;2423854.0;2475090.0;1725874.0;1795279.0;1094727.0;1200928.0;1130474.0;1357638.0;0.9975665218950966;1.0061724251792783;1.0211382368740032;1.0402144073089925;1.097011401015961;1.200945797957317;10206076.0;10669863.0;20875939.0;1.0454422444042155;AO
AIA;459.0;469.0;709.0;695.0;851.0;839.0;1039.0;1153.0;1098.0;1143.0;1635.0;1932.0000000000005;1.0217864923747275;0.9802538787023978;0.9858989424206815;1.109720885466795;1.040983606557377;1.1816513761467893;5791.0;6231.0;12022.0;1.0759799689172855;AI
ALB;70297.0;64216.0;142549.0;133467.0;236255.0;229536.0;172195.0;172429.0;151855.0;177657.0;387095.0;433287.0;0.9134955972516609;0.9362885744550996;0.9715603902562908;1.001358924475159;1.1699120871884363;1.1193298802619511;1160246.0;1210592.0;2370838.0;1.043392521930694;AL
AND;1792.0;1588.0;3238.0;3033.0;5533.0;4859.0;6269.0;6106.0;7383.000000000001;7113.0;12205.999999999998;12059.0;0.8861607142857143;0.9366893143915996;0.878185432857401;0.973999042909555;0.9634295002031692;0.9879567425856138;36421.0;34758.0;71179.0;0.9543395293923836;AD
ARE;182809.0;176044.0;712735.0;478190.00000000006;2132159.0;902615.0;1598274.0;765321.0;811507.0;355361.0;428475.0;273459.0;0.9629941633070582;0.6709225729057785;0.4233338132850317;0.4788421759973571;0.437902568924236;0.6382145982846141;5865959.0;2950990.0;8816949.0;0.5030703419509069;AE
ARG;1462390.0;1382517.0;2484209.0;2374184.0;3527941.0;3404194.9999999995;3227999.0;3155212.0;2644292.0;2657307.0;4336534.0;5312313.999999998;0.9453818748760592;0.9557102482118052;0.964924016586445;0.9774513560877808;1.0049219223898118;1.2250138013445755;17683365.0;18285729.0;35969094.0;1.0340638786791994;AR
ARM;74864.0;71253.0;119161.0;119275.0;214398.0;226658.0;206955.0;236909.0;150447.0;184566.0;301236.0;461903.9999999999;0.9517658687753794;1.0009566888495396;1.0571833692478474;1.1447367785267328;1.22678418313426;1.5333625463092058;1067061.0;1300565.0;2367626.0;1.218829101616496;AM
ASM;1981.0;1902.0;2812.0;2611.0;2949.0;2974.0;3011.0;2869.0;3139.0;2957.0;4124.999999999998;4275.0;0.9601211509338716;0.9285206258890468;1.0084774499830451;0.9528395881766856;0.9420197515132208;1.0363636363636368;18017.0;17588.0;35605.0;0.97618915468724;AS
ATG;2626.0;2558.0;4735.0;4621.0;7108.0;7327.0;6425.0;6963.0;5985.0;7056.0;9425.0;12504.999999999998;0.974105102817974;0.975923970432946;1.0308103545301068;1.0837354085603113;1.1789473684210523;1.3267904509283817;36304.0;41030.0;77334.0;1.130178492728074;AG
AUS;661341.0;623421.0;1146928.0;1081317.0;1912054.0;1893156.0;1819350.0;1850597.0;1632025.0;1675682.0;3601920.999999999;3977247.0;0.9426619550277392;0.9427941422652512;0.9901163879262824;1.017174815181246;1.0267502029687046;1.1042016190804853;10773619.0;11101420.0;21875039.0;1.0304262662342152;AU
AUT;178458.0;169783.0;340860.0;321891.0;624506.0;597588.0;622144.0;610029.0;629536.0;636561.0;1471452.9999999995;1709410.0;0.9513891223705296;0.944349586340433;0.9568971314927318;0.9805270162534718;1.0111590123519545;1.161715664720518;3866957.0;4045262.0;7912219.0;1.0461098998514855;AT
AZE;322625.0;289035.0;472874.0;440718.0;868994.0;921404.0;797297.0;826159.0;585209.0;644982.0;870620.0;1118033.0;0.8958853157690817;0.931998798834362;1.0603111183736598;1.0361998101084038;1.1021395774842837;1.2841802393696446;3917619.0;4240331.0;8157950.0;1.0823745239136322;AZ
BDI;650212.0;648645.0;815210.0;816694.0;887588.0;900508.0;715729.0;740699.0;369971.0;388595.0;341590.0;407449.0;0.9975900167945224;1.0018203898382012;1.0145563031496596;1.034887506304761;1.050339080630644;1.1928013115138032;3780300.0;3902590.0;7682890.0;1.0323492844483242;BI
BEL;277159.0;264462.0;473221.0;453764.0;748941.0;745071.0;759274.0;759987.0;772321.0;758064.0;1822241.0;2078882.0;0.9541887508614189;0.958883904137813;0.994832703777734;1.0009390549393236;0.9815400591204952;1.1408381218510617;4853157.0;5060230.0;9913387.0;1.0426676903302323;BE
BEN;627900.0000000001;609186.0;919968.0;892346.0;1011383.0;993839.0;700921.0;711140.0;451145.0;473515.0;472316.0;542591.0;0.970195891065456;0.9699750426101778;0.982653455713612;1.014579389118032;1.0495849449733456;1.1487880994927124;4183633.0;4222617.0;8406250.0;1.009318216965972;BJ
BES;649.0;595.0;999.0;946.0;2250.0;2134.0;2399.0;2218.0;2209.0;2043.0;4447.999999999998;4149.999999999999;0.9167950693374424;0.9469469469469468;0.9484444444444444;0.9245518966235932;0.9248528746038932;0.9330035971223024;12953.999999999998;12086.0;25040.0;0.9329936699089084;BQ
BFA;1096588.0;1066548.0000000002;1542168.9999999998;1511412.0;1610031.0;1614803.0;1146195.0;1171853.0;674870.0;736552.0;624222.0;821418.0;0.9726059376903634;0.9800560120194352;1.0029639180860492;1.0223853707266215;1.091398343384652;1.315906840835472;6694075.0;6922586.0;13616661.0;1.0341363071074048;BF
BGD;6970925.0;6809526.0;10496145.0;12112858.0;12725830.0;14895085.0;11423415.0;12025767.0;7935210.0;8017524.0;10924977.0;10833346.0;0.9768468316615084;1.154029217393624;1.1704607872335242;1.052729590932309;1.010373260443013;0.991612705454666;60476502.0;64694106.0;125170608.0;1.0697395494203683;BD
BGR;139475.0;131486.00000000003;227613.0;215316.0;396542.0;375362.0;504517.0;473007.0;534474.0;514730.00000000006;1022010.0;1357432.0000000002;0.9427209177271916;0.9459740875960512;0.9465882554685254;0.93754422546713;0.9630590075476076;1.32819835422354;2824631.0;3067333.0;5891964.0;1.0859234356629237;BG
BHR;33805.0;33709.00000000001;87615.0;54814.0;228666.0;118841.0;255198.0;107468.0;129557.0;67667.0;86782.0;68674.0;0.997160183404822;0.6256234663014324;0.5197143431905049;0.4211161529479071;0.522295205971117;0.7913392178101449;821623.0;451173.0;1272796.0;0.5491241116667863;BH
BHS;11486.0;11334.0;19892.0;20153.0;31910.0;33823.0;26765.0;29842.0;25980.0;28986.0;40082.000000000015;50124.0;0.9867664983458124;1.013120852604062;1.059949858978377;1.114963571828881;1.1157043879907622;1.250536400379222;156115.0;174262.0;330377.0;1.116241232424815;BS
BIH;67696.0;62735.0;126298.0;115703.0;177298.0;157483.0;231120.0;228401.0;222223.0;233257.0;490676.0;688686.0;0.9267164972819664;0.9161111023135758;0.888239010028314;0.9882355486327448;1.049652826215108;1.4035453129967637;1315311.0;1486265.0;2801576.0;1.1299723031283095;BA
BLM;335.0;322.0;456.0;458.0;535.0;651.0;559.0;730.0;669.0;772.0;1527.0000000000002;1867.0;0.9611940298507464;1.0043859649122806;1.216822429906542;1.3059033989266546;1.1539611360239164;1.2226588081204974;4081.0;4800.0;8881.0;1.17618230825778;BL
BLR;200265.0;189549.0;312983.0;294768.0;607431.0;579220.0;724383.0;720402.0;588671.0;655097.0;1089783.0;1748101.0;0.9464908995580856;0.9418019509046818;0.9535568648949428;0.9945042884772282;1.1128406189535411;1.6040817300324928;3523516.0;4187137.0;7710653.0;1.188340566638551;BY
BLZ;15746.0;15183.0;28559.0;27557.0;37735.0;36288.0;28292.0;28312.0;20105.0;20743.0;22613.0;23497.0;0.9642448875904992;0.9649147379109912;0.9616536372068372;1.0007069136151563;1.031733399651828;1.039092557378499;153050.0;151580.0;304630.0;0.9903952956550148;BZ
BMU;1411.0;1279.0;2400.0;2348.0;3364.0;3478.0;4391.0;4467.0;5054.0;4589.0;10797.999999999998;12775.0;0.9064493267186392;0.9783333333333334;1.033888228299643;1.0173081302664542;0.90799366838148;1.1830894610112983;27418.0;28936.0;56354.0;1.055365088627909;BM
BOL;480521.0;465927.0;795316.0;776535.0;1028508.0;1012720.0;790147.0;778660.0000000001;572292.0;571543.0;673131.0;766452.0;0.969628798741366;0.9763854870265404;0.9846496089481076;0.9854621988060452;0.9986912275551642;1.1386372043480393;4339915.0;4371837.0;8711752.0;1.0073554435973977;BO
BRA;6087285.0;5859136.0;11326824.999999998;11016907.0;16361755.0;16257194.0;16394180.0;16722439.0;13233380.0;13913636.0;20236398.0;23930149.000000004;0.9625204011312104;0.9726385814206542;0.99360942637266;1.0200228983700312;1.0514045542408668;1.182530062909417;83639823.0;87699461.0;171339284.0;1.048537142408826;BR
BRB;7424.0;7184.0;13286.0;12881.999999999998;18166.0;18471.0;18082.0;19167.0;18337.0;20065.0;36746.0;46618.0;0.9676724137931034;0.9695920517838325;1.0167896069580535;1.0600044242893485;1.0942356983148824;1.2686550917106625;112041.0;124387.0;236428.0;1.110191804785748;BB
BRN;13160.0;12099.0;26929.000000000004;23938.000000000004;46467.0;36412.0;43435.0;34085.0;32260.0;29025.0;33823.0;35114.0;0.9193768996960486;0.8889301496527907;0.78360987367379;0.7847358121330724;0.8997210167389956;1.0381692930845874;196074.0;170673.0;366747.0;0.870451972214572;BN
BTN;28064.0;25898.0;52898.00000000001;48623.0;88963.0;70682.0;70875.0;57122.0;44150.0;36271.0;52747.000000000015;49945.0;0.9228192702394526;0.9191840901357328;0.7945100772231152;0.8059541446208113;0.8215402038505096;0.9468784954594572;337697.0;288541.0;626238.0;0.8544375579291495;BT
BWA;99122.0;97946.0;173936.0;173355.0;235411.0;232507.0;149892.0;145705.0;93002.0;96882.0;99769.0;114981.0;0.9881358326103186;0.9966596909207984;0.9876641278444932;0.9720665545859686;1.041719532913271;1.152472210806964;851132.0;861376.0;1712508.0;1.0120357359375514;BW
CAF;262652.0;264003.0;357818.0;391017.0;275999.0;339558.0;132637.0;183363.0;90743.0;129144.0;113876.0;164635.0;1.005143688226246;1.0927818052753075;1.2302870662574863;1.3824423049375365;1.4231841574556716;1.4457392251220629;1233725.0;1471720.0;2705445.0;1.1929076577032969;CF
CAN;859220.0;831215.0;1703576.0;1613701.9999999998;2835886.0000000005;2672610.0;2670837.0;2663180.0;2410107.0;2455588.0;6051738.999999999;6693472.0;0.9674064849514676;0.9472439151525964;0.942425048115474;0.9971331084600072;1.0188709463936665;1.1060410900073518;16531365.0;16929767.0;33461132.0;1.0240997642965357;CA
CHE;177272.0;167176.0;326618.0;305761.0;595620.0;575215.0;634837.0;622734.0;621721.0;617258.0;1396824.0000000002;1559442.0;0.9430479714788572;0.9361425273561164;0.9657415802021424;0.9809352636976104;0.9928215389217994;1.1164198209652754;3752892.0;3847586.0;7600478.0;1.0252322742034676;CH
CHL;490485.0;470962.0;948358.0;921345.0;1631175.0;1592575.0000000002;1462648.0;1437704.0;1288475.0;1290442.0;2288839.0;2576379.0;0.9601965401592302;0.971516030865981;0.976336076754487;0.9829459993108388;1.0015266109160053;1.125627010025607;8109980.0;8289407.0;16399387.0;1.0221242222545557;CL
CHN;35898813.0;30602079.0;60215679.0;51599603.0;107500550.0;95927876.0;107549841.0;101261144.0;114053869.0;111540180.0;182039317.0;203082076.0;0.8524537844747123;0.8569130807276956;0.8923477693835055;0.941527603002221;0.9779605109231324;1.1155945833393783;607258069.0;594012958.0;1201271027.0;0.9781886619937198;CN
CIV;1398992.0;1329488.0;1995024.0;1827216.0;2180245.0;2242269.0;1840616.0;1801964.0;1170158.0;991152.0;1006704.0;961653.0;0.9503185150451182;0.9158867261747226;1.0284481789890585;0.9790005085254068;0.8470240770904442;0.9552490106327182;9591739.0;9153742.0;18745481.0;0.9543360176918908;CI
CMR;1264664.0;1259038.0;1825919.0;1824903.0;2048479.0;2063118.0;1467926.0;1485693.0;913051.0;938235.0;853692.0;975804.0;0.99555138756223;0.9994435678691114;1.0071462777992843;1.012103471155903;1.0275822489652824;1.1430398785510465;8373731.0;8546791.0;16920522.0;1.0206670121120442;CM
COD;4562988.0;4580420.0;6522925.0;6566804.0;6897231.0;7002344.000000001;4448667.0;4557377.0;2954556.0;3110884.0;3412435.0;3890868.0;1.0038203037132687;1.0067268901604725;1.0152398839476309;1.0244365334604726;1.0529108265336653;1.1402028170499952;28798802.0;29708697.0;58507499.0;1.0315948906485763;CD
COG;271231.0;268173.0;374052.0;371045.0;415300.0;414035.0;339910.0;339090.0;241149.00000000003;246113.0;219349.0;243694.0;0.9887254775449708;0.9919610107685564;0.996954009150012;0.997587596716778;1.0205847836814583;1.1109875130499798;1860991.0;1882150.0;3743141.0;1.0113697486984086;CG
COK;523.0;498.0;599.0;607.0;711.0;856.0;826.0;917.0;912.0;999.0;1802.0000000000005;1889.0000000000005;0.9521988527724664;1.013355592654424;1.2039381153305204;1.1101694915254237;1.0953947368421053;1.048279689234184;5373.0;5766.0;11139.0;1.073143495254048;CK
COL;1612023.0;1547754.0;3088703.0;3015342.0000000005;4468529.0;4459550.0;3743573.0;3811879.0;3018604.0;3191417.0;4625495.0;5417782.0;0.9601314621441506;0.9762486066157868;0.9979906139134376;1.0182462048956973;1.057249311271038;1.171286964962669;20556927.0;21443724.0;42000651.0;1.0431385975150858;CO
COM;36223.0;34397.0;55825.0;54085.0;57316.0;60730.0;49801.0;48769.0;34952.0;32483.0;38360.99999999999;41347.0;0.94959003947768;0.9688311688311688;1.0595645195058971;0.9792775245477;0.929360265506981;1.0778394723808036;272478.0;271811.0;544289.0;0.9975520959490308;KM
CPV;20045.0;18560.0;31761.0;27960.0;48522.0;44904.0;39806.0;36016.0;25723.0;23857.000000000004;32488.0;41633.0;0.9259166874532302;0.8803249267970152;0.9254358847533076;0.9047882228809728;0.9274579170392258;1.2814885496183208;198345.0;192930.0;391275.0;0.9726990849277772;CV
CRI;147839.0;141641.0;271457.0;260668.0;414478.0;403057.0;386072.0;388197.0;297212.0;319385.0;528157.0;610643.0;0.9580760151245612;0.9602552153748108;0.9724448583519512;1.005504154665451;1.0746033134597526;1.156177045840536;2045215.0;2123591.0;4168806.0;1.0383216434457991;CR
CUB;236225.0;224898.0;477997.0;456765.0;749265.0;709500.0;685844.0;659360.0;868149.0;898650.0;1604644.0;1864196.0;0.9520499523759128;0.9555813111797772;0.9469279894296412;0.961384804707776;1.0351333699629903;1.161750519118259;4622124.0;4813369.0;9435493.0;1.0413759994322955;CU
CUW;4205.0;4083.0;9469.0;8301.0;16420.0;13960.0;11310.0;11602.0;10804.000000000002;13092.0;22445.000000000004;33164.99999999999;0.970986920332937;0.8766501214489386;0.8501827040194885;1.025817860300619;1.2117734172528691;1.4776119402985068;74653.0;84203.0;158856.0;1.1279252005947518;CW
CYM;1526.0;1483.0;2559.0;2522.0;5979.0;5910.0;7063.0;6867.0;6457.0;6178.0;7172.999999999998;7581.000000000001;0.971821756225426;0.9855412270418132;0.9884596086302058;0.9722497522299306;0.9567910794486604;1.0568799665411963;30757.0;30541.0;61298.0;0.9929772084403552;KY
CYP;27005.0;25408.0;52441.00000000001;50262.0;116183.0;104029.0;126384.0;115257.0;87479.0;92402.0;160811.0;178837.0;0.9408628031845956;0.9584485421712018;0.8953891705326941;0.9119587922521838;1.05627636347009;1.1120943219058397;570303.0;566195.0;1136498.0;0.9927968115194904;CY
CZE;238138.0;227884.0;385779.0;369423.0;681332.0;640873.0;802552.0;748765.0;851755.0;810889.0;1567080.0;1915577.0;0.9569409334083598;0.9576026688855536;0.9406177898586886;0.9329800436607224;0.952021414608661;1.222386221507517;4526636.0;4713411.0;9240047.0;1.041261325187181;CZ
DEU;1570581.0;1481371.0;3072591.0;2834369.0;5405591.0;5007423.0;5463654.0;5304351.0;5496809.0;5456163.0;15022915.0;17306494.0;0.9431993638023126;0.922468691732808;0.9263414490663464;0.9708431390421136;0.992605528043634;1.1520063849126485;36032141.0;37390171.0;73422312.0;1.037689406244275;DE
DJI;46410.0;45672.0;79007.0;78365.00000000001;93011.0;93396.0;73804.0;75788.0;56888.0;60164.0;57543.0;66606.0;0.98409825468649;0.9918741377346312;1.0041392953521626;1.026882011815078;1.057586837294333;1.1574996089880611;406663.0;419991.0;826654.0;1.032774065995677;DJ
DMA;1691.0;1797.0;3170.0;3155.0;5410.0;5365.0;4763.0;4557.0;4455.0;4283.0;8274.0;8486.0;1.0626848018923714;0.995268138801262;0.9916820702402958;0.9567499475120722;0.961391694725028;1.0256224317138023;27763.0;27643.0;55406.0;0.9956777005366856;DM
DNK;142367.0;135795.0;262241.0;252666.0;410261.0;394625.0;348652.0;342561.0;386523.0;387016.0;948313.0;1043716.0000000002;0.9538376168634586;0.9634877841374918;0.9618876763816204;0.9825298578525292;1.0012754739045284;1.1006028600261728;2498357.0;2556379.0;5054736.0;1.0232240628541078;DK
DOM;397682.0;381375.0;690934.0;666442.0;912407.0;894882.0;744642.0;745863.0;595167.0;616363.0;815734.9999999999;967490.0;0.9589948753023771;0.9645523306133436;0.9807925629680614;1.0016397141176565;1.0356135336804628;1.1860346803802706;4156567.0;4272415.0;8428982.0;1.027871077261596;DO
DZA;1499953.0;1433549.0;2066624.0;1992827.0;3528523.0;3304429.0;3673647.0;3473051.0;2663745.0;2540016.0;3161529.0000000005;3189117.0;0.9557292795174248;0.9642910369762472;0.9364907073016104;0.9453959512168698;0.953550734022964;1.008726157501639;16594021.0;15932989.0;32527010.0;0.9601644471825124;DZ
ECU;644381.0;618853.0;1114295.0;1077562.0;1503493.0;1478553.0;1251913.0;1256548.0;953306.0;980389.0;1313418.0;1505445.0;0.960383686049092;0.9670347618898048;0.9834119613460124;1.0037023339481257;1.028409555798453;1.146204026440935;6780806.0;6917350.0;13698156.0;1.0201368391899135;EC
EGY;4383052.0;4189992.0;6892220.0;6601221.000000001;8844637.0;8483311.0;7644512.000000001;7455167.0;5552973.0;5360964.0;6153680.0;7091865.0;0.9559530664933932;0.9577786257548369;0.9591474472044472;0.9752312508633644;0.9654223062132664;1.1524591788978302;39471074.0;39182520.0;78653594.0;0.9926894819228886;EG
ERI;172616.0;170291.0;253481.0;250369.0;240846.00000000003;239437.0;148080.0;156923.0;112931.0;130670.0;136193.0;174451.99999999997;0.9865307966816518;0.9877229457040172;0.9941497886616344;1.0597177201512695;1.1570782159017452;1.2809175214585182;1064147.0;1122142.0;2186289.0;1.054499049473428;ER
ESH;16528.000000000004;15807.0;29418.0;26494.0;53253.0;41490.0;64658.0;46044.0;44309.0;28133.0;43848.000000000015;37473.00000000001;0.9563770571151984;0.9006050717247943;0.7791110359979719;0.7121160567911163;0.6349274413775983;0.8546113847837985;252014.0;195441.0;447455.0;0.7755164395628814;EH
ESP;1049018.0;991252.0;1760471.0000000002;1656994.0;2682097.0;2616179.0;3406463.0;3359895.0;3955980.0;3872376.0;7624310.0;9018800.0;0.944933261393036;0.941221979799724;0.9754229619584974;0.986329515394707;0.9788664250072044;1.1829004854209757;20478339.0;21515496.0;41993835.0;1.0506465392530129;ES
EST;31612.0;29681.0;46845.99999999999;44939.0;88959.0;81686.0;102749.0;94950.0;93663.0;91948.0;180336.99999999997;275528.9999999999;0.9389156016702518;0.959292148742689;0.9182432356478828;0.9240965848816048;0.981689674684774;1.527856180373412;544166.0;618732.9999999999;1162899.0;1.1370298769125595;EE
ETH;5957806.0;5791737.0;9174349.0;9021622.0;9927497.0;9819776.0;6139873.0;6153588.0;4032029.0;4312568.0;4354895.000000001;5111996.999999999;0.9721258127572464;0.9833528242712372;0.9891492286524992;1.002233759558219;1.0695776245656965;1.173850804669228;39586449.0;40211288.0;79797737.0;1.015784163919325;ET
FIN;127697.0;122320.0;219251.0;206756.0;367622.0;344978.0;372333.0;348841.0;338860.0;327135.0;938170.0;1096030.9999999998;0.957892511178806;0.9430105221869;0.93840412162493;0.9369059417242092;0.96539868972437;1.1682648134133469;2363933.0;2446061.0;4809994.0;1.034742101404735;FI
FJI;32747.0;33288.0;52009.0;52713.0;73211.0;72905.0;66815.0;66645.0;48776.0;48303.0;63449.0;73804.0;1.0165205973066236;1.0135361187486782;0.9958203002281076;0.9974556611539324;0.9903026078399212;1.1632019417169694;337007.0;347658.0;684665.0;1.0316046847691591;FJ
FLK;65.0;77.0;105.0;111.0;219.0;244.0;291.0;274.0;346.0;311.0;432.00000000000006;480.00000000000006;1.1846153846153846;1.0571428571428572;1.1141552511415524;0.9415807560137456;0.8988439306358381;1.1111111111111112;1458.0;1497.0;2955.0;1.0267489711934157;FK
FRA;1689367.0;1603571.0;2898434.0;2754285.0;3802443.0;3813108.0;3987625.0;4147585.0;4213463.0;4320827.0;10248004.0;12487636.0;0.9492141139255116;0.9502665922356692;1.0028047757717866;1.0401141030061754;1.025481177834005;1.2185432402251208;26839336.0;29127012.0;55966348.0;1.0852359387728518;FR
FRO;1541.0;1497.0;2645.0;2322.0;3543.0;3073.0;3460.0;3111.0;3564.0;3104.0;8108.999999999998;8110.999999999997;0.9714471122647632;0.877882797731569;0.8673440587073102;0.8991329479768786;0.8709315375982043;1.0002466395363176;22862.0;21218.0;44080.0;0.9280902808153266;FO
FSM;4709.0;4738.0;7948.000000000001;7799.0;9204.0;8819.0;5687.0;5707.0;4516.0;5001.0;6364.999999999999;8038.0;1.006158420046719;0.981253145445395;0.9581703607127336;1.0035167926850712;1.1073959255978745;1.262843676355067;38429.0;40102.0;78531.0;1.0435348304665748;FM
GAB;94427.0;94127.0;142934.0;141930.0;196469.0;184572.0;170348.0;151821.0;108520.0;98415.0;107262.0;113636.0;0.9968229425905726;0.9929757790308814;0.93944591767658;0.8912402845938902;0.9068835237744196;1.059424586526449;819960.0;784501.0;1604461.0;0.956755207571101;GA
GBR;1666107.0;1584599.0;2859062.0000000005;2699477.0;4615002.0;4480328.0;4456622.0;4539491.0;4326181.0;4488131.0;10048955.0;11525335.0;0.951078772251722;0.9441827424518948;0.9708182141632876;1.018594576789326;1.0374348646069131;1.1469187592142664;27971929.0;29317361.0;57289290.0;1.048099364187575;GB
GEO;94632.0;89666.0;153248.0;144148.0;255427.00000000003;258691.0;258399.0;277617.0;215465.0;251248.0;408027.0;646400.0000000001;0.947523036604954;0.940619127166423;1.012778602105494;1.0743733528380528;1.1660733761863875;1.5842088881373049;1385198.0;1667770.0;3052968.0;1.2039939416603258;GE
GGY;1371.0;1229.0;2486.0;2386.0;4036.0;3862.0;4164.0;3988.0;4333.0;4591.0;10832.999999999996;12118.0;0.8964259664478483;0.9597747385358004;0.9568880079286424;0.957732949087416;1.059543041772444;1.118619034431829;27223.0;28174.0;55397.0;1.0349336957719577;GG
GHA;1420614.0;1395992.0;2173741.0;2142221.0;2546690.0;2527519.0;2041252.0;2047938.0;1358248.0;1403421.0;1383852.0;1579270.0000000002;0.9826680576145244;0.9854996524424944;0.9924721893909348;1.0032754407589068;1.0332582856738977;1.1412130776990606;10924397.0;11096361.0;22020758.0;1.015741280731559;GH
GIB;943.0;914.0;1682.0;1608.0;2517.0;2475.0;2615.0;2589.0;2499.0;2525.0;5390.999999999998;5919.0;0.9692470837751856;0.9560047562425684;0.9833134684147796;0.990057361376673;1.010404161664666;1.09794101279911;15646.999999999998;16030.0;31677.0;1.0244775356298332;GI
GIN;651623.0;634996.0;983505.0;961552.0;1090837.0;1092634.0;628924.0;691782.0;387537.0;466822.0;471372.0;610348.0;0.9744837122078256;0.9776788120040062;1.0016473588629649;1.099945303407089;1.204586916862132;1.294832955712261;4213798.0;4458134.0;8671932.0;1.0579847444039796;GN
GLP;10363.0;9633.0;14224.000000000004;13603.0;15171.0;19271.0;15557.0;22900.0;22280.0;30339.0;64309.00000000001;81994.0;0.929557078066197;0.9563413948256464;1.2702524553424297;1.4720061708555634;1.3617145421903052;1.2750003887480756;141904.0;177740.0;319644.0;1.252536926372759;GP
GMB;123492.0;121396.0;180732.0;178414.0;202760.0;203405.0;126832.0;128688.0;81865.0;87707.0;92485.0;110496.0;0.983027240630972;0.9871743797445942;1.003181100808838;1.0146335309701022;1.0713613876504;1.1947450937989943;808166.0;830106.0;1638272.0;1.0271478879339146;GM
GNB;97228.0;95616.0;144915.0;143459.0;160681.0;161154.0;115497.0;118029.0;71740.0;80338.0;61389.0;88712.0;0.9834204138725468;0.9899527309112238;1.0029437207883944;1.0219226473414893;1.119849456370226;1.44507973741224;651450.0;687308.0;1338758.0;1.0550433648015964;GW
GNQ;72472.0;71464.0;105514.0;96548.0;151390.0;127091.0;137339.0;99096.0;87961.0;65084.99999999999;82312.0;81059.0;0.9860911800419472;0.9150254942472088;0.8394940220622233;0.7215430431268612;0.739930196337013;0.9847774322091554;636988.0;540343.0;1177331.0;0.8482781465270931;GQ
GRC;221695.0;208135.0;384656.0;348561.0;556305.0;522905.0;688431.0;689761.0;769790.0;806721.0;1718349.0000000005;2123605.0;0.938834885766481;0.906162909196789;0.9399609926209544;1.001931929271053;1.0479754218683015;1.2358403327845504;4339226.0;4699688.0;9038914.0;1.0830705752592744;GR
GRD;3524.0;3377.0;6109.0;5863.000000000001;10102.0;9748.0;9013.0;8930.0;6364.000000000001;5954.0;12571.999999999998;13756.999999999998;0.9582860385925084;0.9597315436241612;0.9649574341714512;0.9907910795517586;0.9355751099937144;1.0942570792236717;47684.0;47629.0;95313.0;0.9988465732740542;GD
GRL;1446.0;1365.0;2591.0;2466.0000000000005;4702.0;4484.0;4031.0;3583.0;3473.0;2828.0;7630.0;6451.0;0.9439834024896264;0.9517560787340796;0.9536367503190132;0.8888613247333168;0.8142816009213936;0.845478374836173;23873.0;21177.0;45050.0;0.8870690738491183;GL
GTM;766643.0;748850.0;1303654.0;1278734.0;1568061.0;1557905.0;1082171.0;1108596.0;647515.0;724679.0;785031.0;960850.0;0.9767910226793958;0.9808844984942324;0.9935232111505866;1.0244185068718346;1.119169440090191;1.2239644039534745;6153075.0;6379614.0;12532689.0;1.03681720115552;GT
GUF;12281.0;12109.0;16099.0;17064.000000000004;18218.0;21766.0;18024.0;21205.0;14834.0;16868.0;21422.0;23149.0;0.9859946258448008;1.059941611280204;1.194752442639148;1.1764869063470929;1.137117432924363;1.0806180562039025;100878.0;112161.0;213039.0;1.1118479747814192;GF
GUM;4927.0;4717.0;8519.0;7828.0;11842.0;10568.0;9531.0;9177.0;9747.0;9822.999999999998;18583.0;19934.999999999996;0.9573777146336512;0.9188871933325508;0.8924168214828576;0.9628580421781556;1.0077972709551657;1.07275466824517;63149.0;62047.99999999999;125197.0;0.9825650445771112;GU
GUY;29636.0;28665.0;52651.0;51301.0;65502.0;69556.0;43779.0;49510.0;40994.0;45915.0;53741.00000000001;65881.0;0.9672357943042246;0.9743594613587586;1.0618912399621383;1.130907512734416;1.1200419573596136;1.2258982899462234;286303.0;310828.0;597131.0;1.0856609955187335;GY
HKG;116840.0;113784.0;202583.0;204850.0;437357.0;527102.0;457267.0;710233.0;467862.0;678366.0;1298668.0;1490523.0000000002;0.973844573776104;1.011190475015179;1.2051984991665847;1.553212893123711;1.449927542736961;1.1477321378520149;2980577.0;3724858.0;6705435.0;1.249710374870369;HK
HND;435405.0;415238.0;753008.0;721621.0;921829.0;892935.0;706427.0;695131.0;458275.0;470820.0;464048.0;541217.0;0.9536822039250812;0.9583178399167074;0.9686557919093456;0.9840096712045264;1.027374393104577;1.1662952970382374;3738992.0;3736962.0;7475954.0;0.9994570729223278;HN
HRV;84310.0;79881.0;143218.0;135161.0;221859.0;210182.0;267006.0;258873.0;266219.0;267425.0;634640.0;820356.0;0.9474676788044124;0.9437431049169795;0.9473674721332016;0.9695400103368464;1.0045301049136235;1.2926320433631666;1617252.0;1771878.0;3389130.0;1.095610331599528;HR
HTI;471054.0;465524.0;773193.0;770366.0;972413.0;978433.0;733292.0;744785.0;501690.0;520817.0;545406.0;656193.0;0.9882603692994858;0.9963437330653536;1.006190785191066;1.0156731561233452;1.0381251370368154;1.2031275783544737;3997048.0;4136118.0;8133166.0;1.0347931773648953;HT
HUN;206368.0;195843.0;359141.0;339601.0;634194.0;593186.0;683737.0000000001;658760.0;778328.0;771449.0;1312479.0;1843490.0;0.9489988757946968;0.9455923996424802;0.935338398029625;0.9634698721876978;0.9911618238069296;1.4045862829043358;3974247.0;4402329.0;8376576.0;1.1077139895935004;HU
IDN;9621909.0;9136538.0;15830742.0;15053503.0;21945659.0;20946941.0;21034034.0;20347915.0;17759093.0;17748815.0;20834316.0;24197194.0;0.9495556443113315;0.9509031857129628;0.9544913187614916;0.9673805319512178;0.9994212542273414;1.1614105305880933;107025753.0;107430906.0;214456659.0;1.0037855655171144;ID
IMN;1934.0;1725.0;3237.0000000000005;2920.0;4521.0;4560.0;4951.0;5214.0;5995.0;6146.0;15241.999999999996;16320.000000000002;0.8919338159255429;0.9020698177324682;1.008626410086264;1.0531205817006666;1.0251876563803168;1.0707256265581948;35880.0;36885.0;72765.0;1.028010033444816;IM
IND;53370477.0;48514097.0;95206130.0;86335660.0;125560752.0;114967605.0;106295183.0;98601097.0;79815755.0;76345941.0;102985377.0;107218688.00000004;0.9090062470305448;0.9068287934821004;0.9156332943912282;0.927615854426818;0.9565272044347636;1.0411059426427116;563233674.0;531983088.0;1095216762.0;0.9445157712640596;IN
IRL;144181.0;137229.0;235415.0;227636.0;310885.0;308647.0;373871.0;400756.0;359848.0;366173.0;662403.0;718239.0;0.9517828285280308;0.96695622623877;0.9928011965839458;1.0719098298611018;1.017576865787777;1.0842930964986572;2086603.0;2158680.0;4245283.0;1.0345427472307862;IE
IRN;2606041.0;2468510.0;4154545.0;3964103.999999999;7588411.0;7310938.0;8592455.0;8275421.0;5677433.0;5422742.0;7197989.0;7397505.000000002;0.9472260797124834;0.9541608046127792;0.9634346373700634;0.9631032108983988;0.9551397612265966;1.0277182974300183;35816874.0;34839220.0;70656094.0;0.9727040947236212;IR
IRQ;1957650.0;1866563.0;3024299.0;2900692.0;3505869.0;3422561.0;2484982.0;2500644.0;1795164.0;1876527.0;1572164.0;2025042.0;0.953471253799198;0.9591287104879512;0.976237560502118;1.0063026613472452;1.0453234356303938;1.28806027869866;14340128.0;14592029.0;28932157.0;1.017566161194656;IQ
ISL;9941.0;9418.0;17808.0;17420.0;33289.0;29643.0;28457.0;25163.0;23934.0;22302.0;49976.0;51970.0;0.9473895986319284;0.9782120395327942;0.8904743308600438;0.8842464068594722;0.9318124843319128;1.0398991515927645;163405.0;155916.0;319321.0;0.9541690890731618;IS
ISR;303598.0;289119.0;495964.0;475043.0;620791.0;603394.0;562015.0;565087.0;490317.0;500984.0;872838.0;1018549.0;0.952308644984486;0.9578175028832738;0.971976075684087;1.0054660462799037;1.0217553133992907;1.1669393404045196;3345523.0;3452176.0;6797699.0;1.0318793205128167;IL
ITA;1184022.0;1116380.0;2172835.0;2007649.0;3327501.0;3141574.0;3620671.0;3580397.0;4626941.0;4700315.0;10689914.0;12656591.000000002;0.942870993951126;0.9239767400653984;0.944124133997255;0.9888766474501548;1.015857993434539;1.183975006721289;25621884.0;27202906.0;52824790.0;1.0617059229524262;IT
JAM;91359.0;88283.0;171031.0;165370.0;266436.0;258195.00000000003;223619.0;218449.0;170186.0;178622.0;224830.0;277238.0;0.9663306297135476;0.9669007372932392;0.9690694951132732;0.9768803187564564;1.0495692947716029;1.233100564871236;1147461.0;1186157.0;2333618.0;1.0337231505035902;JM
JEY;2126.0000000000005;2164.0;3946.0;3759.0;6305.0;6155.0;7372.0;7413.0;7783.000000000001;7781.0;16428.0;18281.0;1.017873941674506;0.9526102382159148;0.9762093576526566;1.0055615843733043;0.9997430296800718;1.1127952276600923;43960.0;45553.0;89513.0;1.0362374886260235;JE
JOR;457719.0;456778.0;706623.0000000001;691586.0;1013301.0;900075.0;778527.0;695840.0;595106.0;524818.0;605934.0;583077.0;0.9979441535090308;0.9787199114662272;0.8882602504093058;0.8937904529964921;0.881889949017486;0.9622780698887998;4157210.0;3852174.0;8009384.0;0.9266248277089684;JO
JPN;2305113.0;2175860.0;4312626.0;4096723.0;6245347.0;6000466.0;7446355.0;7266449.0;9585967.0;9400646.0;24006218.0;28284094.0;0.943927694650978;0.9499369989421758;0.9607898488266544;0.9758397229248404;0.9806674694373556;1.1781986650292018;53901626.0;57224238.0;111125864.0;1.0616421478639624;JP
KAZ;655688.0;625925.0;873034.0;838843.0;1497262.0;1459249.0;1407348.0;1417214.0;1060986.0;1169752.0;1462258.0;2100448.0;0.9546079842852088;0.9608365768114416;0.9746116578127276;1.0070103485420805;1.1025140765288135;1.436441448773062;6956576.0;7611431.0;14568007.0;1.0941346719995584;KZ
KEN;2612824.0;2608414.0;3796125.0;3909898.999999999;4157938.0;4312231.0;3148907.0;3046981.0;1991361.0;1967521.0;1808273.0;2100327.0;0.9983121710455812;1.0299710889393787;1.0371080569262938;0.9676313082602948;0.9880282881908402;1.161509904754426;17515428.0;17945373.0;35460801.0;1.0245466453917085;KE
KGZ;250084.0;234891.0;366986.0;372336.0;551907.0;560313.0;442098.0;453801.0;331932.0;350541.0;411024.00000000006;519238.0;0.9392484125333888;1.0145782127928586;1.0152308269327983;1.0264715063176038;1.0560626875384114;1.2632790299349914;2354031.0;2491120.0;4845151.0;1.0582358516094308;KG
KHM;676530.0;648968.0;986041.0;986728.0;1372048.0;1420830.0;1232461.0;1269441.0;735502.0;792769.0;970876.0;1316501.0;0.9592597519696096;1.0006967255925463;1.035554149709048;1.0300050062436052;1.0778611071077986;1.355992938336101;5973458.0;6435237.0;12408695.0;1.077305138832482;KH
KIR;4917.0;5067.0;7898.0;7814.0;10450.0;11210.0;7642.0;8493.0;4910.0;5755.0;5928.999999999998;8084.0;1.0305064063453324;0.9893643960496328;1.0727272727272728;1.1113582831719446;1.1720977596741344;1.3634677011300391;41746.0;46423.0;88169.0;1.1120346859579362;KI
KNA;1210.0;1331.0;2225.0;2389.0;3524.0;3779.0;3436.0;3934.0;3055.0;3189.0;4973.999999999999;5682.999999999998;1.1;1.0737078651685392;1.0723609534619751;1.1449359720605354;1.0438625204582652;1.142541214314435;18424.0;20305.0;38729.0;1.1020950933564917;KN
KOR;935342.0;877436.0;2088333.0;1923440.0;3765721.0;3315059.0;3862713.0;3619286.0;4300028.0;4200667.0;8141950.0;9395261.000000004;0.9380910939528;0.9210408493281484;0.88032517544449;0.9369803037398844;0.9768929411622436;1.15393253458938;23094087.0;23331149.000000004;46425236.0;1.010265051829068;KR
KWT;116734.0;110330.0;175771.0;156674.0;643380.0;329968.0;792255.0;407486.0;491397.00000000006;261458.0;282189.00000000006;182366.00000000003;0.9451402333510374;0.891352953558892;0.5128664241972085;0.5143369243488524;0.5320708103631075;0.6462548150353132;2501726.0;1448282.0;3950008.0;0.5789131183830684;KW
LAO;300927.0;292083.0;509602.0;496038.0000000001;662316.0;653416.0;511705.0;498991.00000000006;342179.0;343980.0;382427.0;428599.0000000001;0.9706108125890996;0.9733831499876376;0.9865623056063872;0.9751536529836528;1.005263327089038;1.1207341531847912;2709156.0;2713107.0;5422263.0;1.0014583877783338;LA
LBN;218691.0;203082.0;351317.0;319027.0;351826.0;405868.0;330917.0;374192.00000000006;298672.0;345144.0;507605.0;610340.0;0.9286253206579146;0.9080887062111996;1.15360433850824;1.1307729732833312;1.1555954357957894;1.2023916234079648;2059028.0;2257653.0;4316681.0;1.0964654196057555;LB
LBR;261168.0;255608.0;369094.0;363754.0;373465.0;374705.0;285198.0;290743.0;185974.0;197938.0;196974.0;225797.0;0.9787110212583472;0.985532140863845;1.0033202575877258;1.0194426328375374;1.0643315732306666;1.1463289571212445;1671873.0;1708545.0;3380418.0;1.0219346804452252;LR
LBY;280582.0;263590.0;431407.0;410786.0;543788.0;517871.0;565690.0;536574.0;477698.0;463925.0;413553.0;447852.0;0.9394401636598214;0.9522005901619583;0.9523398824541917;0.9485301136664958;0.9711679764202488;1.0829373744115025;2712718.0;2640598.0;5353316.0;0.973414118238608;LY
LCA;5066.0;4805.0;9966.0;9653.0;16049.0;15545.0;13609.0;13731.0;11943.0;12381.0;16764.0;19719.0;0.948480063166206;0.9685932169375878;0.968596174216462;1.0089646557425234;1.036674202461693;1.1762705798138868;73397.0;75834.0;149231.0;1.0332029919478998;LC
LIE;802.0;741.0;1459.0;1451.0;2474.0;2356.0;2503.0;2581.0;2912.0;2931.0;6648.999999999999;7300.0;0.9239401496259352;0.9945167923235092;0.952303961196443;1.0311626048741511;1.0065247252747254;1.0979094600691834;16799.0;17360.0;34159.0;1.033394844931246;LI
LKA;734704.0;719047.0;1207421.0;1177080.0;1592181.0;1630870.0;1552115.0;1667585.0;1332414.0;1435497.0;2223130.0;2836943.000000001;0.978689376946362;0.9748712338115704;1.0242993729984216;1.0743952606604537;1.0773655935767712;1.2761030618992146;8641965.0;9467022.0;18108987.0;1.0954709953118302;LK
LSO;97073.0;96796.0;153907.0;155112.0;201137.0;207600.0;145517.0;155801.0;68084.0;73803.0;73059.0;113871.0;0.997146477393302;1.0078294034709272;1.0321323277169292;1.070672155143385;1.0839991774866342;1.558617008171478;738777.0;802983.0;1541760.0;1.0869084987756792;LS
LTU;55290.0;53324.0;109153.0;104084.0;205262.0;184065.0;196164.0;175469.0;190025.0;195718.0;379001.0;596108.0000000001;0.9644420329173448;0.9535605984260624;0.8967319815650242;0.8945015395281499;1.0299592158926456;1.572840177202699;1134895.0;1308768.0;2443663.0;1.1532062437494215;LT
LUX;14218.0;13345.0;27206.000000000004;25406.0;53302.0;50778.0;51546.0;50713.0;48319.0;46088.0;88019.99999999997;94239.0;0.9385989590659728;0.9338381239432476;0.9526471802183782;0.9838396771815466;0.9538276868312672;1.0706543967280169;282611.0;280569.0;563180.0;0.99277452045391;LU
LVA;42413.0;40607.0;63250.0;59860.0;114811.0;106753.0;133179.0;129356.0;124125.0;132998.0;252076.0;409032.0;0.9574187159597294;0.946403162055336;0.929815087404517;0.9712942731211376;1.071484390735146;1.6226534854567671;729854.0;878606.0;1608460.0;1.2038106251387264;LV
MAC;11339.0;11504.0;24102.0;29489.0;58706.0;66915.0;55302.0;68109.0;43368.0;57493.0;86009.0;101723.0;1.014551547755534;1.2235084225375488;1.1398323851054406;1.2315829445589672;1.3257009776793949;1.1827018102756688;278826.0;335233.0;614059.0;1.2023017939503489;MO
MAF;871.0;837.0;1195.0;1202.0;1375.0;1685.0;1469.0;1857.0;1663.0;2011.0;3913.999999999999;4715.0;0.9609644087256028;1.005857740585774;1.2254545454545454;1.264125255275698;1.2092603728202045;1.2046499744506902;10487.0;12307.0;22794.0;1.1735482025364736;MF
MAR;1310455.0;1250924.0;2110308.0;2007124.0;2960042.9999999995;2837151.0;2707309.0000000005;2677587.0;2132283.0;2141135.0;3004724.0;3201644.0;0.9545722668844028;0.9511047676452916;0.9584830355504972;0.9890215708661256;1.0041514189251617;1.0655368013834217;14225122.0;14115565.0;28340687.0;0.9922983437330098;MA
MCO;634.0;593.0;1272.0;1217.0;1809.9999999999995;1741.0;1651.0;1784.9999999999995;1806.0;2008.0;9562.0;10263.000000000002;0.9353312302839116;0.9567610062893082;0.9618784530386744;1.081162931556632;1.1118493909191585;1.0733110227985778;16735.0;17607.0;34342.0;1.0521063639079773;MC
MDA;74109.0;76267.0;106597.0;108198.0;200040.0;208674.0;225374.0;239556.0;174377.0;206043.0;341188.9999999999;541257.0;1.0291192702640706;1.0150191844048142;1.0431613677264546;1.0629265132623993;1.1815950498058805;1.5863846724249615;1121686.0;1379995.0;2501681.0;1.2302863724785724;MD
MDG;1379358.0;1354280.0;2139049.0;2109189.0;2307365.0;2288778.0;1569647.0;1571538.0;1086860.0;1106793.0;1132064.0;1238796.9999999998;0.98181907815085;0.9860405254858584;0.9919444907936108;1.0012047294710211;1.018339988590987;1.09428177205529;9614343.0;9669375.0;19283718.0;1.0057239480638458;MG
MDV;13830.0;12067.0;30121.0;18778.0;95013.0;40012.0;73280.0;35515.0;32544.0;21205.0;28809.0;24915.000000000004;0.8725234996384671;0.6234188771953122;0.4211213202403882;0.4846479257641921;0.6515794001966568;0.8648339060710196;273597.0;152492.0;426089.0;0.5573599125721408;MV
MEX;4535347.0;4395674.0;7796981.0;7674492.0;10199634.0;10572517.0;8307989.000000001;9432979.0;6872040.0;8067461.0;9577003.0;11528223.0;0.9692034589635588;0.9842902015536528;1.0365584686666207;1.1354106270482542;1.1739543134207602;1.2037401471002984;47288994.0;51671346.0;98960340.0;1.0926717113077091;MX
MHL;2093.0;1884.0;2639.0;2369.0;2172.0;2196.0;2579.0;2601.0;2036.0;1945.0;2175.0000000000005;2102.0000000000005;0.9001433349259437;0.8976885183781735;1.011049723756906;1.0085304381543234;0.9553045186640472;0.9664367816091954;13694.0;13097.0;26791.0;0.9564042646414488;MH
MKD;41750.0;40664.0;75377.0;74028.0;120360.0;117614.0;127335.0;128708.0;122065.0;128244.0;255602.0;310328.0;0.9739880239520958;0.9821032941082825;0.9771851113326686;1.0107825813798248;1.0506205710072505;1.21410630589745;742489.0;799586.0;1542075.0;1.0768994557495128;MK
MLI;1131874.0;1103716.0;1553031.0;1510357.0;1527225.0;1483778.0;1107032.0;1070455.0;668315.0;653308.0;610295.0;672283.9999999999;0.9751226726649788;0.9725221196486096;0.9715516705135132;0.9669594013542516;0.9775450199382028;1.1015721904980376;6597772.0;6493898.0;13091670.0;0.984256200426447;ML
MLT;9252.0;8473.0;18992.0;16838.0;50002.0;40945.0;48069.0;39936.0;36159.0;31724.0;78589.0;85288.0;0.9158019887591872;0.8865838247683235;0.8188672453101876;0.8308057167821257;0.8773472717718963;1.0852409370268103;241063.0;223204.0;464267.0;0.925915632013208;MT
MMR;1801563.0;1721291.0;3215173.0000000005;3094162.0;4351334.0;4247034.0;4015903.000000001;3984938.0;3222237.0;3307820.0;3893580.0;4687167.0;0.9554431346558516;0.962362522949776;0.9760303392017252;0.9922894053964948;1.0265601195691068;1.2038193641841186;20499790.0;21042412.0;41542202.0;1.0264696370060375;MM
MNE;15875.0;15056.0;27375.0;26620.0;38715.0;37864.0;43321.0;44135.0;38737.0;42706.0;82273.0;107512.99999999996;0.9484094488188975;0.9724200913242008;0.978018855740669;1.018789963297246;1.1024601801894829;1.306783513424817;246296.0;273894.0;520190.0;1.1120521648747848;ME
MNG;111346.0;103915.0;157110.0;147700.0;268198.0;255586.0;252955.0;247238.0;184760.0;194447.0;183320.0;245510.0;0.93326208395452;0.9401056584558588;0.952975040828045;0.9773991421399064;1.052430179692574;1.3392428540257473;1157689.0;1194396.0;2352085.0;1.0317071337811796;MN
MNP;1695.0;1548.0;2227.0;1981.0;2614.0;2322.0;3004.0;2670.0;3946.0;3594.0;5506.999999999999;4941.999999999999;0.913274336283186;0.8895374943870678;0.8882938026013772;0.888814913448735;0.910795742524075;0.8974033048846922;18993.0;17057.0;36050.0;0.8980677091560049;MP
MOZ;1505358.0;1506588.0;2217703.0;2252851.0;2279527.0;2408901.0;1409269.0;1634113.0000000002;862707.0;1021499.0;726057.0;1249669.0;1.0008170813852917;1.0158488309751126;1.0567547565788868;1.15954654505279;1.1840624916686662;1.7211720291933;9000621.0;10073621.0;19074242.0;1.119213996456467;MZ
MRT;225064.0;224535.0;311270.0;325164.0;324693.0;356406.0;221495.0;253036.00000000003;149633.0;172509.0;170337.0;194943.0;0.9976495574592116;1.044636489221576;1.0976707228058504;1.1424005056547553;1.1528807148155822;1.144454816041142;1402492.0;1526593.0;2929085.0;1.0884860662306808;MR
MSR;116.0;100.0;156.0;150.0;276.0;283.0;278.0;309.0;294.0;294.0;771.0000000000002;714.0;0.8620689655172413;0.9615384615384616;1.0253623188405796;1.1115107913669064;1.0;0.9260700389105057;1891.0;1850.0;3741.0;0.978318350079323;MS
MTQ;8510.000000000002;8082.0;12189.0;12005.000000000002;13946.0;17795.0;14496.0;20447.0;20401.0;26876.0;64154.000000000015;80125.00000000001;0.9497062279670974;0.984904422019854;1.2759931163057507;1.4105270419426048;1.317386402627322;1.248947844249774;133696.0;165330.0;299026.0;1.236611416945907;MQ
MUS;34136.0;34843.0;67301.0;65022.0;108879.0;98403.0;99735.0;92213.0;85499.0;83994.0;153927.0;171726.99999999994;1.0207112725568317;0.9661372044991902;0.9037830986691648;0.9245801373640148;0.9823974549409936;1.1156392315838024;549477.0;546202.0;1095679.0;0.9940397869246574;MU
MWI;1025238.0;1041762.0;1452307.0;1481375.0;1490804.0;1616844.0;1043799.0;1172474.0;573237.0;590846.0;509625.0;699950.0;1.0161172332668122;1.0200150519139548;1.084544983780564;1.1232756498138052;1.0307185335210394;1.3734608780966395;6095010.0;6603251.0;12698261.0;1.0833864095382943;MW
MYS;1145047.0;1057859.0;2271822.0;2014955.0;3420636.0;2838425.0;3022419.0;2578463.0;1994249.0;1836471.0;2665052.0;2730133.0;0.9238564006542964;0.8869334833450861;0.8297945177446533;0.8531123580152189;0.920883500505704;1.0244201614077324;14519225.0;13056306.0;27575531.0;0.8992426248646191;MY
MYT;14110.999999999998;15022.0;13199.0;16673.0;17127.0;24845.0;17317.0;20644.0;11994.0;11029.0;10672.0;9951.0;1.0645595634611298;1.2632017577089174;1.450633502656624;1.1921233470000578;0.9195431048857762;0.9324400299850076;84420.0;98164.0;182584.0;1.162805022506515;YT
NAM;113902.0;113088.0;184221.0;181522.0;236954.0;246241.0;166884.0;174328.0;110775.0;116503.0;100671.0;144833.0;0.9928535056452038;0.9853491187215356;1.039193261139293;1.0446058339924738;1.051708417964342;1.4386764808137396;913407.0;976515.0;1889922.0;1.069090777714644;NA
NCL;8578.999999999998;8454.0;14626.0;14648.0;20197.0;20617.0;20382.0;21148.0;19149.0;20232.0;29719.999999999996;32477.000000000007;0.985429537242103;1.001504170654998;1.0207951675991485;1.0375821803552154;1.056556478145073;1.0927658142664878;112653.0;117576.0;230229.0;1.043700567228569;NC
NER;1251785.0;1207849.0;1739004.9999999998;1674218.0;1655240.0;1586779.0;1096653.0;1042375.0;719176.0;692841.0;766077.0;815500.9999999999;0.9649013209137351;0.9627447879678324;0.9586398347067496;0.9505057661812808;0.9633817035051224;1.0645157079510283;7227936.0;7019563.0;14247499.0;0.971171161449133;NE
NGA;10673613.0;10284988.0;15328682.000000002;14776399.0;15913432.0;15426806.0;11683079.0;11418126.999999998;7705584.0;7638177.0;7757429.0;8289068.0;0.9635901170484632;0.9639706140423552;0.969420424205162;0.9773217317113064;0.9912521880236462;1.0685328863467525;69061819.0;67833565.0;136895384.0;0.9822151513269582;NG
NIC;265256.0;258109.0;440478.00000000006;429541.0;582345.0;583677.0;442472.0;478634.0;317196.0;342837.0;339626.99999999994;434910.0;0.973056217389993;0.9751701560577372;1.0022873039177806;1.0817272053372868;1.08083645443196;1.2805518995839555;2387374.0;2527708.0;4915082.0;1.0587817409421398;NI
NIU;61.0;65.0;61.0;92.0;100.0;82.0;98.0;108.0;99.0;127.0;261.00000000000006;270.0;1.0655737704918034;1.5081967213114753;0.82;1.1020408163265305;1.2828282828282829;1.0344827586206895;680.0;744.0;1424.0;1.0941176470588236;NU
NLD;404265.0;386558.0;817822.0;790401.0;1218809.0;1187736.0;1107787.0;1096710.0;1171963.0;1179697.0;2919323.0000000005;3183169.0;0.95619952259038;0.9664706990029616;0.9745054393264244;0.9900007853495302;1.0065991844452429;1.0903791735275608;7639969.0;7824271.0;15464240.0;1.0241233963122105;NL
NOR;135347.0;128114.0;238151.0;225041.0;389938.0;372581.0;372433.0;355787.0;377548.0;362423.0;816097.0;866406.0;0.946559583884386;0.9449508925009764;0.9554877954956942;0.9553047125254744;0.9599388687001388;1.0616458582742003;2329514.0;2310352.0;4639866.0;0.9917742499079208;NO
NPL;1214010.0;1189387.0;2042959.0;2147922.0;2231308.0;2676879.0;1638775.0;2036988.0;1292674.0;1467910.9999999998;1785574.0;2020145.0;0.9797176300030478;1.0513779277998236;1.199690495440343;1.242994309774069;1.1355616342558137;1.131370080433519;10205300.0;11539232.0;21744532.0;1.1307097292583266;NP
NRU;531.0;463.0;654.0;647.0;988.0;885.0;829.0;803.0;434.0;433.0;407.0;516.0000000000001;0.871939736346516;0.9892966360856268;0.895748987854251;0.9686369119420988;0.9976958525345622;1.267813267813268;3843.0;3747.0;7590.0;0.9750195160031224;NR
NZL;134592.0;127507.0;233058.0;220047.0;380685.0;367741.0;332615.0;338265.0;317091.0;329761.0;705807.0;778081.0;0.9473594270090347;0.944172695208918;0.9659981349409617;1.0169866061362236;1.0399569839572866;1.1023990977703535;2103848.0;2161402.0;4265250.0;1.02735653906556;NZ
OMN;119387.0;113908.0;288603.0;186787.0;823143.0;358504.0;722185.0;322021.0;315933.0;156053.0;184984.0;148251.00000000003;0.9541072311055644;0.6472108744538345;0.4355306429138072;0.4458982116770633;0.4939433360870817;0.8014260692816677;2454235.0;1285524.0;3739759.0;0.5237982507787559;OM
PAK;10992094.0;10396262.0;16948083.0;16006978.999999998;19158659.0;18062771.0;13695104.0;13283006.0;9160583.0;9062960.000000002;11167316.0;12046159.0;0.9457944955710896;0.9444713599762284;0.9427993368429388;0.969909100361706;0.9893431455181404;1.078697781991662;81121839.0;78858137.0;159979976.0;0.9720950359618944;PK
PAN;149255.0;142963.0;253262.0;243841.99999999997;339388.0;332526.0;303937.0;301222.0;258429.0;261570.0;370702.0000000001;418412.0;0.9578439583263544;0.9628053162337814;0.9797812533147902;0.9910672277478556;1.012154208699488;1.1287017604436984;1674973.0;1700535.0;3375508.0;1.0152611415228785;PA
PER;1177426.0;1143373.0;1962139.0;1947184.0;2691434.0;2778737.0;2346350.0;2386237.0;1922805.0;1904049.0;2729379.0;2978357.9999999995;0.971078437201149;0.9923782158144758;1.032437354956503;1.0169995951158182;0.9902455007138008;1.0912218493657346;12829533.0;13137938.0;25967471.0;1.02403867701186;PE
PHL;4595206.0;4473328.0;7596662.0;7492532.000000001;9723053.0;9526693.0;7521956.0;7384801.0;5595073.0;5646800.0;6336942.000000002;7700207.0;0.9734771411771312;0.9862926638041816;0.9798046971460508;0.9817660459593224;1.0092450983213266;1.2151297897313875;41368892.0;42224361.0;83593253.0;1.0206790406665955;PH
PLW;478.0;476.0;711.0;654.0;1448.0;1043.0;1606.0;1135.0;1592.0;1237.0;2129.0000000000005;2166.0;0.99581589958159;0.919831223628692;0.7203038674033149;0.7067247820672479;0.7770100502512562;1.0173790511977452;7964.0;6711.0;14675.0;0.8426670015067805;PW
PNG;440290.0;397800.0;709924.0;644195.0;860494.0;815894.0;644058.0;657813.0;464414.0;464067.00000000006;478518.0;435208.0;0.9034954234708942;0.9074140330514252;0.9481693073978436;1.021356772216167;0.99925282183569;0.909491387993764;3597698.0;3414977.0;7012675.0;0.9492116903642274;PG
POL;826905.0;786470.0;1343479.0;1284948.0;2601113.0;2490986.0;3276110.0;3178140.0;2666090.0;2655245.0;5283367.0;6941193.000000002;0.9511007915056748;0.9564332602147112;0.9576615856366102;0.970095631709558;0.9959322453480564;1.3137821014515936;15997064.0;17336982.0;33334046.0;1.0837602450049584;PL
PRI;75356.0;71345.0;146495.0;142415.0;185998.0;197679.0;182793.0;205333.0;204404.0;227794.0;547414.0;693469.9999999999;0.946772652476246;0.9721492201099012;1.0628017505564575;1.1233088794428672;1.1144302459834443;1.2668108597880212;1342460.0;1538036.0;2880496.0;1.1456847876286818;PR
PRK;672858.0;641339.0;1303289.0;1248622.0;1997415.0;1930552.0;1752686.0;1716151.0;1977610.0;1984363.0;2925396.0;3544252.0;0.9531565352570676;0.9580545834423524;0.9665252338647702;0.9791548514679754;1.003414727878601;1.211546060772627;10629254.0;11065279.0;21694533.0;1.041021223126289;KP
PRT;210572.0;201735.0;397042.0;379092.00000000006;561685.0;550435.0;650409.0;687543.0;756569.0;824063.0;1753443.9999999998;2209582.0;0.9580333567615829;0.9547906770568354;0.9799709801757212;1.0570933059044385;1.0892106337954637;1.260138333474009;4329721.0;4852450.0;9182171.0;1.1207304119595696;PT
PRY;240273.0;230340.0;418690.0;403736.00000000006;591971.0;577348.0;467111.0;459325.0;321701.0;322697.0;429266.0;495560.0;0.9586595247905508;0.9642838376842058;0.9752977764113444;0.9833315849979984;1.003096042598562;1.1544357111907302;2469012.0;2489006.0;4958018.0;1.0080979760325182;PY
PSE;226956.0;228802.0;341440.0;349499.0000000001;432112.0;436166.0;286796.0;296576.0;178360.0;193302.0;211604.0;238211.0;1.0081337351733377;1.023602975632615;1.009381826933758;1.0341008940152585;1.0837743888764295;1.1257395890436854;1677268.0;1742556.0;3419824.0;1.0389252045588422;PS
PYF;8970.0;8561.0;14898.999999999998;14287.0;19944.0;19752.0;21162.0;21477.0;19579.0;18956.0;30771.0;30607.0;0.9544035674470456;0.958923417679039;0.9903730445246692;1.0148851715338816;0.9681801930639972;0.9946703064573788;115325.0;113640.0;228965.0;0.9853891177108172;PF
QAT;47588.0;43487.0;151403.0;63040.99999999999;671887.0;197389.0;621073.0;185730.0;281470.0;85558.0;120036.0;54016.0;0.9138228124737328;0.4163788035904175;0.2937830319681732;0.299046971934056;0.3039684513447259;0.4499983338331834;1893457.0;629221.0;2522678.0;0.3323133295342857;QA
REU;27696.0;26679.000000000004;37485.0;38007.0;44504.0;54159.0;49205.0;60510.0;55038.0;61722.0;113582.0;131723.0;0.963279896013865;1.0139255702280912;1.2169467912996583;1.2297530738746063;1.1214433664013954;1.1597172087126482;327510.0;372800.0;700310.0;1.1382858538670575;RE
ROU;448693.00000000006;430710.0;726943.0;697680.0;1148029.0;1090052.0;1378291.0;1288830.0;1569529.0;1540853.0;2564189.0000000005;3451257.0;0.9599213716282624;0.9597451244457956;0.9494986624902332;0.9350928069616647;0.9817295507123476;1.3459448581988298;7835674.0;8499382.0;16335056.0;1.084703370763;RO
RUS;3226806.0;3083652.0;5141393.0;4940994.0;9634238.0;9415474.0;11837523.0;12177534.0;9185667.0;10192909.0;16326671.0;26537394.0;0.9556360066269866;0.9610224310804484;0.9772930666649504;1.0287231543288238;1.1096536593368778;1.6254014060796595;55352298.0;66347957.0;121700255.0;1.1986486450842564;RU
RWA;640060.0;642627.0;916683.0;949765.0;1003422.0;1034534.0;795785.0;845526.0;407073.0;493904.0;492308.0;663924.0000000001;1.0040105615098585;1.0360888115084497;1.031005897817668;1.062505576254893;1.2133057215781935;1.3485947821282611;4255331.0;4630280.0;8885611.0;1.0881127696059367;RW
SAU;970084.0;941600.0;1964930.0;1534132.0;4956371.0;2583790.0;4361412.0;2042196.0;2282696.0;1110996.0;1604429.0;1032308.0;0.9706375942701868;0.7807565663916781;0.5213068190415932;0.4682419363270427;0.4867034418950224;0.6434114566615288;16139922.0;9245022.0;25384944.0;0.5728046269368589;SA
SDN;2272273.0;2229021.0;3480427.0;3441569.0;3679006.0;3775064.0;2267937.0;2576264.0;1482297.0;1776056.0;1886139.0;1923104.0;0.9809653153472316;0.9888352779702032;1.026109769867187;1.1359504254306887;1.198178232837279;1.0195982374575787;15068079.0;15721078.0;30789157.0;1.043336579268001;SD
SEN;852326.0;794676.0;1262229.0;1232511.0;1338050.0;1351808.0;929616.0;935847.0;612523.0;613780.0;710635.0;717174.0;0.932361561186682;0.976455936284145;1.010282126975823;1.0067027675943616;1.002052167836963;1.0092016295285202;5705379.0;5645796.0;11351175.0;0.989556697285141;SN
SGP;141869.0;124895.0;411559.0;334535.0;627993.0;531217.0;449802.0;419947.0;363469.0;351839.0;663871.0;714663.9999999998;0.8803544114640972;0.8128482186029221;0.8458963714563698;0.9336263511500617;0.9680027732764004;1.076510346136523;2658563.0;2477097.0;5135660.0;0.9317428249772528;SG
SHN;106.0;97.0;132.0;132.0;279.0;245.00000000000003;234.0;313.0;369.0;407.0;1195.0;1126.0;0.9150943396226416;1.0;0.878136200716846;1.3376068376068375;1.102981029810298;0.9422594142259414;2315.0;2320.0;4635.0;1.0021598272138228;SH
SLB;34452.0;32009.0;53105.0;51372.0;57045.0;56213.0;47367.0;46315.0;34615.0;32185.0;33328.0;32796.0;0.9290897480552652;0.967366537990773;0.9854150232272768;0.977790444824456;0.9297992199913332;0.9840374459913588;259912.0;250890.0;510802.0;0.9652882514081688;SB
SLE;380851.0;375645.0;587314.0;579997.0;634064.0;632605.0;445473.0;445431.0;293162.0;303939.0;297143.0;345302.0;0.9863306122341808;0.9875415876345532;0.9976989704509324;0.999905718191675;1.0367612446360714;1.1620734797723655;2638007.0;2682919.0;5320926.0;1.0170249737775523;SL
SLV;232100.0;217344.0;442660.0;420901.0;562028.0;559894.0;334500.0;423935.0;266406.0;375864.0;388689.0;584258.0;0.9364239551917276;0.9508448922423532;0.9962030361476653;1.2673692077727952;1.4108691245692664;1.5031503335571628;2226383.0;2582196.0;4808579.0;1.1598166173564926;SV
SMR;725.0;654.0;1287.0;1187.0;1680.0;1654.0000000000002;1965.0;2114.0;2837.0;2960.0;6115.0;6674.0;0.9020689655172414;0.9222999222999224;0.9845238095238096;1.075826972010178;1.0433556573845613;1.0914145543744889;14609.0;15243.0;29852.0;1.0433979054007805;SM
SOM;835609.0;813751.0;1214690.0;1192940.0;1163128.0;1160802.0;782535.0;797162.0;481276.0;506947.0;499706.0;585633.0;0.9738418327231996;0.9820941968732764;0.9980002200961544;1.018691815701534;1.053339455946276;1.1719551096044474;4976944.0;5057235.0;10034179.0;1.0161325906017828;SO
SPM;161.0;157.0;190.0;153.0;257.0;261.0;363.0;361.0;476.0;490.0;993.0000000000002;1084.0000000000005;0.9751552795031057;0.8052631578947368;1.0155642023346303;0.9944903581267218;1.0294117647058822;1.0916414904330314;2440.0;2506.0000000000005;4946.0;1.027049180327869;PM
SRB;134623.0;134718.0;245929.0;247780.0;401561.0;403170.0;465218.0;476435.0;458011.0;482652.0;1062303.0;1366939.0;1.0007056743647074;1.0075265625444745;1.0040068632162984;1.02411127686375;1.0538000179035;1.286769405715695;2767645.0;3111694.0;5879339.0;1.1243111020380143;RS
SSD;590638.0;580265.0;795555.0;783453.0;613787.0;637199.9999999999;552249.0;617575.0;447091.0;508530.00000000006;365473.0;466596.0;0.9824376352351186;0.9847879782038954;1.0381451545894584;1.118290843441998;1.1374194515210552;1.276690754173359;3364793.0;3593619.0;6958412.0;1.0680059664888746;SS
STP;11049.0;11136.0;15042.000000000002;15639.0;14760.0;15074.999999999998;12984.0;13057.999999999998;9092.0;8597.0;9348.0;10401.0;1.0078740157480317;1.0396888711607497;1.021341463414634;1.0056993222427602;0.945556533216014;1.1126444159178437;72275.0;73906.0;146181.0;1.0225665859564164;ST
SUR;22175.0;21535.0;39083.0;38252.0;47156.0;45651.0;43091.0;40440.0;36286.0;35025.0;47766.00000000001;57214.99999999999;0.9711386696730552;0.9787375585292838;0.9680846551870388;0.9384790327446566;0.9652483051314557;1.197818532010216;235557.0;238118.0;473675.0;1.0108721031427637;SR
SVK;114623.0;108427.0;195036.0;185420.00000000003;365880.0;350493.0;452789.0;430264.0;411402.0;400076.0;732393.0;947249.0;0.9459445312022892;0.9506962817120944;0.957945227943588;0.9502527667412416;0.9724697497824512;1.2933616241553376;2272123.0;2421929.0;4694052.0;1.0659321700453717;SK
SVN;42816.0;41184.0;72180.0;66887.0;130293.0;112580.0;163301.0;144239.0;159275.0;145936.99999999997;343704.0;399740.0;0.9618834080717488;0.9266694375173178;0.8640525584643841;0.8832707699279245;0.9162580442630668;1.1630356353141076;911569.0;910567.0;1822136.0;0.9989007963193132;SI
SWE;252735.0;238150.0;432735.0;389910.0;743918.0;703552.0;688504.0;653856.0;666455.0;646908.0;1637754.0;1763518.9999999998;0.9422913328189606;0.9010364310721344;0.9457386432375612;0.949676399846624;0.9706701877846216;1.0767911420152232;4422101.0;4395895.0;8817996.0;0.9940738576527312;SE
SWZ;52410.0;52631.0;85864.0;83616.0;102233.0;103241.0;78058.0;78783.0;42937.0;47814.0;44940.0;64615.0;1.0042167525281436;0.9738190627038108;1.0098598299961852;1.009287965359092;1.1135850199128956;1.437805963506898;406442.0;430700.0;837142.0;1.0596837925214422;SZ
SXM;1139.0;1015.0;1489.0;1557.0;2332.0;2800.0;2880.0;3433.0;3373.0;3799.0;6155.999999999998;6322.999999999998;0.8911325724319579;1.045668233713902;1.2006861063464838;1.192013888888889;1.1262970649273645;1.0271280051981806;17369.0;18927.0;36296.0;1.089700040301687;SX
SYC;3193.0;3088.0;6377.999999999999;5126.0;13821.0;8863.0;13580.0;8415.0;9412.999999999998;7522.000000000001;11196.0;12060.0;0.9671155652990918;0.803700219504547;0.6412705303523624;0.6196612665684831;0.7991076171252526;1.0771704180064308;57581.0;45074.0;102655.0;0.7827929351695871;SC
SYR;1160032.0;1111960.0;1879631.0;1826032.0;1694325.0;1628408.0;1289727.0;1329056.0;998491.0;1077482.0;1124596.0;1334844.0;0.9585597638685828;0.9714842966518428;0.9610954214805306;1.0304940502912632;1.0791103775597377;1.186954248459002;8146802.0;8307782.0;16454584.0;1.0197599008788971;SY
TCA;939.0;1107.0;1758.0;2073.0;3462.0;3392.0;4451.0;3891.0;4075.000000000001;3500.9999999999995;4963.999999999999;5446.999999999998;1.1789137380191694;1.1791808873720135;0.979780473714616;0.8741855762749944;0.8591411042944783;1.0973005640612408;19649.0;19411.0;39060.0;0.987887424296402;TC
TCD;882377.0;857438.0;1225593.0;1201567.0;1239958.0;1235299.0;790277.0;806189.0;539443.0;563674.0;470572.0;538711.0;0.9717365706495068;0.9803964285044056;0.9962426146692064;1.0201347122591191;1.0449185548797555;1.144800370612786;5148220.0;5202878.0;10351098.0;1.0106168734047885;TD
TGO;409647.0;400516.0;594566.0;580262.0;669154.0;651661.0;508407.0;496571.0;351009.0;351139.0;342768.99999999994;370797.0;0.9777100772128198;0.9759421157617488;0.9738580356689192;0.9767194393468224;1.0003703608739376;1.0817693548716485;2875552.0;2850946.0;5726498.0;0.9914430342417734;TG
THA;1757158.0;1663696.0;3340911.0;3172692.0;5178832.0;5082578.0;5202335.0;5278752.0;5201114.0;5623430.0;9091750.0;11013013.0;0.9468107022817528;0.9496487634660128;0.9814139558881232;1.0146889810056443;1.0811972204416207;1.2113193829570763;29772100.0;31834161.0;61606261.0;1.0692615233725535;TH
TJK;366431.0;374618.0;601238.0;643566.0;821891.0;855507.0;604421.0;630729.0;398216.0;431711.0;460444.0;538381.0;1.022342541979254;1.0704014051008086;1.04090080071445;1.0435259529367775;1.0841126423850374;1.1692648834603123;3252641.0;3474512.0;6727153.0;1.068212569416668;TJ
TKL;111.0;79.0;132.0;147.0;181.0;176.0;134.99999999999997;148.0;118.0;98.0;175.0;246.00000000000009;0.7117117117117117;1.1136363636363635;0.9723756906077348;1.0962962962962963;0.8305084745762712;1.405714285714286;852.0;894.0;1746.0;1.0492957746478873;TK
TKM;223810.0;207544.0;381951.00000000006;368816.00000000006;654501.0;642173.0;487419.0;495768.0;367982.0;429744.0;340767.0;503004.0000000001;0.9273222822930164;0.965610772062385;0.9811642762959872;1.0171289998953672;1.1678397312912046;1.4760936358274133;2456430.0;2647049.0;5103479.0;1.0776000130270351;TM
TLS;64254.0;62811.0;103088.0;101237.0;105988.0;106756.0;71304.0;70510.0;54562.0;49923.0;69029.0;73210.0;0.9775422541787282;0.9820444668632624;1.007246103332453;0.9888645798272186;0.9149774568380924;1.0605687464688751;468225.0;464447.0;932672.0;0.9919312296438678;TL
TON;4740.0;4728.0;6413.0;7063.0;4974.0;7079.0;4680.0;6352.0;4579.0;5247.000000000001;6401.999999999998;7600.0;0.9974683544303796;1.1013566193669109;1.423200643345396;1.357264957264957;1.145883380650797;1.1871290221805688;31788.0;38069.0;69857.0;1.1975902856423808;TO
TTO;38582.0;37082.0;67710.0;64656.0;112798.0;109047.0;132133.0;130608.0;97821.0;98204.0;163890.00000000003;194140.0;0.9611217666269244;0.9548958794860434;0.966745864288374;0.988458598533296;1.003915314707476;1.1845750198303735;612934.0;633737.0;1246671.0;1.0339400326952004;TT
TUN;364901.0;340772.0;577792.0;551209.0;901381.0;918090.0;893506.0000000001;965111.0;736601.0;773140.0;1097082.0;1235432.0;0.9338752154694012;0.953992094040762;1.0185371113879702;1.0801393611234842;1.0496048742806483;1.1261072554284912;4571263.0;4783754.0;9355017.0;1.0464840898456291;TN
TUR;2580736.0;2480368.0;4824093.0;4625276.0;6832980.0;6569772.0;6677283.0;6560207.0;5464876.0;5435208.0;8037177.000000001;9175336.0;0.9611087689713322;0.9587866568907356;0.9614797643195208;0.9824665211883336;0.9945711485493908;1.1416117873228373;34417145.0;34846167.0;69263312.0;1.012465357019009;TR
TUV;379.0;338.0;603.0;568.0;787.0;705.0;527.0;458.0;531.0;458.0;649.0000000000002;884.0;0.8918205804749341;0.9419568822553898;0.8958068614993647;0.8690702087286527;0.8625235404896422;1.3620955315870564;3476.0;3411.0;6887.0;0.981300345224396;TV
TWN;421848.0;385587.0;897521.9999999999;827597.0;1622543.0;1504849.0;1850524.0;1859394.0;1784295.0;1835967.0;3648658.0;4108049.000000001;0.914042498719918;0.9220910462361926;0.927463247507154;1.0047932369426174;1.028959336880953;1.1259068402683947;10225390.0;10521443.0;20746833.0;1.028952734321136;TW
TZA;3014888.0;2987575.0;4430546.0;4411759.0;4666498.0;4691621.0;3141193.0;3328015.0;2054694.0;2136439.0;1814490.0;2408698.0;0.9909406253233952;0.9957596648358916;1.0053836945821042;1.0594748555723892;1.039784512925039;1.3274793468137052;19122309.0;19964107.0;39086416.0;1.0440217758221562;TZ
UGA;2334747.0;2337040.0;3488999.0;3519191.0;3583598.0;3646808.0;2017502.0;2084653.0;1227804.0;1309586.0;1074353.0;1393228.0;1.0009821192617443;1.008653484853392;1.017638697197621;1.033284229705844;1.0666083511700564;1.2968065431008244;13727003.0;14290506.0;28017509.0;1.0410506940225772;UG
UKR;836722.0;791516.0;1224560.0;1165308.0;2514265.0;2398878.0;3162226.0;3130255.0;2481952.0;2787980.0;4850601.000000001;7593491.0;0.9459724974364244;0.9516136408179264;0.9541070650866158;0.9898897169272532;1.123301337012158;1.565474257726001;15070326.0;17867428.0;32937754.0;1.185603284228888;UA
URY;96201.0;91839.0;174198.0;167062.0;252581.0;244370.0;219333.0;218279.0;210243.0;215035.0;386492.0000000001;519692.0;0.9546574359933888;0.9590351209543164;0.9674916165507302;0.9951945215722212;1.0227926732400128;1.3446384401229516;1339048.0;1456277.0;2795325.0;1.0875465255913157;UY
USA;9350283.0;8800293.0;16146165.000000002;15123737.0;24492011.0;22866239.0;23743205.0;22382303.0;21200149.0;20376604.0;48327158.99999999;53428524.0;0.9411793204547928;0.9366767278793446;0.9336203139872834;0.9426824643092624;0.9611538107585942;1.105558967370708;143258972.0;142977700.0;286236672.0;0.9980366186070356;US
UZB;1142490.0;1081880.0;1800870.0;1715095.0;3083770.0;2940262.0;2548626.0;2456831.0;1778458.0;1774077.0;2141165.0;2593662.0;0.9469492074328878;0.9523702432713076;0.9534634554457692;0.9639825537367978;0.9975366300469284;1.211332148620027;12495379.0;12561807.0;25057186.0;1.0053162052947733;UZ
VAT;5.0;4.0;14.0;7.0;20.0;20.0;30.0;28.0;30.0;30.0;126.00000000000004;158.00000000000006;0.8;0.5;1.0;0.9333333333333332;1.0;1.253968253968254;225.00000000000009;247.00000000000009;472.0000000000001;1.0977777777777775;VA
VCT;3082.0;2898.0;5388.0;4924.0;7357.0;6898.0;6851.0;6825.0;6791.0;6205.0;11962.0;11913.0;0.9402985074626866;0.9138827023014106;0.9376104390376512;0.9962049335863378;0.9137093211603592;0.9959036950342752;41431.0;39663.0;81094.0;0.9573266394728585;VC
VEN;1137891.0;1079289.0;1661563.9999999998;1544959.0;1827317.0;1785935.0;1777239.0;1871931.0;1604636.0;1720486.0;2405964.0;2912386.0;0.948499460844668;0.9298221434744616;0.9773536830227048;1.053280397290404;1.072197059021485;1.2104861086865806;10414611.0;10914986.0;21329597.0;1.0480454814874989;VE
VGB;1078.0;1036.0;1592.0000000000002;1713.0;2720.0;3296.0;3453.9999999999995;4197.0;2900.0;3328.0;3702.999999999999;4198.0;0.961038961038961;1.076005025125628;1.2117647058823529;1.215112912565142;1.1475862068965517;1.1336753983256822;15447.0;17768.0;33215.0;1.1502557130834463;VG
VIR;2066.0;2057.0;3254.0;3184.0;4221.0;4596.0;4754.0;5098.0;5509.0;5800.0;14555.999999999998;17807.999999999996;0.9956437560503388;0.9784880147510756;1.0888415067519546;1.0723601177955406;1.0528226538391725;1.2234130255564717;34360.0;38543.0;72903.0;1.1217403958090804;VI
VNM;2964000.0;2898026.0;4538596.0;4486032.0;8056975.0;8007852.0;7862886.0;7898835.000000001;6131642.0;6372132.0;7970866.999999999;10587488.0;0.9777415654520918;0.9884184448230244;0.9939030467390056;1.0045719854007804;1.039221141743109;1.3282730724273786;37524966.0;40250365.0;77775331.0;1.0726289532147744;VN
VUT;13015.0;12338.0;18089.0;18241.0;23300.0;25484.0;17264.0;18039.0;13480.0;11391.0;15097.0;15080.0;0.9479830964271994;1.0084028967881034;1.093733905579399;1.0448911028730306;0.8450296735905044;0.9988739484665828;100245.0;100573.0;200818.0;1.003271983640082;VU
WLF;425.0;400.0;550.0;560.0;500.0;646.0;601.0;779.0000000000001;831.0000000000001;940.0;1380.0;1536.0;0.9411764705882352;1.018181818181818;1.292;1.296173044925125;1.1311672683513838;1.1130434782608696;4287.0;4861.0;9148.0;1.1338931653837183;WF
WSM;9265.0;8775.0;12208.0;11505.0;12692.0;14048.0;10398.0;11182.0;10171.0;9472.0;13362.999999999996;14020.0;0.9471127900701564;0.9424148099606816;1.106838953671604;1.0753991152144644;0.93127519417953;1.049165606525481;68097.0;69002.0;137099.0;1.013289865926546;WS
XKX;58165.0;56999.0;106349.0;104197.0;135063.00000000003;130516.0;117191.0;119241.0;99338.0;115687.0;148045.0;179391.00000000006;0.9799535803318148;0.979764736856952;0.9663342292115528;1.0174928108813817;1.1645795163985584;1.2117329190448851;664151.0;706031.0;1370182.0;1.0630579491711976;
YEM;1714671.0;1639279.0;2586457.0;2490270.0;3111722.0;3045144.0;2170795.0;2114937.0;1230666.0;1221752.0;1076023.0;1249671.0000000002;0.9560312153176906;0.9628112897295412;0.9786041298033692;0.9742684131850312;0.992756767473872;1.1613794500675174;11890334.0;11761053.0;23651387.0;0.989127218798059;YE
ZAF;2151222.0;2131195.0;3618553.000000001;3544804.0;5620988.000000001;5721970.0;4820613.0;4853464.0;2993117.0;3268926.0;3612464.0;5091821.000000001;0.990690407591592;0.9796192013769038;1.0179651691126184;1.006814693484003;1.0921477509900217;1.4095146692119287;22816957.0;24612180.0;47429137.0;1.0786793348473245;ZA
ZMB;959946.0;966988.0;1377240.0;1398576.0;1512010.0;1531871.0;1096960.0;1093913.0;648434.0;678297.0;456506.0;590002.0;1.0073358293070651;1.015491853271761;1.0131354951356142;0.997222323512252;1.0460540317133278;1.292429891392446;6051096.0;6259647.0;12310743.0;1.0344649960932697;ZM
ZWE;756964.0;755345.0;1088610.0;1136099.0;915469.0;1089789.0;903580.0;1121027.0;399230.0;600843.0;465335.0;648332.0;0.9978611928704668;1.0436235199015258;1.1904160599648923;1.2406505234732952;1.5050046339202965;1.393258620133882;4529188.0;5351435.0;9880623.0;1.1815440206942172;ZW
