iso2;age_13_17_women;age_13_17_men;age_18_24_women;age_18_24_men;age_25_34_women;age_25_34_men;age_35_44_women;age_35_44_men;age_45_54_women;age_45_54_men;age_55_100_women;age_55_100_men;age_13_17_ratio;age_18_24_ratio;age_25_34_ratio;age_35_44_ratio;age_45_54_ratio;age_55_100_ratio;total_men;total_women;total_all;total_ratio;iso3;age_13_17_ratio_std;age_18_24_ratio_std;age_25_34_ratio_std;age_35_44_ratio_std;age_45_54_ratio_std;age_55_100_ratio_std;total_ratio_std;age_13_17_women_pen;age_13_17_men_pen;age_18_24_women_pen;age_18_24_men_pen;age_25_34_women_pen;age_25_34_men_pen;age_35_44_women_pen;age_35_44_men_pen;age_45_54_women_pen;age_45_54_men_pen;age_55_100_women_pen;age_55_100_men_pen;total_men_pen;total_women_pen;total_all_pen
AE;1500.0;1500.0;1561500.0;3927000.0;3132500.0;7659500.0;2099000.0;3885000.0;718500.0;995000.0;548000.0;707500.0;1.0;0.3976317799847211;0.4089692538677459;0.5402831402831403;0.7221105527638191;0.7745583038869258;17175500.0;8061000.0;25236500.0;0.4693313149544409;ARE;1.0384278930267432;0.592664185172024;0.9660680083506249;1.128311513407963;1.649021047165301;1.2136330099135537;0.9329337784739484;0.00852059712344641;0.008205285297769803;3.2654384240573826;5.50976169263471;3.4704719066268566;3.5923681113838133;2.742640016411414;2.430747168508028;2.0218876016220126;1.226113884415045;2.003956717460387;1.651204854425579;2.9279952348797527;2.731625657830084;2.86227129135033
AR;500.0;500.0;3877000.0;3487000.0;5408000.0;6761000.0;1886000.0;2272000.0;1204000.0;1397500.0;1093500.0;1077500.0;1.0;1.111843991970175;0.7998816743085342;0.8301056338028169;0.8615384615384616;1.0148491879350348;14995500.0;13469000.0;28464500.0;0.8982027941715848;ARG;1.0577736114637286;1.163369330872517;0.8289581983234583;0.8492551865959748;0.8573188049173323;0.828438983153607;0.868614418017242;0.00036165920563725436;0.00034190605789153375;1.6329821109063156;1.4036661166592665;1.5886281485050064;1.9164152688494507;0.5977411343516695;0.7038416058988866;0.45309029028260567;0.5284968528437858;0.20584250102685955;0.24847032215128487;0.8480003664460921;0.7365853447789804;0.7913599380623821
AT;500.0;500.0;376000.0;312500.0;396500.0;366000.0;210500.0;194000.0;168000.0;156000.0;107500.0;102000.0;1.0;1.2032;1.0833333333333333;1.0850515463917525;1.0769230769230769;1.053921568627451;1131000.0;1259000.0;2390000.0;1.1131741821396994;AUT;1.051094632560386;1.27410443908031;1.1321314461914675;1.106600357160644;1.0650383013628641;0.9072112915693533;1.0641082569792475;0.0029449355942585535;0.0028017796904593797;1.1680972751645744;0.9167986856774042;0.6635006057685228;0.5860632243725441;0.3450655624568668;0.3118249151321881;0.26391814767162924;0.24780155543130178;0.06288719499710427;0.06931923751557137;0.2924780389334559;0.31122829621418835;0.3020644398240241
AZ;500.0;500.0;869500.0;825000.0;1283000.0;1720500.0;527500.0;828500.0;278000.0;417500.0;384000.0;429500.0;1.0;1.053939393939394;0.7457134553908747;0.6366928183464092;0.665868263473054;0.8940628637951106;4221500.0;3342500.0;7564000.0;0.791780172924316;AZE;1.1162142993063124;1.1308377170201735;0.7032968366253433;0.6144498504393671;0.6041596518954053;0.696212911852601;0.731521442375981;0.0017298943034580586;0.0015497869043006587;1.9729169219319382;1.7446507949263441;1.3924402325147276;1.9798755802686785;0.6384969479240679;1.0391359806947724;0.4310197803969723;0.7134203335902216;0.343460345088204;0.49332659484045854;1.0775677777752253;0.7882639350560133;0.9271937190102906
BD;500.0;500.0;7770500.0;15159500.0;7879000.0;17015000.0;1229500.0;3106500.0;421500.0;917500.0;621500.0;1239000.0;1.0;0.5125828688281275;0.463062004114017;0.3957830355705778;0.4594005449591281;0.5016142050040355;37438000.0;17922500.0;55360500.0;0.4787248250440729;BGD;1.0237019434245496;0.44416801680792484;0.39562368014779914;0.3759588777399788;0.4546839895166042;0.5058569764634465;0.44751530903336884;7.342654980684412e-05;7.172649253865161e-05;0.6415083872030862;1.4442921663143944;0.5289664342298147;1.3370444206782583;0.10223880106774062;0.27194144658142944;0.05257234028859783;0.11562390913409978;0.05736916369143938;0.1134098497415601;0.6190503544665993;0.2770345106863367;0.44228034747582273
BE;500.0;500.0;577000.0;476000.0;610500.0;486000.0;364000.0;303500.0;248500.0;209500.0;172000.0;134000.0;1.0;1.2121848739495795;1.2561728395061729;1.199341021416804;1.1861575178997614;1.2835820895522387;1609500.0;1972500.0;3582000.0;1.2255358807082946;BEL;1.0480106782827023;1.2641622919299327;1.2626975718993125;1.1982158309224007;1.2084657237144378;1.1251220177228725;1.1753849208851426;0.0018906307900567946;0.0018040186319044304;1.2715861108417592;1.0058725204502759;0.8193849982082244;0.6489162697729194;0.47895556108196585;0.3997239468228861;0.32780873382722303;0.27126026613286447;0.08273677871086478;0.07353582758811815;0.33163979652832165;0.3898044160048061;0.3613295839252518
BH;500.0;500.0;117500.0;145000.0;226000.0;366000.0;86000.0;152000.0;39000.0;61500.0;31500.0;38500.0;1.0;0.8103448275862069;0.6174863387978142;0.5657894736842105;0.6341463414634146;0.8181818181818182;763500.0;500500.0;1264000.0;0.6555337262606418;BHR;1.002847904120561;1.2952596429555499;1.1881264138432106;1.3435473080848546;1.214153096206062;1.0339204727473943;1.1937806268802595;0.014832833961256635;0.014790711433219937;2.14361294559784;1.654967756662672;1.9017005915466885;1.6005877568156175;0.8002382104440392;0.5956159531030808;0.5763518406313269;0.47469453599573935;0.4586888778868276;0.44364038625521424;0.9292583094679676;1.1093305672103606;0.9930892303244196
BO;500.0;500.0;1324000.0;1372000.0;1644500.0;2196500.0;609500.0;770500.0;328500.0;378500.0;329500.0;317500.0;1.0;0.9650145772594751;0.7486910994764397;0.7910447761194029;0.8678996036988111;1.0377952755905513;5035500.0;4236500.0;9272000.0;0.841326581272962;BOL;1.0313225033106046;0.9883540774436397;0.7603629683824886;0.8027144796399169;0.869036975345687;0.9114362956239183;0.8351834366114854;0.0010731294816569978;0.0010405372501930197;1.7050100768155976;1.725100463212107;1.6238446954735761;2.1356178075425762;0.782754989340662;0.9751350065241025;0.5747599043291581;0.6613756613756614;0.42990298153048073;0.4716763898854755;1.160276180524273;0.9690434478687106;1.0643094523351904
BR;500.0;500.0;14692000.0;13328000.0;20348000.0;27399500.0;8873000.0;11673000.0;6026000.0;7803000.0;6447000.0;7685000.0;1.0;1.1023409363745498;0.7426412890746181;0.7601302150261287;0.7722670767653467;0.8389069616135328;67889000.0;56386500.0;124275500.0;0.8305690170719852;BRA;1.0389390176299031;1.133351028255994;0.7474177170256489;0.7452089715248511;0.734509921657071;0.7094170270390783;0.7921216936234627;8.533681416509192e-05;8.213842460144383e-05;1.3335866409691939;1.176675723338182;1.251630508930385;1.6746064221105865;0.5306044172144985;0.7120209732966211;0.4331003053407463;0.5896452758101105;0.26940910397173035;0.37976125988429366;0.8116827315619738;0.6429515000097891;0.7253181938124592
BY;500.0;500.0;1070500.0;1018000.0;1174500.0;1598000.0;450500.0;606000.0;310500.0;357500.0;394000.0;360000.0;1.0;1.0515717092337915;0.7349812265331664;0.7433993399339934;0.8685314685314686;1.0944444444444446;3940000.0;3400500.0;7340500.0;0.8630710659898477;BLR;1.0565341943244226;1.1165529103264933;0.7707786012469663;0.7475074251034922;0.7804634857309499;0.6822872076613422;0.7262825912197962;0.0026378403473508167;0.0024966918832546874;3.6316696520653533;3.2525728234440847;2.027726943130417;2.630751476299366;0.6253452933223395;0.8365740223058796;0.47397560971886604;0.6073001727620352;0.22538743470771996;0.3303409944915639;1.1182012512501718;0.8121301022631932;0.9519945976041199
CA;500.0;500.0;2172500.0;1887500.0;3242500.0;3915000.0;1138500.0;1264000.0;698500.0;761500.0;630500.0;638500.0;1.0;1.1509933774834438;0.8282247765006385;0.9007120253164557;0.917268548916612;0.9874706342991386;8467000.0;7883000.0;16350000.0;0.931026337545766;CAN;1.0336916441594532;1.215097145594252;0.8788229665126189;0.9033016932990358;0.9002794241638943;0.892797422465177;0.9091168360782675;0.0006015290869389989;0.0005819231395917228;1.346283266675012;1.1079634838715737;1.213233505823895;1.3805209377245768;0.4274964516104807;0.47325988070406394;0.2844532551877595;0.3159610755871005;0.09419625569510114;0.10550686339909902;0.5121779115033755;0.4656295624151236;0.48862662506456744
CH;500.0;500.0;294500.0;255000.0;376500.0;313000.0;198000.0;183500.0;177000.0;160500.0;102000.0;89500.0;1.0;1.1549019607843136;1.2028753993610224;1.0790190735694822;1.102803738317757;1.1396648044692737;1002000.0;1148500.0;2150500.0;1.1462075848303392;CHE;1.0603914437479065;1.2336817600264616;1.2455458313281331;1.0999900946594043;1.1107774107272066;1.0208210057430729;1.1179979538986526;0.0029908599320476624;0.002820524391894941;0.9631705809439399;0.7807285575197938;0.6545378684491886;0.5255028373795373;0.3179527695613215;0.2890505751870165;0.28675205505639456;0.25815438114524036;0.06540801132712855;0.06407392771029134;0.26699409415458797;0.2984988509678536;0.2829427307072003
CR;500.0;500.0;457500.0;432000.0;765000.0;963000.0;299500.0;374000.0;178500.0;195000.0;181500.0;171500.0;1.0;1.0590277777777777;0.794392523364486;0.8008021390374331;0.9153846153846154;1.0583090379008746;2136000.0;1882500.0;4018500.0;0.8813202247191011;CRI;1.0437585162488263;1.102860740375582;0.8169023842758354;0.7964185282793527;0.8518349086766515;0.9153520576353323;0.8487930789869029;0.0035300513269462936;0.0033820575085058745;1.755106111989197;1.5914122678729965;1.8979945764494848;2.3234043785194873;0.7715154934221542;0.9687312211193767;0.5588866102039858;0.6560973311979328;0.2972276764001225;0.32471405282898835;1.044388976220104;0.8864701347858416;0.9639450720422107
CZ;500.0;500.0;434000.0;305000.0;364000.0;287500.0;160500.0;130500.0;126000.0;107000.0;75000.0;64000.0;1.0;1.4229508196721312;1.2660869565217392;1.2298850574712643;1.1775700934579438;1.171875;894500.0;1160000.0;2054500.0;1.2968138624930128;CZE;1.0449965772059469;1.4859511840418576;1.346016384308388;1.3182329738217973;1.2369155518859807;0.9586781815609606;1.2454259378738501;0.0021940987519966297;0.0020996229077257724;1.1748050337959466;0.7906080942715907;0.5679752462656408;0.4219675576664534;0.2143529678871208;0.16260628594782645;0.15538501570498553;0.1256229784386355;0.039152693940259255;0.04084028894504429;0.1976081133981173;0.24610626996033233;0.2223473538608624
DE;500.0;500.0;3096000.0;2915500.0;3748500.0;3351500.0;2415000.0;2153500.0;1652000.0;1437500.0;1319500.0;1098500.0;1.0;1.0619104784771052;1.1184544233925109;1.12143022985837;1.1492173913043475;1.2011834319526626;10957000.0;12231500.0;23188500.0;1.1163183353107602;DEU;1.0602212409990475;1.151161538590934;1.2073889433748148;1.155109599852386;1.1577785523413173;1.042688172291461;1.0757730864296553;0.00033752517093962284;0.0003183535264975191;1.0923066121595317;0.9488734426417313;0.7485886452971918;0.620006212086708;0.45528661282030547;0.39415014201118886;0.30277687818344134;0.2615153628223211;0.07624305650815237;0.07312162785983946;0.30408961821058594;0.32713142713361754;0.31582361503407846
DK;500.0;500.0;308000.0;239500.0;250500.0;194000.0;100500.0;85000.0;75000.0;60500.0;40500.0;34000.0;1.0;1.2860125260960331;1.291237113402062;1.1823529411764706;1.2396694214876034;1.1911764705882353;613500.0;775000.0;1388500.0;1.263243683781581;DNK;1.0483964799882175;1.3347471003457128;1.3423990608335594;1.203376092570546;1.2380902696572051;1.0822945440646126;1.2345719081879092;0.0036820206929562946;0.003512049843011372;1.2190005778379362;0.9132820573441987;0.6347798542920494;0.47286970977012194;0.2933784055978351;0.24379610614595643;0.19379043760464684;0.15652367388227867;0.03880365923297141;0.035853141315156496;0.24556138294086874;0.30316318511457024;0.2746928820812798
DO;500.0;500.0;1051000.0;1189000.0;1434000.0;2045000.0;475000.0;676000.0;242500.0;317000.0;247500.0;278500.0;1.0;0.8839360807401178;0.7012224938875306;0.7026627218934911;0.7649842271293376;0.8886894075403949;4506000.0;3450500.0;7956500.0;0.7657567687527741;DOM;1.0427584398557852;0.9164210719163747;0.7149549459933713;0.7015124420385688;0.7386773175999961;0.7492946220218959;0.7449930109842822;0.0013110455588331695;0.0012572859722089508;1.5770314596018857;1.7208590111356512;1.6024459090695757;2.2413243212732916;0.6368461768448093;0.9078187907746272;0.39343698437446767;0.5326236165647625;0.25581659758757197;0.34140989414454453;1.0840676933632971;0.8076228549895083;0.9439455440763784
DZ;500.0;500.0;2970500.0;3550500.0;4216000.0;7072000.0;1176500.0;2327500.0;505000.0;919500.0;540500.0;739000.0;1.0;0.8366427263765667;0.5961538461538461;0.5054779806659506;0.5492115280043501;0.7313937753721245;14609000.0;9409000.0;24018000.0;0.6440550345677322;DZA;1.0463214023378344;0.8676247048816811;0.6365827674591609;0.5346733080624291;0.5759646638698133;0.7250667288965748;0.6707757576919605;0.00034878472936746496;0.0003333437781050473;1.490596022635181;1.718019339754111;1.2758633942505648;2.00423803387423;0.3387511441669011;0.6335665892776307;0.19881764524317957;0.34519069956020565;0.16948264989964307;0.2337476581742568;0.8803773359091205;0.5905357745492701;0.7384017159892655
EG;1500.0;1500.0;13464000.0;41168500.0;19889500.0;30160500.0;12236000.0;12730500.0;4242500.0;4058000.0;2993000.0;8606000.0;1.0;0.327046163936019;0.6594552477578289;0.9611562782294488;1.045465746673238;0.3477806181733674;96725000.0;52826500.0;149551500.0;0.5461514603256655;EGY;1.0460764602891843;0.3414632099126977;0.6875431401917318;0.9855675537248677;1.0829102869747549;0.30177261333106137;0.5501735137434348;0.00035799591025472127;0.00034222728820009434;2.0396226698060858;5.973184257031842;2.3445444826907798;3.410032542884462;1.641277787606904;1.6653123181702114;0.7913688657487721;0.7307797102561097;0.42203285031511456;1.3985127598445157;2.450528708694372;1.3482159901915447;1.901394359677957
ES;500.0;500.0;2009500.0;1902000.0;2526000.0;2341500.0;2513500.0;1762500.0;2662500.0;1793000.0;1965000.0;1229500.0;1.0;1.0565194532071505;1.0787956438180653;1.4260992907801415;1.484941438929169;1.5982106547376982;9029000.0;11677000.0;20706000.0;1.293277217853583;ESP;1.0582757966692629;1.122497642301086;1.1059772897410693;1.44586496553279;1.5170010953417266;1.3510947661577128;1.2309346383733155;0.0005044126014373742;0.00047663624456396365;1.2127382476943187;1.0803926903652488;0.965530263793112;0.8730109313719825;0.7480888539671626;0.5173988386194126;0.6875623648116815;0.4532378829013291;0.21787820996141394;0.16126049439227944;0.4409048995624108;0.5427251130998793;0.4930723759809029
FI;500.0;500.0;290500.0;232500.0;277500.0;226500.0;135000.0;113000.0;101500.0;76500.0;77500.0;64000.0;1.0;1.249462365591398;1.225165562913907;1.1946902654867255;1.326797385620915;1.2109375;713000.0;882500.0;1595500.0;1.237727910238429;FIN;1.043958469587966;1.324971817593103;1.305584166438255;1.2751442938744844;1.3743517571996369;1.036526552967024;1.1961704356652025;0.004087638979725311;0.00391551876708145;1.405037822360657;1.060428458707144;0.8043991211033747;0.6161219948751707;0.38699579464569817;0.3034917667786632;0.31026946062023325;0.2257569497727675;0.07070967883207685;0.06821791359774881;0.30161599334668115;0.36078413416509236;0.3317051954742563
FR;500.0;500.0;3016500.0;2773500.0;3471500.0;3205000.0;2658500.0;2148500.0;1810500.0;1421000.0;1256500.0;950500.0;1.0;1.0876149269875608;1.083151326053042;1.2373749127298117;1.2741027445460944;1.3219358232509206;10499000.0;12214000.0;22713000.0;1.1633488903705114;FRA;1.0535030877959257;1.1445366341131233;1.0801218265234314;1.1896530478276433;1.2424438128032944;1.0848493345272658;1.0719778518263845;0.00031180409224162823;0.00029596884513548565;1.095202566183238;0.9568960342032974;0.9104121886922689;0.8428791700493604;0.6409754109921798;0.5387918874016489;0.41901700762377203;0.3372522791822309;0.1006195247843547;0.09274976863787329;0.39117957314592283;0.4193358384993284;0.40583316245683926
GB;500.0;500.0;3163500.0;2866000.0;4437000.0;3966000.0;3290500.0;2122500.0;2149500.0;1432000.0;1953000.0;1319500.0;1.0;1.1038032100488486;1.1187594553706506;1.5502944640753828;1.5010474860335197;1.480106100795756;11706500.0;14994000.0;26700500.0;1.2808268910434375;GBR;1.0514376192336359;1.1690567518555195;1.1523882010545796;1.5219936365280955;1.4468835945688703;1.2905064887156876;1.2220471978210379;0.00031553724317634935;0.0003001007738398554;1.1718936668102746;1.002426670005757;0.9903292794634678;0.8593712418759515;0.7248610031388981;0.4762575780490246;0.4789298708081382;0.3310078796980524;0.1694527751254085;0.13130718567254007;0.418508855788959;0.511437574480186;0.4660644249562178
GR;500.0;500.0;589500.0;468000.0;692000.0;558500.0;520500.0;436500.0;456000.0;376000.0;350500.0;278500.0;1.0;1.2596153846153846;1.2390331244404655;1.1924398625429553;1.2127659574468086;1.2585278276481149;2118000.0;2609000.0;4727000.0;1.2318224740321058;GRC;1.0651500228217263;1.3900540088667845;1.3181750457384287;1.1901405950906314;1.1572465652722304;1.018357949859466;1.1373427569456607;0.0024022869772022965;0.002255350819820023;1.6912391231377004;1.2166715194875422;1.3233761390692382;1.0039456772813475;0.7546092052174593;0.6340504712890617;0.5652511834946654;0.48844490055729484;0.16504952663042327;0.16207417701526286;0.48810548240630935;0.5551432350402835;0.5229610548346848
GT;500.0;500.0;1770500.0;1900500.0;2176000.0;2827500.0;663000.0;880500.0;325000.0;395000.0;332000.0;341500.0;1.0;0.9315969481715338;0.7695844385499558;0.7529812606473595;0.8227848101265823;0.972181551976574;6345500.0;5267000.0;11612500.0;0.8300370341186668;GTM;1.0237604326634173;0.9497519326706044;0.7746013680533038;0.7350328558068165;0.7351744790853798;0.7942890731432812;0.8005625612630662;0.0006676904587033451;0.0006521940459901154;1.3845725537914844;1.457825465959526;1.3967475552103625;1.8031824017050357;0.5980537544786378;0.8136422062686951;0.4484744279881161;0.6100244781974162;0.34552739761669354;0.43501466821055473;1.031272981395481;0.8255985393473649;0.9265768902427883
HU;500.0;500.0;437500.0;348500.0;550500.0;459500.0;275000.0;235000.0;381500.0;325000.0;176000.0;138500.0;1.0;1.255380200860832;1.1980413492927096;1.1702127659574468;1.1738461538461538;1.2707581227436824;1507000.0;1821000.0;3328000.0;1.20836098208361;HUN;1.0537420280530834;1.3276124060805476;1.280864072101062;1.2145815865526852;1.184313323668537;0.904720584424383;1.0908600897304224;0.0025530654657046716;0.0024228562567839974;1.2882765362881734;0.9703709685054059;0.9280394345112662;0.7245417017505684;0.4174509684862469;0.3436994048881368;0.4945239413104431;0.4175617477464514;0.09547109016051077;0.10552549793177643;0.3791913285711734;0.4136446867101482;0.3972983710766786
IE;500.0;500.0;447000.0;309500.0;391500.0;277000.0;250500.0;173500.0;234000.0;172500.0;131500.0;104000.0;1.0;1.444264943457189;1.4133574007220218;1.4438040345821326;1.3565217391304347;1.2644230769230769;1037000.0;1455000.0;2492000.0;1.403085824493732;IRL;1.0506598459509287;1.4936197774691793;1.4236056579959169;1.3469454186918137;1.333090191747094;1.1661266506317212;1.3562376501594005;0.0036435447317986723;0.0034678633106997453;1.9636612838039678;1.3146995730943227;1.2684393498073852;0.8910047123534426;0.6250686203076186;0.4640638081049346;0.6390422013638363;0.4793690669393744;0.1830866884143022;0.15700411984849102;0.4969800196779167;0.6740230140641503;0.5870044470533531
IQ;500.0;500.0;5247500.0;6833000.0;6936000.0;11029500.0;1645000.0;3208500.0;747500.0;1392500.0;893000.0;1353500.0;1.0;0.7679642909410215;0.628858969128247;0.5127006389278479;0.5368043087971275;0.6597709641669746;23817500.0;15469500.0;39287000.0;0.6495014170252965;IRQ;1.0487993172477972;0.8006895034456054;0.644165922897701;0.5094894991546982;0.5135293924347939;0.5122205653554877;0.6382891273258935;0.000267872019321073;0.0002554082701197865;1.809051081603976;2.259366550727954;2.02655263120219;3.14601030443522;0.6578305428521612;1.2911562337272464;0.3983422567327835;0.7756951454017572;0.44097850810007894;0.8609152734701978;1.660898703275173;1.0601335838902184;1.3579008298620805
IT;500.0;500.0;2302500.0;2283000.0;2730500.0;2476000.0;2080500.0;1683000.0;2192000.0;1700500.0;2400500.0;1915000.0;1.0;1.0085413929040736;1.1027867528271404;1.236185383244207;1.2890326374595706;1.2535248041775455;10058000.0;11706500.0;21764500.0;1.1638993835752636;ITA;1.060590479944105;1.0915224909586898;1.168052709507738;1.2500905815014889;1.2689102667799548;1.0587426229957815;1.0962540176272677;0.0004478761711961877;0.0004222894507027741;1.1468638193229992;1.0507010426470487;0.8691503049108504;0.7441019551909976;0.5810808131053623;0.4648309664147889;0.4663517232355704;0.3675214358687522;0.18966402564482013;0.17914082377089283;0.39255505176746563;0.4303400526399643;0.41201299617092657
JP;1500.0;1500.0;15313500.0;15676500.0;33757000.0;39311000.0;27581500.0;31222500.0;11434000.0;9288500.0;8199000.0;8132000.0;1.0;0.9768443211175964;0.8587163898145557;0.8833853791336376;1.2309845507886097;1.0082390555828824;103632000.0;96286500.0;199918500.0;0.929119383974062;JPN;1.0594031785133236;1.0283253754779358;0.8937608894007842;0.9052566301419933;1.2552517434833135;0.8557462213368686;0.8751719078254967;0.0006893825889533334;0.0006507273179232428;3.7379876550110906;3.6350242288573136;5.625729734990583;6.294446089224506;3.795732963927773;4.192991067441722;1.2162993904886963;0.9689684932151341;0.28988024152373415;0.33874557000190536;1.922613614661643;1.6826174251547046;1.7990276323070928
KE;500.0;500.0;2324000.0;3252000.0;2948500.0;5082500.0;874000.0;1601500.0;369500.0;619500.0;317500.0;379000.0;1.0;0.7146371463714637;0.580127889818003;0.5457383702778645;0.5964487489911219;0.837730870712401;10935000.0;6834000.0;17769000.0;0.624965706447188;KEN;1.0016906825373582;0.6938419476486153;0.5593707289646792;0.5639941221611029;0.603675781473087;0.7212429849141232;0.6099924383708745;0.00019168736251223923;0.00019136382703159493;0.5943887553105593;0.8566630445520103;0.6837527952468223;1.2223606989810816;0.28684130291590265;0.5085891707821159;0.18779977443696916;0.31109376953751733;0.15116693733880487;0.20959224630351722;0.6243067540227963;0.38082239917777133;0.5010885117908082
KR;1000.0;1000.0;5719500.0;6183000.0;10254000.0;16015000.0;6745000.0;13070500.0;3278500.0;2965000.0;4523500.0;3589500.0;1.0;0.9250363901018924;0.6402747424289729;0.5160475880800276;1.1057335581787522;1.2602033709430285;41824000.0;30521500.0;72345500.0;0.7297604246365723;KOR;1.0659945568679654;1.0043380711905;0.7273161784856239;0.5507560682121744;1.131888164595828;1.0920944970075432;0.7223455105324621;0.001139684261872091;0.0010691276559803794;2.973578588362517;2.9607347104125634;3.093157618009212;4.252837637201481;1.8636272458158873;3.3837616203947847;0.780471291821037;0.6895303937555756;0.48146613489502826;0.44086490337081413;1.8110263462677698;1.3081867506825315;1.5583227191349118
KW;1500.0;1500.0;548000.0;1312000.0;1148500.0;2443000.0;676000.0;1008500.0;226000.0;308500.0;167000.0;241500.0;1.0;0.4176829268292683;0.4701187065083913;0.6703024293505205;0.7325769854132901;0.6915113871635611;5315000.0;2767000.0;8082000.0;0.5206020696142991;KWT;1.0580440496691743;0.4685943151493376;0.916649412650223;1.30323606495707;1.376841148104608;1.0700289902300766;0.8992749569544481;0.013595576905646696;0.012849726729144894;3.4977086178944816;7.464257471368997;3.4806405469621295;3.7971338866610713;1.6589527002154676;1.2729487349401392;0.8643835721224824;0.6278019605329295;0.9157408727504028;0.8558094043353921;2.1245332222633495;1.9105395219991688;2.0460718054241918
KZ;500.0;500.0;2467000.0;2297000.0;2732000.0;3791500.0;1032000.0;1484000.0;658500.0;813000.0;751500.0;692500.0;1.0;1.074009577710057;0.7205591454569432;0.6954177897574124;0.8099630996309963;1.0851985559566788;9078500.0;7641500.0;16720000.0;0.841713939527455;KAZ;1.0475504253704517;1.1177858999437578;0.7393294956824734;0.6905766070470055;0.7346510279316406;0.7554770553882321;0.7692964687694265;0.000798817749730399;0.0007625578018813827;2.9409555780998353;2.631054460651017;1.8721959035092708;2.532288938074966;0.7281892501767553;1.0544655621779404;0.5629398368201123;0.7662683579236672;0.35778081628300246;0.47358263726373867;1.3050241958112727;1.0039505054962727;1.1477204809141017
LB;500.0;500.0;549500.0;674500.0;806000.0;1203000.0;256000.0;413000.0;143000.0;213500.0;165000.0;200500.0;1.0;0.8146775389177169;0.6699916874480466;0.6198547215496368;0.6697892271662763;0.8229426433915212;2705000.0;1920000.0;4625000.0;0.7097966728280961;LBN;1.0768605784855378;0.8971343144622729;0.5807811786790198;0.5481690279082426;0.5796052895493071;0.6844214708175004;0.6473498024983864;0.0024620596606296963;0.0022863309418311682;1.7224247477486232;1.9199184781835208;1.985867326322844;3.4193038604310084;0.6841407619617735;1.248047093379911;0.4143198201330459;0.7148309851609793;0.27034112134220273;0.39499216910786933;1.3137266710311857;0.8504407010289003;1.0714250138011125
LK;500.0;500.0;891000.0;1393000.0;1102500.0;1939500.0;262500.0;527500.0;120500.0;193000.0;81500.0;110500.0;1.0;0.6396267049533381;0.568445475638051;0.4976303317535545;0.6243523316062176;0.7375565610859729;4164000.0;2458500.0;6622500.0;0.5904178674351584;LKA;1.0217746545079807;0.6561140412898565;0.5549602885863789;0.4631724933779497;0.5795176078840756;0.5779757004800795;0.5389625740543624;0.0006953648370690651;0.0006805461791415319;0.7569578958099704;1.153698668484315;0.6760195478486942;1.218140399866598;0.15741326529082475;0.3398588377794171;0.08394305247590207;0.1448498739881148;0.028728106274958636;0.0497046956318344;0.4818348604744407;0.2596909566704292;0.3657023995875639
MA;1500.0;1500.0;4630500.0;19816000.0;6269500.0;10545500.0;4737000.0;4480000.0;1749500.0;1526000.0;1475000.0;2848500.0;1.0;0.233674808235769;0.5945189891422882;1.0573660714285715;1.1464613368283092;0.5178163945936458;39217500.0;18863000.0;58080500.0;0.4809842544782304;MAR;1.0475896217516012;0.24568776877682155;0.6202707477246385;1.0691031445376806;1.1417215722858562;0.48596763051388525;0.4847173811343629;0.0011991136152156327;0.0011446406019283378;2.3070323507665695;9.390098506947801;2.2097872125946063;3.5626171646830813;1.7691301907276962;1.6547797092980518;0.8170900013310697;0.715664853117527;0.4607008149563162;0.9480072046550698;2.756918358942721;1.3363262469479613;2.049368104591113
MX;500.0;500.0;12633000.0;12102000.0;19259500.0;25493500.0;6082000.0;7229000.0;3548000.0;3915000.0;3089500.0;2924000.0;1.0;1.0438770451165096;0.7554670798438817;0.8413335177756259;0.906257982120051;1.0566005471956224;51664000.0;44612500.0;96276500.0;0.8635123103127903;MEX;1.0317751043412229;1.060537881479265;0.7288224472428251;0.7409949297047312;0.7719704010280651;0.8777646485754238;0.7902760741186747;0.00011374819879727204;0.0001102451477251906;1.646102439093037;1.5521392190131027;1.8216570377706651;2.49945243133234;0.6447592006724493;0.8701263326179174;0.43979140401174543;0.5696998271255697;0.2679944688786815;0.305314721108472;1.0925163686078836;0.8633895466938291;0.9728796404701116
NG;500.0;500.0;5251000.0;7527000.0;7131000.0;13719500.0;2228500.0;4854000.0;1019500.0;2023500.0;928500.0;1566000.0;1.0;0.6976218945130862;0.5197711286854477;0.4591058920477956;0.5038299975290339;0.592911877394636;29690500.0;16559000.0;46249500.0;0.5577204829827722;NGA;1.0377856541981383;0.7236962251241758;0.5361668845708647;0.46975921761597755;0.5082763030602411;0.5548840704582944;0.567819059021132;4.861454383806768e-05;4.684449398718129e-05;0.35536398279445486;0.4910402603433223;0.46224733752404745;0.8621333223405234;0.19517211535657297;0.41547266777875935;0.1334742570118498;0.2626017703525132;0.11201500578834678;0.2018710064893923;0.4299119315116794;0.24411218841291918;0.33784557702836787
NL;500.0;500.0;952500.0;714000.0;1002500.0;730500.0;622000.0;462000.0;422500.0;299500.0;308000.0;242000.0;1.0;1.334033613445378;1.3723477070499657;1.3463203463203464;1.4106844741235391;1.2727272727272727;2448500.0;3308000.0;5756500.0;1.351031243618542;NLD;1.0458068388184956;1.380314597040143;1.4082504331617982;1.3599184629384045;1.4014361385569727;1.1672336592873331;1.319207478789667;0.001293466957093114;0.0012368124868588674;1.2050845077372119;0.8730506149259863;0.8440427839183118;0.5993556004263179;0.5671508420639914;0.4170476815488898;0.35814281124729486;0.25555414292089423;0.09675892169093127;0.08289593169375227;0.32048559359337714;0.422786991912729;0.3722459040987465
NO;500.0;500.0;309000.0;253000.0;277000.0;228500.0;146500.0;127000.0;124000.0;96500.0;59000.0;49500.0;1.0;1.2213438735177866;1.212253829321663;1.153543307086614;1.2849740932642486;1.1919191919191918;755000.0;916000.0;1671000.0;1.2132450331125828;NOR;1.056457530012333;1.292494544648017;1.268727695985653;1.2075134686994995;1.3385999204347696;1.1227088417758841;1.2233076561780303;0.003902774091824469;0.003694208220352132;1.373083127074622;1.0623511973495807;0.743462495403684;0.5859905933763829;0.411763217880361;0.3410009317112071;0.34214164112101053;0.25559663936770954;0.06809740468094634;0.06065455454437402;0.3241019371422537;0.39647638108824973;0.3601397109313071
OM;500.0;500.0;265000.0;340500.0;479500.0;906000.0;128500.0;273000.0;44500.0;81500.0;39500.0;51500.0;1.0;0.7782672540381792;0.5292494481236203;0.4706959706959707;0.5460122699386503;0.7669902912621359;1653000.0;957500.0;2610500.0;0.5792498487598307;OMN;1.048100221231169;1.2024940938993647;1.2151830341553265;1.0556130488293298;1.1054147916318662;0.9570318718850795;1.1058644199338816;0.004389507321698212;0.004188060676623083;1.418728284088293;1.1798214155778006;1.3375025104322407;1.100659302211159;0.39904229848363926;0.3780194825425618;0.28515952913433257;0.2579660877464526;0.26644002401332867;0.2784024564286641;0.6735296334703075;0.7448324574259213;0.6980396330351769
PA;500.0;500.0;386000.0;383000.0;557500.0;733000.0;214000.0;278500.0;134000.0;156000.0;142500.0;138500.0;1.0;1.0078328981723237;0.7605729877216917;0.7684021543985637;0.8589743589743589;1.0288808664259927;1689500.0;1434500.0;3124000.0;0.8490677715300384;PAN;1.0440113875618164;1.0467670682528813;0.7762681569467936;0.7753279826886359;0.8486595734043837;0.9115613198136011;0.8363048055364828;0.003497408420360513;0.0033499715252420354;1.582992265483387;1.5122679280744842;1.6765606298454858;2.1597699388310723;0.7104394765322586;0.9163083138939978;0.5122911648889399;0.6036474234702762;0.34057340611645937;0.373615464712896;1.0086729756240846;0.8435580567292058;0.9254903261968273
PK;500.0;500.0;9237000.0;19565000.0;11184000.0;24621500.0;2374000.0;6163000.0;798000.0;1878000.0;922500.0;2048500.0;1.0;0.4721185790953233;0.4542371504579331;0.3852020120071394;0.4249201277955272;0.4503295093971198;54276500.0;24516000.0;78792500.0;0.4516871942737649;PAK;1.0573121377664394;0.4998760143528398;0.481796213369213;0.39715269385913265;0.4294972171389405;0.41747514170804206;0.4646533287013625;4.809420924559231e-05;4.548723837332541e-05;0.5770607932952246;1.1544078465983438;0.6191741012494705;1.2851369190296669;0.17872460495764286;0.4500148374192704;0.08805070308155391;0.2050087860128553;0.07658042700581986;0.18343709446388012;0.6690738359617315;0.31088738502660795;0.49251476322261734
PL;500.0;500.0;1720500.0;1497500.0;2198000.0;1745000.0;1428500.0;1144000.0;961000.0;754000.0;528000.0;379000.0;1.0;1.148914858096828;1.2595988538681948;1.2486888111888113;1.2745358090185677;1.3931398416886545;5520000.0;6836500.0;12356500.0;1.2384963768115942;POL;1.0514132770480755;1.2012493771273767;1.3152859765497122;1.287181150365867;1.2797414833909164;1.0604040351511705;1.1427770879397112;0.0006357521583785777;0.0006046643810353064;1.3389646896216811;1.114643399710751;0.8823815147897258;0.6708666636166902;0.44947673796623183;0.349194624112133;0.36192517074695557;0.2828111579128987;0.07606761546610213;0.07173455866306468;0.34506331911905835;0.39433045497768876;0.3706870747103427
PR;500.0;500.0;48500.0;33000.0;64500.0;103500.0;57000.0;59500.0;41500.0;37000.0;46500.0;61500.0;1.0;1.4696969696969695;0.6231884057971014;0.957983193277311;1.1216216216216215;0.7560975609756098;295000.0;258500.0;553500.0;0.8762711864406779;PRI;1.056219777139253;1.5118018296932034;0.586363736671317;0.8528225947545669;1.0064529616493234;0.5968511835319517;0.7648449171210248;0.007008199593524424;0.006635171718244068;0.3405540146754204;0.2252636608757978;0.3262865554763025;0.55645759631824;0.27759785324326824;0.32550480598272363;0.18218214702757754;0.18101407017475196;0.06705409029950828;0.11234641423127652;0.2197458397270682;0.1680714885737395;0.19215440674106127
PT;500.0;500.0;588000.0;423000.0;725000.0;527500.0;467000.0;336500.0;376500.0;251500.0;263000.0;169500.0;1.0;1.3900709219858156;1.3744075829383886;1.387815750371471;1.497017892644135;1.551622418879056;1708500.0;2420000.0;4128500.0;1.4164471758852797;PRT;1.0438049916970282;1.455890757407416;1.4024982481541852;1.3128602202092934;1.3744062408091133;1.231311180417367;1.263860747214539;0.0024784990209928866;0.002374484736812112;1.551074673166408;1.0653784738138534;1.3171400801184519;0.9391384850939584;0.6792302445083435;0.5173667646050408;0.4568825441744139;0.33242176192786116;0.11902703769310213;0.09666690239323299;0.3945981738777164;0.4987171428865831;0.4496213368276413
PY;500.0;500.0;608000.0;635000.0;807500.0;1123000.0;297000.0;423000.0;151500.0;202500.0;157000.0;159000.0;1.0;0.95748031496063;0.7190560997328584;0.7021276595744681;0.7481481481481481;0.9874213836477987;2543000.0;2021500.0;4564500.0;0.7949272512780181;PRY;1.0431232091690543;0.9929444812225465;0.7372682652662865;0.7140293979023334;0.7458389988360827;0.855328169490992;0.7885416598161845;0.0021707041764348354;0.0020809662342418833;1.505934571105871;1.5166352193747163;1.3986365242453425;1.8970523893906965;0.6466009905840091;0.9055663429035069;0.4694806583265416;0.6294664921775188;0.3168133021228509;0.3703997055438819;1.0299666425274563;0.8121716058539031;0.9206299775434458
QA;1500.0;1500.0;354000.0;835000.0;674000.0;1783000.0;363000.0;808500.0;116500.0;190500.0;98000.0;148500.0;1.0;0.4239520958083832;0.3780145821648906;0.4489795918367347;0.6115485564304461;0.6599326599326599;3767000.0;1607000.0;5374000.0;0.4265994159808866;QAT;1.0943040448869779;1.0181884672146169;1.2867134620825977;1.501368125993735;2.011881672999342;1.466522452008234;1.2837264655580813;0.03449306689355439;0.03152055139951248;5.6153931568344415;5.515082263891733;3.414577306739484;2.6537200451861698;1.9544500080762397;1.301779339948766;1.3616494074195282;0.6768039222652503;1.8142772511848342;1.2371288613415976;1.9894827292090604;2.553951632256393;2.130275841784009
RO;500.0;500.0;871500.0;790500.0;1087000.0;1084000.0;925000.0;870500.0;921500.0;830500.0;814000.0;637500.0;1.0;1.1024667931688803;1.0027675276752768;1.0626076967260196;1.1095725466586397;1.2768627450980392;4213500.0;4619500.0;8833000.0;1.0963569479055415;ROU;1.0417519908987487;1.1487078861749875;1.0561020960738758;1.136366025719608;1.1302222143089495;0.9486738905535568;1.010743561287492;0.0011608739058763438;0.0011143476720162783;1.249140006879945;1.0874305138091982;0.9972001335716094;0.9442270186554521;0.717705205496458;0.6315792528573428;0.5980453683771262;0.5291396336098282;0.23585609532990442;0.24861661913376895;0.5377329378429986;0.543510104617018;0.5407388869680031
SA;1500.0;1500.0;7017500.0;15645000.0;12277000.0;24926500.0;8274000.0;13822500.0;2655000.0;2962500.0;1886000.0;3206000.0;1.0;0.4485458612975391;0.4925280324153009;0.5985892566467715;0.8962025316455696;0.5882719900187149;60564000.0;32111000.0;92675000.0;0.5301994584241464;SAU;1.030250637213254;0.5745015547810576;0.9447949162084601;1.278376006519604;1.841372906992658;0.9143013913228772;0.9256200692013459;0.0015930331350892098;0.0015462578498356843;4.574247848294671;7.9621156987780735;4.751547145859377;5.029183650699272;4.051521009736578;3.169271786293063;2.3897475778490653;1.2978075048101017;1.826974120126939;1.9982186809138953;3.7524344913191032;3.473328673528305;3.65078607224818
SE;500.0;500.0;612000.0;479500.0;576000.0;474000.0;316000.0;263000.0;185500.0;147500.0;152000.0;132000.0;1.0;1.2763295099061522;1.2151898734177216;1.2015209125475286;1.2576271186440675;1.1515151515151516;1496500.0;1842000.0;3338500.0;1.2308720347477446;SWE;1.0612429141297501;1.4165126579704002;1.2849108811476118;1.265189819123207;1.2956276338458206;1.0693950819098323;1.238209842530369;0.0020995171110644553;0.0019783567768611393;1.569592982996076;1.1080684483575398;0.8187028108796507;0.6371669995886643;0.48328683991582244;0.3819876137248295;0.2867486566868859;0.22132026918546638;0.08619130273050646;0.08059818507541426;0.3384137992325367;0.41902729705782327;0.3786007614428494
TR;1500.0;1500.0;12834000.0;40678000.0;13428000.0;24612500.0;7655500.0;11879500.0;3841500.0;4104000.0;2496000.0;4176000.0;1.0;0.3155022370814691;0.5455764347384459;0.6444294793551917;0.9360380116959064;0.5977011494252874;85451500.0;40256500.0;125708000.0;0.4711034914542167;TUR;1.0404649632635157;0.3290640673959901;0.5674341312056349;0.6559302179332562;0.9411473609114275;0.5235590207306287;0.46530331945507913;0.0006047489727330783;0.0005812295407201666;2.7747533336389005;8.432258664996715;2.0439065465285555;3.6020155188512186;1.1669601279349875;1.7790918851275286;0.706780678862704;0.750977698304591;0.2720336345175806;0.519585421597658;2.48281779328297;1.1552633608167004;1.8149290926197696
UA;1000.0;1000.0;4947000.0;72623500.0;9764000.0;12865000.0;4001500.0;13990500.0;3563000.0;2261500.0;1979500.0;2114000.0;1.0;0.0681184465083616;0.7589584143023708;0.2860155105249991;1.5755029847446385;0.9363765373699148;103855500.0;24256000.0;128111500.0;0.2335552763214273;UKR;1.0571131853304294;0.07158204084780957;0.7954646203499929;0.2889367427846695;1.4025648620122544;0.5981424049285167;0.19699277104594967;0.0012633983393892227;0.0011951400823690544;4.2452295873708925;59.305791467955835;4.070236168742221;5.116803519119902;1.2783303596671836;4.424256836797876;1.2779862122396861;0.9111779760446617;0.26068378826023497;0.43582228264085204;6.891390405224147;1.357554092284575;3.889503212635567
US;500.0;500.0;14623000.0;11693500.0;17458000.0;19486000.0;16604000.0;18660500.0;11144000.0;12112500.0;11985000.0;17240500.0;1.0;1.250523795270877;0.8959252796879811;0.8897939497869832;0.9200412796697628;0.6951654534381253;79193500.0;71814500.0;151008000.0;0.906823160991748;USA;1.0624967827775733;1.3350644443810284;0.9596248777639432;0.9438957267959445;0.957225856435628;0.6287909319675641;0.9086071032718271;5.681629009397755e-05;5.347431730141216e-05;0.966890656720624;0.7242277036063981;0.7634836669029831;0.7956063714000455;0.7418360836237451;0.7859301219022453;0.5469017310244632;0.5713403240703638;0.22431838094572853;0.3567455724016386;0.5527995831213978;0.5022776279098069;0.5275634283506483
UY;500.0;500.0;288000.0;256000.0;435500.0;549500.0;151500.0;179500.0;106500.0;130500.0;120000.0;121500.0;1.0;1.125;0.7925386715195633;0.8440111420612814;0.8160919540229885;0.9876543209876544;1237500.0;1102000.0;2339500.0;0.8905050505050505;URY;1.0474961617613432;1.1730540158743459;0.8191685157387683;0.84808660394141;0.7979055534664364;0.734512930403317;0.8188201879647119;0.0054443101514607085;0.005197451169946258;1.7239108833846117;1.469592073387754;1.7821336497933462;2.1755397278496797;0.6940658515019769;0.8183903015050175;0.49526821215151023;0.6207103209143705;0.23090599816814575;0.31436614470674673;0.9241640329547559;0.7567241671742395;0.8369330936474292
ZA;1500.0;1500.0;10555000.0;16616000.0;19591000.0;26293000.0;13553000.0;10280500.0;5102000.0;3193500.0;3296000.0;3109500.0;1.0;0.6352311025517573;0.74510325942266;1.3183210933320364;1.5976201659621103;1.0599774883421773;59494000.0;52098500.0;111592500.0;0.875693347228292;ZAF;1.0093970753497452;0.6484469696581163;0.7319535894063862;1.309397947670082;1.4628242053457352;0.75201593250166;0.811819897664246;0.0007038304800827704;0.0006972781051885859;2.977597633042617;4.5918907364352535;3.4238208169563977;4.677647417144459;2.792438555225711;2.132612595120164;1.560757264006588;1.06694793421039;0.6473126215552353;0.8607698235885534;2.6074467335850264;2.116777140423969;2.3528258589229654
