level;iso2;name;age_13_17_women;age_13_17_men;age_18_24_women;age_18_24_men;age_25_34_women;age_25_34_men;age_35_44_women;age_35_44_men;age_45_54_women;age_45_54_men;age_55_100_women;age_55_100_men;age_13_17_ratio;age_18_24_ratio;age_25_34_ratio;age_35_44_ratio;age_45_54_ratio;age_55_100_ratio;total_men;total_women;total_all;total_ratio;iso3;age_13_17_ratio_std;age_18_24_ratio_std;age_25_34_ratio_std;age_35_44_ratio_std;age_45_54_ratio_std;age_55_100_ratio_std;total_ratio_std;age_13_17_women_pen;age_13_17_men_pen;age_18_24_women_pen;age_18_24_men_pen;age_25_34_women_pen;age_25_34_men_pen;age_35_44_women_pen;age_35_44_men_pen;age_45_54_women_pen;age_45_54_men_pen;age_55_100_women_pen;age_55_100_men_pen;total_men_pen;total_women_pen;total_all_pen
country;AD;Andorra;500.0;500.0;4000.0;5000.0;7000.0;9500.0;4000.0;4000.0;3000.0;2500.0;2500.0;2500.0;1.0;0.8;0.7368;1.0;1.2;1.0;24000.0;21000.0;45000.0;0.875;AND;1.1284;0.8541;0.839;1.0267;1.2456;1.0121;0.9169;0.3149;0.279;1.3188;1.5442;1.4406;1.717;0.6551;0.6381;0.4218;0.3386;0.2073;0.2048;0.659;0.6042;0.6322
country;AE;United Arab Emirates;1000.0;1000.0;984000.0;1461000.0;1996000.0;3958500.0;764000.0;1559500.0;267000.0;482000.0;172500.0;243000.0;1.0;0.6735;0.5042;0.4899;0.5539;0.7099;7705000.0;4184500.0;11889500.0;0.5431;ARE;1.0384;1.0039;1.1911;1.0232;1.2649;1.1123;1.0795;0.0057;0.0055;2.0578;2.0499;2.2114;1.8566;0.9983;0.9757;0.7513;0.594;0.6308;0.5671;1.3135;1.418;1.3485
country;AG;Antigua & Barbuda;500.0;500.0;6500.0;5000.0;10500.0;12000.0;4000.0;3000.0;2500.0;1500.0;2500.0;1500.0;1.0;1.3;0.875;1.3333;1.6667;1.6667;23500.0;26500.0;50000.0;1.1277;ATG;1.0266;1.3321;0.8489;1.2303;1.4138;1.2562;0.9978;0.1955;0.1904;1.4066;1.056;1.4331;1.6882;0.5745;0.4669;0.3543;0.2506;0.1999;0.1592;0.6473;0.6459;0.6465
country;AI;Anguilla;500.0;500.0;4000.0;1500.0;3000.0;3500.0;1500.0;500.0;500.0;500.0;500.0;500.0;1.0;2.6667;0.8571;3.0;1.0;1.0;7000.0;10000.0;17000.0;1.4286;AIA;0.9787;2.7203;0.8694;2.7034;0.9606;0.8462;1.3277;1.0661;1.0893;5.7554;2.1157;3.5757;4.1128;1.301;0.4812;0.4374;0.4554;0.2588;0.3058;1.2088;1.6049;1.4141
country;AL;Albania;500.0;500.0;169500.0;153000.0;224000.0;291500.0;64000.0;97000.0;34000.0;48500.0;45000.0;43000.0;1.0;1.1078;0.7684;0.6598;0.701;1.0465;633500.0;537000.0;1170500.0;0.8477;ALB;1.0947;1.1832;0.7909;0.6589;0.5992;0.935;0.8124;0.0078;0.0071;1.27;1.0733;0.9759;1.2338;0.3712;0.5633;0.1914;0.3194;0.1039;0.1111;0.546;0.4436;0.4937
country;AO;Angola;500.0;500.0;455000.0;603500.0;550500.0;872500.0;196000.0;379500.0;78500.0;136000.0;63000.0;73500.0;1.0;0.7539;0.6309;0.5165;0.5772;0.8571;2065500.0;1343500.0;3409000.0;0.6504;AGO;1.0024;0.7493;0.6179;0.4965;0.5262;0.7137;0.6222;0.0003;0.0003;0.2037;0.2719;0.2224;0.36;0.1092;0.2199;0.0654;0.1242;0.0464;0.065;0.2024;0.1259;0.1633
country;AR;Argentina;500.0;500.0;3983000.0;3376000.0;5609000.0;6689000.0;1985000.0;2213000.0;1267000.0;1356500.0;1154000.0;1036500.0;1.0;1.1798;0.8385;0.897;0.934;1.1134;14671500.0;13998500.0;28670000.0;0.9541;ARG;1.0578;1.2345;0.869;0.9176;0.9294;0.9089;0.9226;0.0004;0.0003;1.6776;1.359;1.6477;1.896;0.6291;0.6856;0.4768;0.513;0.2172;0.239;0.8297;0.7655;0.7971
country;AT;Austria;500.0;500.0;373000.0;294000.0;397500.0;346000.0;213000.0;180500.0;171500.0;141500.0;112500.0;94000.0;1.0;1.2687;1.1488;1.1801;1.212;1.1968;1056500.0;1268000.0;2324500.0;1.2002;AUT;1.0511;1.3435;1.2005;1.2036;1.1986;1.0302;1.1473;0.0029;0.0028;1.1588;0.8625;0.6652;0.554;0.3492;0.2901;0.2694;0.2248;0.0658;0.0639;0.2732;0.3135;0.2938
country;AU;Australia;500.0;500.0;1727000.0;1375000.0;2259500.0;2587000.0;693500.0;737500.0;382500.0;405000.0;300500.0;301500.0;1.0;1.256;0.8734;0.9403;0.9444;0.9967;5406500.0;5363500.0;10770000.0;0.992;AUS;1.0608;1.3322;0.8821;0.9244;0.9198;0.9026;0.9627;0.0008;0.0008;1.5971;1.1989;1.1935;1.353;0.3747;0.4054;0.2283;0.2482;0.0756;0.0837;0.5018;0.4831;0.4923
country;AW;Aruba;500.0;500.0;9500.0;8500.0;13000.0;19000.0;6000.0;7000.0;4000.0;4000.0;6000.0;4000.0;1.0;1.1176;0.6842;0.8571;1.0;1.5;43000.0;39000.0;82000.0;0.907;ABW;1.0434;1.2076;0.6658;0.7361;0.8228;1.1786;0.7883;0.1825;0.1749;2.1734;1.7997;2.0463;3.0734;0.8114;1.1022;0.4744;0.5765;0.3136;0.266;1.0217;0.8054;0.9059
country;AZ;Azerbaijan;500.0;500.0;898500.0;791500.0;1333500.0;1667500.0;556000.0;804000.0;297000.0;399500.0;413000.0;404000.0;1.0;1.1352;0.7997;0.6915;0.7434;1.0223;4067000.0;3498500.0;7565500.0;0.8602;AZE;1.1162;1.218;0.7542;0.6673;0.6745;0.7961;0.7947;0.0017;0.0015;2.0387;1.6738;1.4472;1.9189;0.673;1.0084;0.4605;0.6827;0.3694;0.464;1.0381;0.8251;0.9274
country;BA;Bosnia and Herzegovina;500.0;500.0;153500.0;135000.0;209500.0;260500.0;57000.0;83500.0;36000.0;51500.0;30500.0;37500.0;1.0;1.137;0.8042;0.6826;0.699;0.8133;568500.0;487000.0;1055500.0;0.8566;BIH;1.0791;1.2411;0.9054;0.6908;0.6659;0.5795;0.7581;0.008;0.0074;1.3267;1.0689;1.3303;1.4693;0.2496;0.3613;0.1543;0.2317;0.0443;0.0764;0.4322;0.3277;0.3768
country;BB;Barbados;500.0;500.0;17000.0;12500.0;28000.0;28500.0;7000.0;8500.0;5500.0;5000.0;7000.0;3000.0;1.0;1.36;0.9825;0.8235;1.1;2.3333;58000.0;65000.0;123000.0;1.1207;BRB;1.0334;1.4026;0.9663;0.7769;1.0053;1.8391;1.0095;0.0696;0.0673;1.3197;0.9408;1.5159;1.5689;0.3652;0.4701;0.2741;0.2727;0.1502;0.0816;0.5177;0.5226;0.5202
country;BD;Bangladesh;500.0;500.0;8010000.0;14861500.0;8116500.0;17009500.0;1281500.0;3096500.0;436500.0;915000.0;640500.0;1219500.0;1.0;0.539;0.4772;0.4139;0.477;0.5252;37102500.0;18485500.0;55588000.0;0.4982;BGD;1.0238;0.4671;0.4077;0.3932;0.4721;0.5296;0.4657;0.0001;0.0001;0.6613;1.4159;0.5449;1.3366;0.1066;0.2711;0.0544;0.1153;0.0591;0.1116;0.6135;0.2857;0.4441
country;BE;Belgium;500.0;500.0;589500.0;469500.0;624500.0;478000.0;378500.0;296000.0;259500.0;201500.0;178500.0;125000.0;1.0;1.2556;1.3065;1.2787;1.2878;1.428;1570500.0;2031000.0;3601500.0;1.2932;BEL;1.048;1.3094;1.3133;1.2776;1.3121;1.2518;1.2402;0.0019;0.0018;1.2991;0.9921;0.8382;0.6382;0.498;0.3898;0.3423;0.2609;0.0859;0.0686;0.3236;0.4014;0.3633
country;BG;Bulgaria;500.0;500.0;375000.0;279000.0;460500.0;363500.0;306500.0;253000.0;216000.0;179500.0;202500.0;142500.0;1.0;1.3441;1.2669;1.2115;1.2033;1.4211;1218000.0;1561000.0;2779000.0;1.2816;BGR;1.0608;1.4208;1.3384;1.2923;1.2494;1.0699;1.1802;0.0038;0.0036;1.7416;1.2258;1.2268;0.9167;0.648;0.5015;0.4196;0.3358;0.1492;0.1394;0.4312;0.5089;0.4717
country;BH;Bahrain;500.0;500.0;122500.0;142000.0;236000.0;358500.0;91500.0;146000.0;41000.0;60000.0;34000.0;35000.0;1.0;0.8627;0.6583;0.6267;0.6833;0.9714;742000.0;525500.0;1267500.0;0.7082;BHR;1.0028;1.379;1.2667;1.4882;1.3083;1.2276;1.2897;0.0148;0.0148;2.2348;1.6207;1.9858;1.5678;0.8514;0.5721;0.6059;0.4631;0.4951;0.4033;0.9031;1.1647;0.9958
country;BL;Saint Barthélemy;500.0;500.0;500.0;500.0;500.0;500.0;500.0;500.0;500.0;500.0;500.0;500.0;1.0;1.0;1.0;1.0;1.0;1.0;3000.0;3000.0;6000.0;1.0;BLM;1.0404;0.9956;0.8218;0.7658;0.8666;0.8179;0.8502;1.5528;1.4925;1.0917;1.0965;0.768;0.9346;0.6849;0.8945;0.6477;0.7474;0.2678;0.3274;0.7351;0.625;0.6756
country;BM;Bermuda;500.0;500.0;2500.0;1500.0;5000.0;5000.0;1500.0;1500.0;500.0;1500.0;1500.0;1500.0;1.0;1.6667;1.0;1.0;0.3333;1.0;11500.0;11500.0;23000.0;1.0;BMU;1.1033;1.7037;0.9672;0.983;0.3671;0.8452;0.9475;0.3909;0.3544;1.0647;0.625;1.4376;1.4863;0.3358;0.3416;0.109;0.2968;0.1174;0.1389;0.4194;0.3974;0.4081
country;BO;Bolivia (Plurinational State of);500.0;500.0;1372000.0;1320500.0;1730500.0;2141500.0;642500.0;745000.0;351500.0;360500.0;351500.0;301500.0;1.0;1.039;0.8081;0.8624;0.975;1.1658;4869500.0;4448500.0;9318000.0;0.9135;BOL;1.0314;1.0641;0.8207;0.8751;0.9763;1.0239;0.9068;0.0011;0.001;1.7668;1.6603;1.7088;2.0821;0.8251;0.9429;0.615;0.6299;0.4586;0.4479;1.122;1.0175;1.0696
country;BQ;Caribbean Netherlands;500.0;500.0;500.0;500.0;1500.0;1500.0;500.0;500.0;500.0;500.0;500.0;500.0;1.0;1.0;1.0;1.0;1.0;1.0;4000.0;4000.0;8000.0;1.0;BES;1.0908;1.0561;1.0544;1.0815;1.0812;1.0718;1.0718;0.8403;0.7704;0.5285;0.5005;0.7029;0.6667;0.2254;0.2084;0.2447;0.2263;0.1205;0.1124;0.3088;0.331;0.3195
country;BR;Brazil;500.0;500.0;15112000.0;12831500.0;21402500.0;26747000.0;9302000.0;11385000.0;6346000.0;7609500.0;6837000.0;7472500.0;1.0;1.1777;0.8002;0.817;0.834;0.915;66046000.0;59000000.0;125046000.0;0.8933;BRA;1.039;1.2109;0.8054;0.801;0.7932;0.7738;0.852;0.0001;0.0001;1.3717;1.1328;1.3165;1.6347;0.5563;0.6945;0.4561;0.575;0.2857;0.3693;0.7896;0.6728;0.7298
country;BS;The Bahamas;500.0;500.0;29500.0;27000.0;56000.0;66000.0;22500.0;20500.0;14000.0;11500.0;13000.0;8500.0;1.0;1.0926;0.8485;1.0976;1.2174;1.5294;134000.0;135500.0;269500.0;1.0112;BHS;1.0134;1.0785;0.8005;0.9844;1.0912;1.223;0.9059;0.0441;0.0435;1.4638;1.3573;1.6557;2.0683;0.754;0.7659;0.483;0.4426;0.2594;0.2121;0.8583;0.7776;0.8157
country;BY;Belarus;500.0;500.0;1108500.0;974000.0;1216000.0;1566000.0;479500.0;589500.0;327000.0;343000.0;419500.0;334000.0;1.0;1.1381;0.7765;0.8134;0.9534;1.256;3807000.0;3551000.0;7358000.0;0.9328;BLR;1.0565;1.2084;0.8143;0.8179;0.8568;0.783;0.785;0.0026;0.0025;3.7606;3.112;2.0994;2.5781;0.6656;0.8138;0.4992;0.5827;0.24;0.3065;1.0805;0.8481;0.9543
country;BZ;Belize;500.0;500.0;34000.0;33500.0;47000.0;53000.0;13000.0;17500.0;6000.0;7500.0;6000.0;6000.0;1.0;1.0149;0.8868;0.7429;0.8;1.0;118000.0;106500.0;224500.0;0.9025;BLZ;1.0371;1.0518;0.9221;0.7424;0.7754;0.9624;0.9112;0.0329;0.0318;1.2338;1.173;1.2952;1.4045;0.4592;0.6185;0.2893;0.373;0.2554;0.2653;0.771;0.7026;0.737
country;CA;Canada;500.0;500.0;2226000.0;1809500.0;3348500.0;3840500.0;1176000.0;1230500.0;722500.0;738500.0;665000.0;608500.0;1.0;1.2302;0.8719;0.9557;0.9783;1.0929;8228000.0;8138500.0;16366500.0;0.9891;CAN;1.0337;1.2988;0.9252;0.9585;0.9602;0.9882;0.9658;0.0006;0.0006;1.3794;1.0622;1.2529;1.3543;0.4416;0.4607;0.2942;0.3064;0.0994;0.1005;0.4977;0.4807;0.4891
country;CD;Congo (Democratic Republic of the);500.0;500.0;1084500.0;1551500.0;1588500.0;2786000.0;505000.0;1003500.0;240500.0;396500.0;256000.0;280500.0;1.0;0.699;0.5702;0.5032;0.6066;0.9127;6018500.0;3675000.0;9693500.0;0.6106;COD;0.9962;0.6943;0.5617;0.4912;0.5761;0.8005;0.5919;0.0001;0.0001;0.1651;0.2379;0.2269;0.4039;0.1108;0.2256;0.0773;0.1342;0.0658;0.0822;0.209;0.1237;0.1657
country;CH;Switzerland;500.0;500.0;303000.0;248500.0;373000.0;293500.0;200500.0;170500.0;181000.0;145000.0;105000.0;81500.0;1.0;1.2193;1.2709;1.176;1.2483;1.2883;939500.0;1163000.0;2102500.0;1.2379;CHE;1.0604;1.3025;1.316;1.1989;1.2574;1.154;1.2075;0.003;0.0028;0.991;0.7608;0.6485;0.4928;0.322;0.2686;0.2932;0.2332;0.0673;0.0583;0.2503;0.3023;0.2766
country;CL;Chile;500.0;500.0;1813500.0;1542500.0;3068000.0;3708500.0;1188000.0;1358000.0;766500.0;820500.0;892500.0;796000.0;1.0;1.1757;0.8273;0.8748;0.9342;1.1212;8226000.0;7729000.0;15955000.0;0.9396;CHL;1.0414;1.2102;0.8474;0.89;0.9328;0.9961;0.9193;0.0011;0.001;1.9683;1.6265;1.9264;2.2735;0.8263;0.9285;0.594;0.6368;0.3464;0.3478;1.0143;0.9324;0.9729
country;CO;Colombia;500.0;500.0;4591500.0;4435000.0;7064000.0;9180500.0;2447500.0;3005000.0;1416000.0;1599000.0;1487000.0;1408000.0;1.0;1.0353;0.7695;0.8145;0.8856;1.0561;19628000.0;17006500.0;36634500.0;0.8664;COL;1.0416;1.0605;0.771;0.7999;0.8377;0.9016;0.8306;0.0003;0.0003;1.5227;1.4359;1.584;2.0545;0.6421;0.8027;0.4437;0.5297;0.2745;0.3044;0.9548;0.7931;0.8722
country;CR;Costa Rica;500.0;500.0;467000.0;419500.0;787500.0;944000.0;314000.0;360500.0;185000.0;190500.0;190500.0;165000.0;1.0;1.1132;0.8342;0.871;0.9711;1.1545;2080000.0;1944500.0;4024500.0;0.9349;CRI;1.0437;1.1592;0.8579;0.8662;0.9037;0.9985;0.9004;0.0035;0.0034;1.7916;1.5454;1.9538;2.2776;0.8089;0.9338;0.5792;0.641;0.312;0.3124;1.017;0.9157;0.9654
country;CU;Cuba;500.0;500.0;500.0;500.0;500.0;500.0;500.0;500.0;500.0;500.0;500.0;500.0;1.0;1.0;1.0;1.0;1.0;1.0;3000.0;3000.0;6000.0;1.0;CUB;1.0504;1.0465;1.0561;1.0401;0.9661;0.8607;0.9602;0.0022;0.0021;0.0011;0.001;0.0007;0.0007;0.0008;0.0007;0.0006;0.0006;0.0003;0.0003;0.0006;0.0006;0.0006
country;CV;Cabo Verde;500.0;500.0;21500.0;21500.0;26500.0;40500.0;7000.0;9500.0;3000.0;4000.0;2000.0;1500.0;1.0;1.0;0.6543;0.7368;0.75;1.3333;77500.0;60500.0;138000.0;0.7806;CPV;1.08;1.136;0.707;0.8143;0.8086;1.0404;0.8025;0.0269;0.0249;0.769;0.6769;0.5901;0.8347;0.1944;0.2387;0.1257;0.1555;0.048;0.0462;0.3907;0.3136;0.3527
country;CW;Curaçao;500.0;500.0;7500.0;8000.0;17500.0;25000.0;7000.0;7000.0;5000.0;5000.0;8000.0;6000.0;1.0;0.9375;0.7;1.0;1.0;1.3333;51500.0;45500.0;97000.0;0.8835;CUW;1.0299;1.0694;0.8233;0.9748;0.8252;0.9023;0.7833;0.1225;0.1189;0.9035;0.8449;1.2536;1.5225;0.6033;0.6189;0.3819;0.4628;0.2412;0.2673;0.6899;0.5404;0.6106
country;CZ;Czechia;500.0;500.0;437000.0;296000.0;373500.0;285000.0;166000.0;127000.0;132500.0;102500.0;80500.0;59500.0;1.0;1.4764;1.3105;1.3071;1.2927;1.3529;870500.0;1190000.0;2060500.0;1.367;CZE;1.045;1.5418;1.3933;1.401;1.3579;1.1068;1.3128;0.0022;0.0021;1.1829;0.7673;0.5828;0.4183;0.2217;0.1582;0.1634;0.1203;0.042;0.038;0.1923;0.2525;0.223
country;DE;Germany;500.0;500.0;3082000.0;2760500.0;3778500.0;3230500.0;2447000.0;2050500.0;1683000.0;1351500.0;1359500.0;1028500.0;1.0;1.1165;1.1696;1.1934;1.2453;1.3218;10422000.0;12350500.0;22772500.0;1.185;DEU;1.0602;1.2103;1.2627;1.2293;1.2546;1.1474;1.1419;0.0003;0.0003;1.0874;0.8984;0.7546;0.5976;0.4613;0.3753;0.3085;0.2459;0.0786;0.0685;0.2892;0.3303;0.3102
country;DJ;Djibouti;500.0;500.0;22500.0;37000.0;34000.0;70500.0;8500.0;18500.0;3000.0;6000.0;2500.0;4000.0;1.0;0.6081;0.4823;0.4595;0.5;0.625;136500.0;71000.0;207500.0;0.5201;DJI;1.0162;0.6131;0.4803;0.4475;0.4728;0.54;0.5036;0.0109;0.0108;0.2871;0.4683;0.364;0.758;0.1122;0.2507;0.0499;0.1055;0.0375;0.0695;0.3357;0.1691;0.251
country;DK;Denmark;500.0;500.0;324500.0;243000.0;263000.0;196000.0;108000.0;85000.0;80500.0;59500.0;43000.0;32500.0;1.0;1.3354;1.3418;1.2706;1.3529;1.3231;616500.0;819500.0;1436000.0;1.3293;DNK;1.0484;1.386;1.3949;1.2932;1.3511;1.2022;1.2992;0.0037;0.0035;1.2843;0.9266;0.6665;0.4777;0.3153;0.2438;0.208;0.1539;0.0412;0.0343;0.2468;0.3206;0.2841
country;DM;Dominica;500.0;500.0;3000.0;2500.0;6000.0;6000.0;1500.0;2000.0;1500.0;500.0;1500.0;1500.0;1.0;1.2;1.0;0.75;3.0;1.0;13000.0;14000.0;27000.0;1.0769;DMA;0.941;1.2057;1.0084;0.7839;3.1204;0.975;1.0816;0.2782;0.2957;0.9509;0.7886;1.1184;1.1091;0.3292;0.4199;0.3502;0.1122;0.1768;0.1813;0.4682;0.5065;0.4873
country;DO;Dominican Republic;500.0;500.0;1077000.0;1151500.0;1494000.0;2000500.0;501500.0;658000.0;253000.0;307500.0;259500.0;264000.0;1.0;0.9353;0.7468;0.7622;0.8228;0.983;4382000.0;3585500.0;7967500.0;0.8182;DOM;1.0428;0.9696;0.7614;0.761;0.7945;0.8288;0.796;0.0013;0.0013;1.616;1.6666;1.6695;2.1926;0.6724;0.8836;0.4105;0.5167;0.2682;0.3236;1.0542;0.8392;0.9453
country;DZ;Algeria;500.0;500.0;3030500.0;3446000.0;4375000.0;6988500.0;1246000.0;2294000.0;534000.0;897000.0;573500.0;707000.0;1.0;0.8794;0.626;0.5432;0.5953;0.8112;14333000.0;9759500.0;24092500.0;0.6809;DZA;1.0464;0.912;0.6684;0.5746;0.6243;0.8042;0.7091;0.0003;0.0003;1.5207;1.6675;1.324;1.9806;0.3588;0.6244;0.2102;0.3367;0.1798;0.2236;0.8637;0.6125;0.7407
country;EC;Ecuador;500.0;500.0;2126500.0;1937000.0;2771000.0;3253000.0;1123500.0;1252000.0;655000.0;676000.0;690500.0;579500.0;1.0;1.0978;0.8518;0.8974;0.9689;1.1915;7698000.0;7367000.0;15065000.0;0.957;ECU;1.0412;1.1353;0.8662;0.8941;0.9421;1.0395;0.9381;0.0008;0.0008;1.9734;1.7383;1.8741;2.1636;0.8941;1.0001;0.6681;0.7091;0.4587;0.4412;1.1353;1.065;1.0998
country;EE;Estonia;500.0;500.0;73500.0;50500.0;65000.0;49500.0;53500.0;41500.0;22500.0;16000.0;25000.0;12500.0;1.0;1.4554;1.3131;1.2892;1.4062;2.0;170500.0;240000.0;410500.0;1.4076;EST;1.0651;1.5171;1.4301;1.3951;1.4324;1.309;1.238;0.0168;0.0158;1.6356;1.078;0.7957;0.5564;0.5635;0.4039;0.2447;0.1708;0.0907;0.0693;0.3133;0.3879;0.353
country;EG;Egypt;1000.0;1000.0;9350500.0;9789500.0;8629500.0;14736500.0;2585000.0;4365000.0;1013000.0;1505500.0;945000.0;1207000.0;1.0;0.9552;0.5856;0.5922;0.6729;0.7829;31604500.0;22524000.0;54128500.0;0.7127;EGY;1.046;0.9973;0.6106;0.6073;0.697;0.6793;0.7179;0.0002;0.0002;1.4165;1.4204;1.0172;1.6662;0.3467;0.571;0.189;0.2711;0.1333;0.1961;0.8007;0.5748;0.6882
country;ER;Eritrea;500.0;500.0;500.0;1500.0;1500.0;4000.0;500.0;500.0;500.0;500.0;500.0;500.0;1.0;0.3333;0.375;1.0;1.0;1.0;7500.0;4000.0;11500.0;0.5333;ERI;1.0137;0.3375;0.3772;0.9437;0.8642;0.7807;0.5057;0.0029;0.0029;0.002;0.0059;0.0063;0.0166;0.0032;0.0034;0.0038;0.0044;0.0029;0.0037;0.007;0.0036;0.0053
country;ES;Spain;500.0;500.0;2010500.0;1895000.0;2544500.0;2311500.0;2611500.0;1689000.0;2786000.0;1696000.0;2079500.0;1111000.0;1.0;1.0609;1.1008;1.5462;1.6427;1.8717;8703000.0;12032500.0;20735500.0;1.3826;ESP;1.0583;1.1272;1.1286;1.5677;1.6781;1.5823;1.316;0.0005;0.0005;1.2133;1.0764;0.9726;0.8618;0.7773;0.4958;0.7195;0.4287;0.2306;0.1457;0.425;0.5592;0.4938
country;FI;Finland;500.0;500.0;293000.0;225000.0;287000.0;224000.0;140500.0;110500.0;105000.0;73500.0;81500.0;60500.0;1.0;1.3022;1.2812;1.2715;1.4286;1.3471;694000.0;907500.0;1601500.0;1.3076;FIN;1.044;1.3809;1.3653;1.3571;1.4798;1.153;1.2637;0.0041;0.0039;1.4171;1.0262;0.8319;0.6093;0.4028;0.2968;0.321;0.2169;0.0744;0.0645;0.2936;0.371;0.333
country;FO;Faroe Islands;500.0;500.0;3500.0;2500.0;3000.0;3000.0;500.0;500.0;500.0;500.0;500.0;500.0;1.0;1.4;1.0;1.0;1.0;1.0;7500.0;8500.0;16000.0;1.1333;FRO;1.0294;1.5947;1.153;1.1122;1.1482;0.9998;1.2211;0.334;0.3245;1.5073;0.9452;0.9762;0.8467;0.1607;0.1445;0.1611;0.1403;0.0616;0.0617;0.3281;0.4006;0.363
country;FR;France;500.0;500.0;3044000.0;2746500.0;3496000.0;3213000.0;2725000.0;2065000.0;1855000.0;1348500.0;1292000.0;885000.0;1.0;1.1083;1.0881;1.3196;1.3756;1.4599;10258500.0;12412500.0;22671000.0;1.21;FRA;1.0535;1.1663;1.0851;1.2687;1.3414;1.1981;1.115;0.0003;0.0003;1.1052;0.9476;0.9168;0.845;0.657;0.5179;0.4293;0.32;0.1035;0.0864;0.3822;0.4262;0.4051
country;GB;United Kingdom;500.0;500.0;3167500.0;2896000.0;4336000.0;3499500.0;3700500.0;2243500.0;2319500.0;1457000.0;1733000.0;1073500.0;1.0;1.0938;1.239;1.6494;1.592;1.6143;11170000.0;15257000.0;26427000.0;1.3659;GBR;1.0514;1.1584;1.2763;1.6193;1.5346;1.4075;1.3032;0.0003;0.0003;1.1734;1.0129;0.9678;0.7583;0.8152;0.5034;0.5168;0.3368;0.1504;0.1068;0.3993;0.5204;0.4613
country;GD;Grenada;500.0;500.0;6000.0;6500.0;9500.0;13000.0;3000.0;3500.0;1500.0;1500.0;1500.0;500.0;1.0;0.9231;0.7308;0.8571;1.0;3.0;25500.0;22000.0;47500.0;0.8627;GRD;1.0435;0.9619;0.7573;0.8651;1.0688;2.7415;0.8637;0.1481;0.1419;1.0234;1.064;0.9746;1.2869;0.3359;0.3883;0.2519;0.2357;0.109;0.0398;0.5348;0.4619;0.4984
country;GE;Georgia;500.0;500.0;323500.0;291500.0;494000.0;594000.0;171500.0;229000.0;92500.0;120500.0;116500.0;109500.0;1.0;1.1098;0.8316;0.7489;0.7676;1.0639;1345000.0;1198500.0;2543500.0;0.8911;GEO;1.0554;1.1799;0.8211;0.697;0.6583;0.6716;0.7401;0.0056;0.0053;2.2442;1.9021;1.9096;2.3255;0.6178;0.8862;0.3682;0.5593;0.1802;0.2684;0.971;0.7186;0.8331
country;GF;French Guiana;500.0;500.0;12000.0;7500.0;9500.0;6000.0;4000.0;2500.0;1500.0;1500.0;2000.0;1500.0;1.0;1.6;1.5833;1.6;1.0;1.3333;19500.0;29500.0;49000.0;1.5128;GUF;1.0142;1.5096;1.3252;1.36;0.8794;1.2339;1.3607;0.0413;0.0407;0.7032;0.4659;0.4365;0.3293;0.1886;0.1387;0.0889;0.1011;0.0864;0.07;0.1933;0.263;0.23
country;GG;Guernsey;500.0;500.0;500.0;1500.0;1500.0;1500.0;500.0;500.0;500.0;500.0;500.0;500.0;1.0;0.3333;1.0;1.0;1.0;1.0;5000.0;4000.0;9000.0;0.8;GGY;1.1156;0.3473;1.045;1.0442;0.9438;0.894;0.773;0.4068;0.3647;0.2096;0.6034;0.3884;0.3717;0.1254;0.1201;0.1089;0.1154;0.0413;0.0462;0.1837;0.142;0.1625
country;GI;Gibraltar;500.0;500.0;2500.0;2000.0;2500.0;4000.0;500.0;1500.0;500.0;500.0;500.0;500.0;1.0;1.25;0.625;0.3333;1.0;1.0;9000.0;7000.0;16000.0;0.7778;GIB;1.0318;1.3075;0.6356;0.3366;0.9897;0.9108;0.7592;0.547;0.5302;1.5547;1.1891;1.0101;1.5892;0.1931;0.5736;0.198;0.2001;0.0845;0.0927;0.5752;0.4367;0.5051
country;GL;Greenland;500.0;500.0;5000.0;4000.0;8000.0;8500.0;3000.0;2500.0;1500.0;1500.0;1500.0;2000.0;1.0;1.25;0.9412;1.2;1.0;0.75;19000.0;19500.0;38500.0;1.0263;GRL;1.0593;1.3133;0.987;1.35;1.228;0.887;1.1569;0.3663;0.3458;2.0276;1.5438;1.7841;1.8077;0.8373;0.6202;0.5304;0.4319;0.2325;0.2621;0.7959;0.9208;0.8546
country;GN;Guinea;500.0;500.0;328500.0;529500.0;498500.0;978500.0;109500.0;230500.0;37000.0;63500.0;35500.0;42500.0;1.0;0.6204;0.5095;0.4751;0.5827;0.8353;1845000.0;1009500.0;2854500.0;0.5472;GIN;1.0262;0.6346;0.5087;0.4319;0.4837;0.6451;0.5172;0.0008;0.0008;0.3416;0.5384;0.4562;0.897;0.1583;0.3665;0.0793;0.1639;0.0582;0.0902;0.4378;0.2264;0.3292
country;GP;Guadeloupe;500.0;500.0;47500.0;35000.0;64000.0;42500.0;33000.0;23000.0;39500.0;27000.0;67500.0;49000.0;1.0;1.3571;1.5059;1.4348;1.463;1.3776;177000.0;252000.0;429000.0;1.4237;GLP;1.0757;1.4191;1.1855;0.9747;1.0744;1.0805;1.1367;0.0519;0.0482;3.4919;2.4606;3.3211;2.8014;1.441;1.4784;1.302;1.2118;0.8232;0.7619;1.2473;1.4178;1.3421
country;GQ;Equatorial Guinea;500.0;500.0;9500.0;11500.0;18500.0;30500.0;5000.0;14000.0;2000.0;4000.0;1500.0;1500.0;1.0;0.8261;0.6066;0.3571;0.5;1.0;62000.0;37000.0;99000.0;0.5968;GNQ;1.0141;0.9028;0.7226;0.4949;0.6758;1.0154;0.7035;0.007;0.0069;0.0984;0.109;0.1456;0.2015;0.0505;0.1019;0.0307;0.0455;0.0185;0.0182;0.0973;0.0685;0.0841
country;GR;Greece;500.0;500.0;598500.0;454500.0;715000.0;547000.0;548000.0;423000.0;480500.0;361000.0;373500.0;257500.0;1.0;1.3168;1.3071;1.2955;1.331;1.4505;2043500.0;2716000.0;4759500.0;1.3291;GRC;1.0652;1.4531;1.3905;1.293;1.27;1.1737;1.2271;0.0024;0.0023;1.7171;1.1816;1.3674;0.9833;0.7945;0.6144;0.5956;0.469;0.1759;0.1499;0.4709;0.5779;0.5266
country;GT;Guatemala;500.0;500.0;1831500.0;1829000.0;2288500.0;2736000.0;706500.0;847500.0;344000.0;377000.0;354000.0;323000.0;1.0;1.0014;0.8364;0.8336;0.9125;1.096;6113000.0;5525000.0;11638000.0;0.9038;GTM;1.0238;1.0209;0.8419;0.8137;0.8153;0.8954;0.8717;0.0007;0.0007;1.4323;1.403;1.469;1.7448;0.6373;0.7831;0.4747;0.5822;0.3684;0.4114;0.9935;0.866;0.9286
country;GW;Guinea-Bissau;500.0;500.0;68000.0;116500.0;91000.0;190500.0;23000.0;55000.0;7500.0;17000.0;7500.0;12000.0;1.0;0.5837;0.4777;0.4182;0.4412;0.625;391500.0;197500.0;589000.0;0.5045;GNB;1.0169;0.5896;0.4763;0.4092;0.394;0.4325;0.4782;0.0052;0.0051;0.474;0.8039;0.5647;1.1856;0.1949;0.4762;0.0934;0.237;0.0845;0.1955;0.601;0.2874;0.44
country;HK;Hong Kong;500.0;500.0;44000.0;31500.0;217500.0;175000.0;46000.0;26500.0;10500.0;6000.0;3000.0;1500.0;1.0;1.3968;1.2429;1.7358;1.75;2.0;241000.0;321500.0;562500.0;1.334;HKG;1.0269;1.3813;1.0313;1.1176;1.207;1.7426;1.0675;0.0044;0.0043;0.2148;0.1555;0.4126;0.4001;0.0648;0.058;0.0155;0.0128;0.002;0.0012;0.0809;0.0863;0.0839
country;HN;Honduras;500.0;500.0;739500.0;729500.0;959500.0;1109500.0;340500.0;390500.0;176000.0;184000.0;174000.0;150500.0;1.0;1.0137;0.8648;0.872;0.9565;1.1561;2564500.0;2390000.0;4954500.0;0.932;HND;1.0485;1.0578;0.8927;0.8862;0.931;0.9913;0.9325;0.0012;0.0011;1.0248;0.9688;1.0745;1.2036;0.4898;0.5528;0.3738;0.4015;0.3215;0.3243;0.6859;0.6396;0.6627
country;HR;Croatia;500.0;500.0;248000.0;182000.0;265000.0;212500.0;155000.0;120500.0;114000.0;95000.0;82500.0;67500.0;1.0;1.3626;1.2471;1.2863;1.2;1.2222;678000.0;865000.0;1543000.0;1.2758;HRV;1.0554;1.4439;1.3163;1.3268;1.1946;0.9455;1.1645;0.0063;0.0059;1.8348;1.2708;1.2608;0.9578;0.5987;0.4513;0.4263;0.3568;0.1006;0.1064;0.4192;0.4882;0.4553
country;HT;Haiti;500.0;500.0;415000.0;465500.0;489500.0;698500.0;138500.0;209500.0;60500.0;82000.0;58000.0;61500.0;1.0;0.8915;0.7008;0.6611;0.7378;0.9431;1517500.0;1162000.0;2679500.0;0.7657;HTI;1.0118;0.8948;0.6965;0.6509;0.7107;0.7839;0.7399;0.0011;0.0011;0.5387;0.602;0.5003;0.7183;0.186;0.2857;0.1162;0.1634;0.0884;0.1128;0.3797;0.2809;0.3295
country;HU;Hungary;500.0;500.0;448500.0;340500.0;569500.0;457000.0;283000.0;230500.0;406500.0;317000.0;188000.0;129000.0;1.0;1.3172;1.2462;1.2278;1.2823;1.4574;1474500.0;1896000.0;3370500.0;1.2859;HUN;1.0537;1.393;1.3324;1.2743;1.2937;1.0376;1.1609;0.0026;0.0024;1.3207;0.9481;0.9601;0.7206;0.4296;0.3371;0.5269;0.4073;0.102;0.0983;0.371;0.4307;0.4024
country;ID;Indonesia;500.0;500.0;32749500.0;22782000.0;45435000.0;35008500.0;16598000.0;12566500.0;7781500.0;5082500.0;5903000.0;3415000.0;1.0;1.4375;1.2978;1.3208;1.531;1.7286;78855000.0;108467500.0;187322500.0;1.3755;IDN;1.0531;1.5117;1.3597;1.3653;1.5319;1.4884;1.3703;0.0001;0.0001;2.1755;1.4391;2.1691;1.5952;0.8157;0.5974;0.4384;0.2862;0.244;0.1639;0.7368;1.0096;0.8735
country;IE;Ireland;500.0;500.0;453500.0;301500.0;399500.0;273000.0;258000.0;170500.0;238500.0;168500.0;135000.0;100500.0;1.0;1.5041;1.4634;1.5132;1.4154;1.3433;1014500.0;1485000.0;2499500.0;1.4638;IRL;1.0506;1.5554;1.474;1.4117;1.3909;1.2389;1.415;0.0036;0.0035;1.9922;1.2807;1.2944;0.8781;0.6438;0.456;0.6513;0.4683;0.188;0.1517;0.4862;0.6879;0.5888
country;IL;Israel;500.0;500.0;801500.0;844000.0;950500.0;1249500.0;346500.0;492500.0;206000.0;263000.0;227500.0;254000.0;1.0;0.9496;0.7607;0.7036;0.7833;0.8957;3103500.0;2532500.0;5636000.0;0.816;ISR;1.0501;0.9914;0.7826;0.6998;0.7666;0.7676;0.7908;0.0017;0.0016;1.6872;1.7017;1.5753;2.0128;0.6132;0.8763;0.4112;0.5364;0.2234;0.291;0.9277;0.7336;0.8291
country;IM;Isle of Man;500.0;500.0;1500.0;1500.0;2000.0;3000.0;500.0;500.0;500.0;500.0;500.0;500.0;1.0;1.0;0.6667;1.0;1.0;1.0;6500.0;5500.0;12000.0;0.8462;IMN;1.1212;1.1085;0.661;0.9496;0.9754;0.934;0.8232;0.2899;0.2585;0.5137;0.4634;0.4386;0.6636;0.0959;0.101;0.0814;0.0834;0.0306;0.0328;0.1812;0.1491;0.1649
country;IN;India;500.0;500.0;500.0;500.0;500.0;500.0;500.0;500.0;500.0;500.0;500.0;500.0;1.0;1.0;1.0;1.0;1.0;1.0;3000.0;3000.0;6000.0;1.0;IND;1.1001;1.1028;1.0922;1.0781;1.0455;0.9605;1.0588;0.0;0.0;0.0;0.0;0.0;0.0;0.0;0.0;0.0;0.0;0.0;0.0;0.0;0.0;0.0
country;IQ;Iraq;500.0;500.0;5428500.0;6630500.0;7249500.0;10832500.0;1744500.0;3147000.0;787500.0;1363000.0;952500.0;1302500.0;1.0;0.8187;0.6692;0.5543;0.5778;0.7313;23276000.0;16163000.0;39439000.0;0.6944;IRQ;1.0488;0.8536;0.6855;0.5508;0.5528;0.5677;0.6824;0.0003;0.0003;1.8714;2.1924;2.1182;3.0898;0.6976;1.2664;0.4197;0.7593;0.4704;0.8285;1.6231;1.1077;1.3632
country;IS;Iceland;500.0;500.0;28000.0;20500.0;28500.0;20500.0;23000.0;16000.0;8500.0;5000.0;4000.0;2500.0;1.0;1.3659;1.3902;1.4375;1.7;1.6;65000.0;92500.0;157500.0;1.4231;ISL;1.0555;1.3963;1.5611;1.6258;1.8244;1.5386;1.4914;0.0531;0.0503;1.6073;1.1512;0.9614;0.6158;0.914;0.5623;0.3811;0.2089;0.077;0.05;0.3978;0.5933;0.4932
country;IT;Italy;500.0;500.0;2316500.0;2270500.0;2743000.0;2427000.0;2137500.0;1631500.0;2249000.0;1640500.0;2521500.0;1826000.0;1.0;1.0203;1.1302;1.3101;1.3709;1.3809;9796000.0;11968000.0;21764000.0;1.2217;ITA;1.0606;1.1042;1.1971;1.3248;1.3494;1.1663;1.1507;0.0004;0.0004;1.1538;1.0449;0.8731;0.7294;0.597;0.4506;0.4785;0.3546;0.1992;0.1708;0.3823;0.44;0.412
country;JE;Jersey;500.0;500.0;2000.0;1500.0;3000.0;4000.0;500.0;500.0;500.0;500.0;500.0;500.0;1.0;1.3333;0.75;1.0;1.0;1.0;7500.0;7000.0;14500.0;0.9333;JEY;0.9824;1.3996;0.7683;0.9944;1.0003;0.8986;0.9007;0.2311;0.2352;0.5321;0.3801;0.4874;0.6344;0.0674;0.0678;0.0643;0.0642;0.0274;0.0304;0.1706;0.1537;0.162
country;JM;Jamaica;500.0;500.0;229000.0;216500.0;327000.0;389500.0;113500.0;135000.0;59500.0;66000.0;70500.0;57500.0;1.0;1.0577;0.8395;0.8407;0.9015;1.2261;865000.0;800000.0;1665000.0;0.9249;JAM;1.0349;1.0939;0.8663;0.8606;0.8589;0.9943;0.8947;0.0057;0.0055;1.3848;1.2659;1.2665;1.4619;0.5196;0.6037;0.3331;0.3878;0.2543;0.2557;0.7538;0.6744;0.7135
country;JO;Jordan;500.0;500.0;328500.0;383000.0;453000.0;643000.0;145500.0;217500.0;61000.0;79500.0;43000.0;57000.0;1.0;0.8577;0.7045;0.669;0.7673;0.7544;1380500.0;1031500.0;2412000.0;0.7472;JOR;1.0021;0.8764;0.7931;0.7485;0.8701;0.784;0.8064;0.0011;0.0011;0.475;0.542;0.5033;0.6346;0.2091;0.2794;0.1162;0.1336;0.0737;0.0941;0.3321;0.2678;0.3011
country;JP;Japan;1000.0;1000.0;4312500.0;3275000.0;4782500.0;4082000.0;4299500.0;2962500.0;2304000.0;1915000.0;1605000.0;1077000.0;1.0;1.3168;1.1716;1.4513;1.2031;1.4903;13312500.0;17304500.0;30617000.0;1.2999;JPN;1.0594;1.3863;1.2194;1.4873;1.2268;1.2649;1.2245;0.0005;0.0004;1.0527;0.7594;0.797;0.6536;0.5917;0.3978;0.2451;0.1998;0.0567;0.0449;0.247;0.3024;0.2755
country;KE;Kenya;500.0;500.0;2401000.0;3171500.0;3023000.0;4997000.0;908000.0;1582000.0;378500.0;615000.0;329500.0;365000.0;1.0;0.7571;0.605;0.574;0.6154;0.9027;10731000.0;7040500.0;17771500.0;0.6561;KEN;1.0017;0.735;0.5834;0.5932;0.6229;0.7772;0.6404;0.0002;0.0002;0.6141;0.8355;0.701;1.2018;0.298;0.5024;0.1924;0.3088;0.1569;0.2019;0.6127;0.3923;0.5012
country;KH;Cambodia;500.0;500.0;1754000.0;2152000.0;2231500.0;2938500.0;595000.0;845000.0;185000.0;230500.0;233000.0;265000.0;1.0;0.8151;0.7594;0.7041;0.8026;0.8792;6431500.0;4999000.0;11430500.0;0.7773;KHM;1.0424;0.8145;0.7333;0.6836;0.7446;0.6484;0.7215;0.0008;0.0007;1.7776;2.1825;1.5706;2.1417;0.4687;0.6856;0.2334;0.3134;0.177;0.2729;1.0767;0.7768;0.9212
country;KM;Comoros;500.0;500.0;21000.0;34000.0;34000.0;66000.0;8500.0;18000.0;4000.0;7000.0;4000.0;5000.0;1.0;0.6176;0.5152;0.4722;0.5714;0.8;130500.0;72000.0;202500.0;0.5517;COM;1.0531;0.6375;0.4862;0.4822;0.6148;0.7423;0.553;0.0145;0.0138;0.3883;0.609;0.5599;1.1515;0.1743;0.3614;0.1231;0.2003;0.0967;0.1303;0.4789;0.2649;0.372
country;KN;St. Kitts & Nevis;500.0;500.0;4000.0;3000.0;6000.0;6500.0;2500.0;2500.0;1500.0;500.0;1500.0;500.0;1.0;1.3333;0.9231;1.0;3.0;3.0;13500.0;16000.0;29500.0;1.1852;KNA;0.9091;1.2418;0.8608;0.8734;2.8738;2.6258;1.0754;0.3757;0.4132;1.6743;1.3483;1.5877;1.8445;0.6355;0.7276;0.4704;0.1637;0.2639;0.1005;0.7327;0.788;0.7617
country;KR;Korea;500.0;500.0;1156000.0;744000.0;1490500.0;1303500.0;618500.0;649500.0;432000.0;459500.0;393000.0;317500.0;1.0;1.5538;1.1435;0.9523;0.9402;1.2378;3474500.0;4090500.0;7565000.0;1.1773;KOR;1.066;1.6871;1.299;1.0163;0.9624;1.0727;1.1653;0.0006;0.0005;0.601;0.3563;0.4496;0.3461;0.1709;0.1681;0.1028;0.1069;0.0418;0.039;0.1504;0.1753;0.163
country;KW;Kuwait;1000.0;1000.0;401000.0;437000.0;800500.0;1264500.0;354000.0;563000.0;152000.0;224000.0;101500.0;116000.0;1.0;0.9176;0.6331;0.6288;0.6786;0.875;2605500.0;1810000.0;4415500.0;0.6947;KWT;1.0581;1.0294;1.2344;1.2226;1.2753;1.3539;1.2;0.0091;0.0086;2.5595;2.4862;2.426;1.9654;0.8687;0.7106;0.5814;0.4558;0.5566;0.4111;1.0415;1.2498;1.1178
country;KY;Cayman Islands;500.0;500.0;5000.0;4000.0;10500.0;9500.0;4000.0;4000.0;2000.0;2000.0;2000.0;1500.0;1.0;1.25;1.1053;1.0;1.0;1.3333;21500.0;24000.0;45500.0;1.1163;CYM;1.029;1.2684;1.1182;1.0286;1.0452;1.2615;1.1242;0.3372;0.3277;1.9826;1.5631;1.7766;1.5889;0.5825;0.5663;0.3237;0.3097;0.2638;0.2091;0.699;0.7858;0.7423
country;KZ;Kazakhstan;500.0;500.0;2535000.0;2215000.0;2845000.0;3711000.0;1087500.0;1443000.0;695000.0;782000.0;798500.0;651000.0;1.0;1.1445;0.7666;0.7536;0.8887;1.2266;8802500.0;7961500.0;16764000.0;0.9045;KAZ;1.0476;1.1912;0.7866;0.7484;0.8061;0.8539;0.8267;0.0008;0.0008;3.022;2.5371;1.9496;2.4785;0.7674;1.0253;0.5941;0.7371;0.3802;0.4452;1.2653;1.046;1.1507
country;LB;Lebanon;500.0;500.0;568000.0;650000.0;851000.0;1170500.0;271500.0;403000.0;149500.0;208500.0;177000.0;187500.0;1.0;0.8738;0.727;0.6737;0.717;0.944;2620000.0;2017500.0;4637500.0;0.77;LBN;1.0769;0.9622;0.6302;0.5958;0.6205;0.7851;0.7022;0.0025;0.0023;1.7804;1.8502;2.0967;3.3269;0.7256;1.2178;0.4332;0.6981;0.29;0.3694;1.2724;0.8936;1.0743
country;LC;Saint Lucia;500.0;500.0;7500.0;7000.0;15000.0;15000.0;4000.0;4000.0;2500.0;2500.0;1500.0;2000.0;1.0;1.0714;1.0;1.0;1.0;0.75;31000.0;31000.0;62000.0;1.0;LCA;1.0543;1.1061;1.0324;0.9911;0.9646;0.6376;0.9679;0.1041;0.0987;0.777;0.7024;0.9649;0.9346;0.2913;0.2939;0.2019;0.2093;0.0761;0.1193;0.4224;0.4088;0.4155
country;LI;Liechtenstein;500.0;500.0;500.0;500.0;500.0;500.0;500.0;500.0;500.0;500.0;500.0;500.0;1.0;1.0;1.0;1.0;1.0;1.0;3000.0;3000.0;6000.0;1.0;LIE;1.0824;1.0055;1.0501;0.9697;0.9935;0.9108;0.9677;0.6748;0.6234;0.3446;0.3427;0.2122;0.2021;0.1937;0.1998;0.1706;0.1717;0.0685;0.0752;0.1786;0.1728;0.1756
country;LK;Sri Lanka;500.0;500.0;913000.0;1374000.0;1119500.0;1941500.0;270500.0;525000.0;119500.0;195500.0;81500.0;111000.0;1.0;0.6645;0.5766;0.5152;0.6113;0.7342;4147500.0;2504500.0;6652000.0;0.6039;LKA;1.0218;0.6816;0.5629;0.4795;0.5674;0.5753;0.5513;0.0007;0.0007;0.7756;1.138;0.6864;1.2194;0.1622;0.3382;0.0832;0.1467;0.0287;0.0499;0.4799;0.2645;0.3673
country;LT;Lithuania;500.0;500.0;180500.0;118500.0;183500.0;146000.0;108500.0;87500.0;60500.0;43000.0;69000.0;39000.0;1.0;1.5232;1.2568;1.24;1.407;1.7692;434500.0;602500.0;1037000.0;1.3867;LTU;1.0369;1.5973;1.4016;1.3862;1.366;1.1249;1.2025;0.0094;0.009;1.7342;1.0856;0.9969;0.7113;0.6183;0.4461;0.3091;0.2263;0.1158;0.1029;0.3829;0.4604;0.4244
country;LU;Luxembourg;500.0;500.0;26000.0;20500.0;36000.0;28000.0;19500.0;16000.0;15000.0;11500.0;10500.0;7500.0;1.0;1.2683;1.2857;1.2188;1.3043;1.4;84000.0;107500.0;191500.0;1.2798;LUX;1.0654;1.3582;1.3497;1.2389;1.3675;1.3076;1.2891;0.0375;0.0352;1.0234;0.7535;0.709;0.5253;0.3845;0.3104;0.3255;0.238;0.1114;0.0852;0.2972;0.3831;0.34
country;LV;Latvia;500.0;500.0;106000.0;75000.0;114000.0;89500.0;98500.0;80500.0;79500.0;51500.0;96000.0;44000.0;1.0;1.4133;1.2737;1.2236;1.5437;2.1818;341000.0;494500.0;835500.0;1.4501;LVA;1.0445;1.4933;1.3699;1.2598;1.4407;1.3445;1.2046;0.0123;0.0118;1.7708;1.1858;1.0679;0.7795;0.7615;0.6044;0.5978;0.4149;0.2347;0.1746;0.4672;0.5628;0.5194
country;LY;Libya;500.0;500.0;733000.0;996500.0;984000.0;1583000.0;295500.0;540500.0;138500.0;214000.0;112500.0;164000.0;1.0;0.7356;0.6216;0.5467;0.6472;0.686;3498500.0;2264000.0;5762500.0;0.6471;LBY;1.0645;0.7725;0.6527;0.5764;0.6664;0.6335;0.6648;0.0019;0.0018;1.7844;2.3099;1.9001;2.9111;0.5507;0.9555;0.2985;0.448;0.2512;0.3966;1.2897;0.8574;1.0764
country;MA;Morocco;1000.0;1000.0;2499500.0;2347500.0;3312000.0;4669500.0;1045000.0;1470500.0;532000.0;678000.0;619500.0;594000.0;1.0;1.0647;0.7093;0.7106;0.7847;1.0429;9760500.0;8009000.0;17769500.0;0.8206;MAR;1.0476;1.1194;0.74;0.7185;0.7814;0.9788;0.827;0.0008;0.0008;1.2453;1.1124;1.1674;1.5775;0.3903;0.5432;0.2485;0.318;0.1935;0.1977;0.6861;0.5674;0.627
country;MC;Monaco;500.0;500.0;18500.0;17500.0;30500.0;35000.0;11500.0;18500.0;8500.0;12000.0;7000.0;10000.0;1.0;1.0571;0.8714;0.6216;0.7083;0.7;93500.0;76500.0;170000.0;0.8182;MCO;1.0692;1.1048;0.9059;0.5749;0.6371;0.6522;0.7777;0.8432;0.7886;15.2013;13.7579;17.5187;19.337;6.4426;11.2053;4.2331;6.6445;0.6821;1.0458;5.5871;4.3449;4.9502
country;MD;Moldova (Republic of);500.0;500.0;222500.0;209500.0;300500.0;389500.0;130500.0;166500.0;93000.0;107000.0;135000.0;117000.0;1.0;1.0621;0.7715;0.7838;0.8692;1.1538;990000.0;882000.0;1872000.0;0.8909;MDA;0.9717;1.0464;0.7396;0.7374;0.7356;0.7273;0.7241;0.0066;0.0067;2.0564;1.9653;1.44;1.9471;0.5448;0.7388;0.4514;0.6136;0.2494;0.3429;0.8826;0.6391;0.7483
country;ME;Montenegro;500.0;500.0;65000.0;55000.0;95500.0;115000.0;25000.0;35000.0;17000.0;20500.0;14000.0;16000.0;1.0;1.1818;0.8304;0.7143;0.8293;0.875;242000.0;217000.0;459000.0;0.8967;MNE;1.0544;1.2153;0.8491;0.7011;0.7522;0.6696;0.8063;0.0332;0.0315;2.4418;2.0091;2.5222;2.9704;0.5664;0.8079;0.3981;0.5292;0.1302;0.1945;0.9826;0.7923;0.8824
country;MF;Saint Martin (France);500.0;500.0;500.0;500.0;500.0;500.0;500.0;500.0;500.0;500.0;500.0;500.0;1.0;1.0;1.0;1.0;1.0;1.0;3000.0;3000.0;6000.0;1.0;MAF;1.0406;0.9941;0.816;0.7911;0.8269;0.8302;0.8522;0.5974;0.5741;0.416;0.4184;0.2967;0.3636;0.2693;0.3404;0.2486;0.3007;0.106;0.1277;0.2861;0.2438;0.2632
country;MK;Macedonia (the former Yugoslav Republic of);500.0;500.0;100500.0;100500.0;136000.0;177500.0;39500.0;61500.0;22500.0;32500.0;23500.0;26000.0;1.0;1.0;0.7662;0.6423;0.6923;0.9038;398500.0;322500.0;721000.0;0.8093;MKD;1.0267;1.0182;0.7841;0.6354;0.659;0.7444;0.7515;0.0123;0.012;1.3576;1.3333;1.1563;1.4747;0.3069;0.483;0.1754;0.2663;0.0757;0.1017;0.5367;0.4033;0.4676
country;MM;Myanmar;500.0;500.0;3085000.0;4383500.0;3874000.0;5838500.0;1120500.0;1798500.0;430500.0;640500.0;562000.0;826000.0;1.0;0.7038;0.6635;0.623;0.6721;0.6804;13487500.0;9072500.0;22560000.0;0.6727;MMR;1.0467;0.7313;0.6798;0.6278;0.6547;0.5652;0.6553;0.0003;0.0003;0.997;1.3634;0.9122;1.3418;0.2812;0.4478;0.1301;0.1988;0.1199;0.2121;0.6579;0.4312;0.5431
country;MO;Macao;500.0;500.0;8500.0;6000.0;19000.0;18500.0;16000.0;12000.0;7000.0;5000.0;5000.0;3500.0;1.0;1.4167;1.027;1.3333;1.4;1.4286;45500.0;56000.0;101500.0;1.2308;MAC;0.9856;1.1579;0.901;1.0826;1.056;1.2079;1.0237;0.0435;0.0441;0.2882;0.2489;0.2839;0.3151;0.2349;0.217;0.1218;0.1153;0.0492;0.0407;0.1632;0.167;0.1653
country;MQ;Martinique;500.0;500.0;15000.0;9500.0;14000.0;8500.0;5500.0;3000.0;4000.0;2500.0;5000.0;3000.0;1.0;1.5789;1.6471;1.8333;1.6;1.6667;27000.0;44000.0;71000.0;1.6296;MTQ;1.053;1.6031;1.2908;1.2998;1.2145;1.3345;1.3178;0.0619;0.0588;1.2495;0.7794;0.7867;0.6095;0.269;0.207;0.1488;0.1225;0.0624;0.0468;0.202;0.2661;0.2374
country;MR;Mauritania;500.0;500.0;252000.0;356000.0;332000.0;535000.0;69500.0;139500.0;26500.0;49000.0;32000.0;44000.0;1.0;0.7079;0.6206;0.4982;0.5408;0.7273;1124000.0;712500.0;1836500.0;0.6339;MRT;1.0024;0.6777;0.5654;0.4361;0.4691;0.6355;0.5824;0.0022;0.0022;0.775;1.1437;0.9315;1.6477;0.2747;0.6298;0.1536;0.3275;0.1642;0.2583;0.8014;0.4667;0.627
country;MS;Montserrat;500.0;500.0;500.0;500.0;500.0;500.0;500.0;500.0;500.0;500.0;500.0;500.0;1.0;1.0;1.0;1.0;1.0;1.0;3000.0;3000.0;6000.0;1.0;MSR;1.16;1.04;0.9752;0.8997;1.0;1.0798;1.0222;5.0;4.3103;3.3333;3.2051;1.7668;1.8116;1.6181;1.7986;1.7007;1.7007;0.7003;0.6485;1.5865;1.6216;1.6038
country;MT;Malta;500.0;500.0;33000.0;26000.0;44000.0;39500.0;27000.0;24000.0;28500.0;26000.0;15000.0;12500.0;1.0;1.2692;1.1139;1.125;1.0962;1.2;128500.0;148000.0;276500.0;1.1518;MLT;1.0919;1.4315;1.3602;1.3541;1.2495;1.1058;1.244;0.059;0.054;1.9599;1.369;1.0746;0.79;0.6761;0.4993;0.8984;0.719;0.1759;0.1591;0.5331;0.6631;0.5956
country;MX;Mexico;500.0;500.0;12982500.0;11661500.0;19992000.0;25242500.0;6377000.0;6993500.0;3713000.0;3789500.0;3231500.0;2836500.0;1.0;1.1133;0.792;0.9118;0.9798;1.1393;50524000.0;46296500.0;96820500.0;0.9163;MEX;1.0318;1.1311;0.764;0.8031;0.8346;0.9465;0.8386;0.0001;0.0001;1.6916;1.4956;1.8909;2.4748;0.676;0.8418;0.4602;0.5514;0.2803;0.2962;1.0684;0.896;0.9784
country;MY;Malaysia;500.0;500.0;3817000.0;3487500.0;6017000.0;6112500.0;3208500.0;2942000.0;1799500.0;1276000.0;1677000.0;959500.0;1.0;1.0945;0.9844;1.0906;1.4103;1.7478;14778000.0;16519500.0;31297500.0;1.1178;MYS;1.0824;1.2341;1.1863;1.2784;1.5314;1.7062;1.2431;0.0005;0.0004;1.8943;1.5351;2.1198;1.7869;1.2443;0.9734;0.9799;0.6398;0.6143;0.36;1.0178;1.2653;1.135
country;MZ;Mozambique;500.0;500.0;500500.0;654000.0;568000.0;972000.0;179500.0;342500.0;71500.0;122000.0;59000.0;72000.0;1.0;0.7653;0.5844;0.5241;0.5861;0.8194;2163000.0;1379000.0;3542000.0;0.6375;MOZ;0.9992;0.7534;0.553;0.452;0.495;0.4761;0.5696;0.0003;0.0003;0.2222;0.2949;0.2358;0.4264;0.1098;0.243;0.07;0.1414;0.0472;0.0992;0.2403;0.1369;0.1857
country;NG;Nigeria;500.0;500.0;5421000.0;7405500.0;7358000.0;13683000.0;2309500.0;4825000.0;1042000.0;2005000.0;944000.0;1553500.0;1.0;0.732;0.5377;0.4787;0.5197;0.6077;29472500.0;17075000.0;46547500.0;0.5794;NGA;1.0378;0.7593;0.5547;0.4898;0.5243;0.5687;0.5899;0.0;0.0;0.3669;0.4831;0.477;0.8598;0.2023;0.413;0.1364;0.2602;0.1139;0.2003;0.4268;0.2517;0.34
country;NI;Nicaragua;500.0;500.0;576500.0;592500.0;699000.0;835500.0;278500.0;330500.0;155000.0;161500.0;155000.0;134000.0;1.0;0.973;0.8366;0.8427;0.9598;1.1567;2054500.0;1864500.0;3919000.0;0.9075;NIC;1.0276;0.9977;0.8347;0.7791;0.888;0.9032;0.8571;0.0019;0.0019;1.3421;1.3451;1.1976;1.4347;0.5819;0.7469;0.4521;0.5091;0.3564;0.3946;0.8606;0.7376;0.7973
country;NL;Netherlands;500.0;500.0;923000.0;661500.0;1000500.0;690500.0;625500.0;429500.0;418000.0;271500.0;319500.0;218500.0;1.0;1.3953;1.449;1.4563;1.5396;1.4622;2272000.0;3287000.0;5559000.0;1.4467;NLD;1.0458;1.4437;1.4869;1.471;1.5295;1.341;1.4127;0.0013;0.0012;1.1678;0.8089;0.8424;0.5665;0.5703;0.3877;0.3543;0.2317;0.1004;0.0748;0.2974;0.4201;0.3595
country;NO;Norway;500.0;500.0;317500.0;249500.0;287500.0;227500.0;156000.0;126000.0;132000.0;94000.0;63000.0;46500.0;1.0;1.2725;1.2637;1.2381;1.4043;1.3548;744000.0;956500.0;1700500.0;1.2856;NOR;1.0564;1.3466;1.3226;1.296;1.463;1.2762;1.2962;0.0039;0.0037;1.4109;1.0477;0.7716;0.5834;0.4385;0.3383;0.3642;0.249;0.0727;0.057;0.3194;0.414;0.3665
country;NZ;New Zealand;500.0;500.0;347000.0;279500.0;406000.0;462500.0;138000.0;149500.0;74000.0;76000.0;55000.0;51500.0;1.0;1.2415;0.8778;0.9231;0.9737;1.068;1019500.0;1020500.0;2040000.0;1.001;NZL;1.0555;1.3149;0.9087;0.9077;0.9362;0.9688;0.9743;0.0039;0.0037;1.5769;1.1993;1.104;1.2149;0.408;0.4495;0.2244;0.2397;0.0707;0.073;0.4846;0.4721;0.4783
country;OM;Oman;500.0;500.0;280500.0;333500.0;507500.0;894000.0;138500.0;271500.0;45500.0;80500.0;41500.0;51500.0;1.0;0.8411;0.5677;0.5101;0.5652;0.8058;1631500.0;1014000.0;2645500.0;0.6215;OMN;1.0481;1.2996;1.3036;1.144;1.1444;1.0055;1.1865;0.0044;0.0042;1.5017;1.1556;1.4156;1.0861;0.4301;0.3759;0.2916;0.2548;0.2799;0.2784;0.6648;0.7888;0.7074
country;PA;Panama;500.0;500.0;394000.0;367000.0;577500.0;714000.0;225000.0;271500.0;140500.0;152500.0;152500.0;129500.0;1.0;1.0736;0.8088;0.8287;0.9213;1.1776;1635000.0;1490000.0;3125000.0;0.9113;PAN;1.0441;1.1151;0.8255;0.8361;0.9102;1.0433;0.8976;0.0035;0.0033;1.6158;1.4491;1.7367;2.1038;0.747;0.8933;0.5371;0.5901;0.3645;0.3493;0.9761;0.8762;0.9258
country;PE;Peru;500.0;500.0;3674000.0;3288000.0;5338500.0;6429500.0;2055000.0;2305000.0;1172000.0;1168500.0;1158500.0;929000.0;1.0;1.1174;0.8303;0.8915;1.003;1.247;14120500.0;13398500.0;27519000.0;0.9489;PER;1.0298;1.126;0.8042;0.8766;1.0129;1.1428;0.9267;0.0004;0.0004;1.8868;1.6757;1.9212;2.3889;0.8612;0.9824;0.6155;0.6077;0.389;0.3404;1.1006;1.0198;1.0597
country;PF;French Polynesia;500.0;500.0;23500.0;21500.0;30000.0;36000.0;14000.0;13000.0;6000.0;6000.0;6000.0;6000.0;1.0;1.093;0.8333;1.0769;1.0;1.0;83000.0;80000.0;163000.0;0.9639;PYF;1.0478;1.1398;0.8414;1.0611;1.0328;1.0053;0.9782;0.0584;0.0557;1.6449;1.443;1.5188;1.8051;0.6519;0.6143;0.3165;0.3065;0.196;0.195;0.7197;0.704;0.7119
country;PH;Philippines;500.0;500.0;12855000.0;9819500.0;15148500.0;11793000.0;5268500.0;3864000.0;2568000.0;1621500.0;2275500.0;1314000.0;1.0;1.3091;1.2845;1.3635;1.5837;1.7317;28412500.0;38116000.0;66528500.0;1.3415;PHL;1.0272;1.3273;1.311;1.3888;1.5693;1.4252;1.3143;0.0001;0.0001;1.7157;1.2926;1.5901;1.2129;0.7134;0.5137;0.4548;0.2898;0.2955;0.2074;0.6868;0.9027;0.7959
country;PK;Pakistan;500.0;500.0;9586000.0;19185000.0;11555000.0;24407000.0;2480500.0;6122000.0;828000.0;1869500.0;955000.0;2026500.0;1.0;0.4997;0.4734;0.4052;0.4429;0.4713;53610500.0;25405000.0;79015500.0;0.4739;PAK;1.0573;0.5291;0.5021;0.4178;0.4477;0.4369;0.4875;0.0;0.0;0.5989;1.132;0.6397;1.2739;0.1867;0.447;0.0914;0.2041;0.0793;0.1815;0.6609;0.3222;0.4939
country;PL;Poland;500.0;500.0;1732500.0;1451500.0;2268500.0;1746500.0;1494000.0;1133500.0;1015000.0;737000.0;551500.0;352000.0;1.0;1.1936;1.2989;1.318;1.3772;1.5668;5421000.0;7062000.0;12483000.0;1.3027;POL;1.0514;1.248;1.3563;1.3586;1.3829;1.1926;1.202;0.0006;0.0006;1.3483;1.0804;0.9107;0.6714;0.4701;0.346;0.3823;0.2764;0.0795;0.0666;0.3389;0.4073;0.3745
country;PM;Saint Pierre and Miquelon;500.0;500.0;500.0;500.0;500.0;500.0;500.0;500.0;500.0;500.0;500.0;500.0;1.0;1.0;1.0;1.0;1.0;1.0;3000.0;3000.0;6000.0;1.0;SPM;1.0254;1.2418;0.9846;1.0055;0.9714;0.9161;0.9737;3.1847;3.1056;3.268;2.6316;1.9157;1.9455;1.385;1.3774;1.0204;1.0504;0.4613;0.5035;1.2295;1.1971;1.2131
country;PR;Puerto Rico;500.0;500.0;49500.0;34000.0;66000.0;109000.0;58500.0;60500.0;42500.0;37500.0;48500.0;64000.0;1.0;1.4559;0.6055;0.9669;1.1333;0.7578;305500.0;265500.0;571000.0;0.8691;PRI;1.0562;1.4977;0.5697;0.8608;1.017;0.5982;0.7586;0.007;0.0066;0.3476;0.2321;0.3339;0.586;0.2849;0.331;0.1866;0.1835;0.0699;0.1169;0.2276;0.1726;0.1982
country;PS;Palestine, State of;500.0;500.0;88500.0;94000.0;112500.0;145000.0;19500.0;28500.0;8000.0;10500.0;8500.0;11000.0;1.0;0.9415;0.7759;0.6842;0.7619;0.7727;289500.0;237500.0;527000.0;0.8204;PSE;0.992;0.9198;0.7687;0.6616;0.703;0.6864;0.7897;0.0022;0.0022;0.2532;0.2753;0.2579;0.3356;0.0658;0.0994;0.0414;0.0589;0.0357;0.052;0.1726;0.1363;0.1541
country;PT;Portugal;500.0;500.0;601500.0;412500.0;758500.0;521500.0;499000.0;332500.0;404000.0;245000.0;282500.0;155000.0;1.0;1.4582;1.4545;1.5008;1.649;1.8226;1667000.0;2546000.0;4213000.0;1.5273;PRT;1.0438;1.5272;1.4842;1.4197;1.514;1.4464;1.3628;0.0025;0.0024;1.5867;1.0389;1.378;0.9285;0.7258;0.5112;0.4903;0.3238;0.1279;0.0884;0.385;0.5247;0.4588
country;PY;Paraguay;500.0;500.0;627500.0;610500.0;849500.0;1094000.0;314000.0;409500.0;168500.0;191000.0;171000.0;149500.0;1.0;1.0278;0.7765;0.7668;0.8822;1.1438;2455000.0;2131000.0;4586000.0;0.868;PRY;1.0431;1.0659;0.7962;0.7798;0.8795;0.9908;0.861;0.0022;0.0021;1.5542;1.4581;1.4714;1.8481;0.6836;0.8767;0.5222;0.5937;0.3451;0.3483;0.9943;0.8562;0.925
country;QA;Qatar;1000.0;1000.0;231500.0;356000.0;479500.0;977500.0;187000.0;399500.0;61500.0;121500.0;37500.0;64000.0;1.0;0.6503;0.4905;0.4681;0.5062;0.5859;1919500.0;998000.0;2917500.0;0.5199;QAT;1.0943;1.5617;1.6695;1.5656;1.6651;1.302;1.5646;0.023;0.021;3.6722;2.3513;2.4292;1.4549;1.0068;0.6432;0.7188;0.4317;0.6942;0.5332;1.0138;1.5861;1.1565
country;RO;Romania;500.0;500.0;874000.0;758500.0;1098500.0;1084000.0;980500.0;840500.0;1001500.0;781000.0;889500.0;568000.0;1.0;1.1523;1.0134;1.1666;1.2823;1.566;4032500.0;4844500.0;8877000.0;1.2014;ROU;1.0418;1.2007;1.0673;1.2476;1.3062;1.1635;1.1076;0.0012;0.0011;1.2527;1.0434;1.0078;0.9442;0.7608;0.6098;0.65;0.4976;0.2577;0.2215;0.5146;0.57;0.5434
country;RS;Serbia;500.0;500.0;370500.0;339500.0;552000.0;766000.0;162000.0;228500.0;110500.0;163000.0;101500.0;121500.0;1.0;1.0913;0.7206;0.709;0.6779;0.8354;1619000.0;1297000.0;2916000.0;0.8011;SRB;0.9993;1.0832;0.7177;0.6923;0.6433;0.6492;0.7125;0.0037;0.0037;1.4953;1.3805;1.3691;1.9076;0.34;0.4912;0.2289;0.3559;0.0743;0.1144;0.585;0.4168;0.496
country;RU;Russia;500.0;500.0;6961500.0;6783000.0;11482000.0;16773000.0;4259500.0;5649500.0;3097000.0;3438500.0;4209500.0;3103500.0;1.0;1.0263;0.6846;0.754;0.9007;1.3564;35748000.0;30010000.0;65758000.0;0.8395;RUS;1.0465;1.068;0.7005;0.733;0.8117;0.8345;0.7004;0.0002;0.0002;1.4089;1.3193;1.2195;1.741;0.3498;0.4773;0.3038;0.3743;0.1586;0.1901;0.6458;0.4523;0.5403
country;SA;Saudi Arabia;1000.0;1000.0;4687500.0;5190000.0;7796000.0;11728500.0;2414000.0;4053000.0;842500.0;1290500.0;1037500.0;1078500.0;1.0;0.9032;0.6647;0.5956;0.6528;0.962;23341500.0;16778500.0;40120000.0;0.7188;SAU;1.0303;1.1568;1.2751;1.2721;1.3413;1.4952;1.2549;0.0011;0.001;3.0555;2.6413;3.0173;2.3663;1.1821;0.9293;0.7583;0.5653;1.005;0.6722;1.4462;1.8149;1.5805
country;SD;Sudan;500.0;500.0;596500.0;1165500.0;825500.0;1881500.0;165000.0;472500.0;65000.0;165500.0;62000.0;116000.0;1.0;0.5118;0.4387;0.3492;0.3927;0.5345;3801500.0;1714500.0;5516000.0;0.451;SDN;1.0194;0.5176;0.4275;0.3074;0.3277;0.5242;0.4323;0.0002;0.0002;0.1733;0.3349;0.2187;0.5114;0.064;0.2083;0.0366;0.1117;0.0322;0.0615;0.2523;0.1091;0.1792
country;SE;Sweden;500.0;500.0;614000.0;465000.0;588000.0;467500.0;332000.0;257500.0;193500.0;143000.0;160500.0;123500.0;1.0;1.3204;1.2578;1.2893;1.3531;1.2996;1457000.0;1888500.0;3345500.0;1.2962;SWE;1.0612;1.4655;1.33;1.3576;1.3939;1.2069;1.3039;0.0021;0.002;1.5747;1.0746;0.8358;0.6284;0.5078;0.374;0.2991;0.2146;0.091;0.0754;0.3295;0.4296;0.3794
country;SG;Singapore;500.0;500.0;306000.0;262500.0;797500.0;741500.0;439500.0;416000.0;253500.0;214000.0;240500.0;145000.0;1.0;1.1657;1.0755;1.0565;1.1846;1.6586;1779500.0;2037500.0;3817000.0;1.145;SGP;1.1358;1.4342;1.2714;1.1316;1.2238;1.5407;1.2289;0.004;0.0035;0.9147;0.6378;1.5013;1.1807;1.0466;0.9249;0.7205;0.5888;0.3365;0.2184;0.6693;0.8225;0.7432
country;SI;Slovenia;500.0;500.0;83500.0;67000.0;77000.0;68000.0;36500.0;33500.0;39500.0;40500.0;25000.0;22500.0;1.0;1.2463;1.1324;1.0896;0.9753;1.1111;232000.0;262000.0;494000.0;1.1293;SVN;1.0396;1.3449;1.3105;1.2336;1.0644;0.9554;1.1305;0.0121;0.0117;1.2484;0.9282;0.684;0.5219;0.2531;0.2051;0.2707;0.2543;0.0625;0.0655;0.2545;0.2877;0.2711
country;SJ;Svalbard and Jan Mayen;500.0;500.0;500.0;500.0;500.0;500.0;500.0;500.0;500.0;500.0;500.0;500.0;1.0;1.0;1.0;1.0;1.0;1.0;3000.0;3000.0;6000.0;1.0;SJM;;;;;;;;;;;;;;;;;;;;;;
country;SK;Slovakia;500.0;500.0;220500.0;152000.0;209500.0;161000.0;110500.0;89500.0;60500.0;50500.0;47000.0;36000.0;1.0;1.4507;1.3012;1.2346;1.198;1.3056;489500.0;648500.0;1138000.0;1.3248;SVK;1.0572;1.5259;1.3584;1.2992;1.2319;1.0094;1.2429;0.0046;0.0044;1.1892;0.7793;0.5977;0.44;0.2568;0.1977;0.1512;0.1228;0.0496;0.0492;0.2154;0.2678;0.2424
country;SM;San Marino;500.0;500.0;2500.0;1500.0;1500.0;1500.0;500.0;500.0;500.0;500.0;500.0;500.0;1.0;1.6667;1.0;1.0;1.0;1.0;5000.0;6000.0;11000.0;1.2;SMR;1.1085;1.8071;1.0157;0.9295;0.9584;0.9163;1.1501;0.7645;0.6897;2.1061;1.1655;0.9069;0.8929;0.2365;0.2545;0.1689;0.1762;0.0749;0.0818;0.3423;0.3936;0.3685
country;SO;Somalia;500.0;500.0;546000.0;630500.0;589500.0;912000.0;119500.0;206000.0;49500.0;79500.0;123000.0;167500.0;1.0;0.866;0.6464;0.5801;0.6226;0.7343;1996000.0;1428000.0;3424000.0;0.7154;SOM;1.0269;0.8818;0.6477;0.5695;0.5911;0.6265;0.7041;0.0006;0.0006;0.4577;0.5191;0.5078;0.7841;0.1499;0.2632;0.0976;0.1652;0.21;0.3352;0.401;0.2824;0.3412
country;SS;South Sudan;500.0;500.0;53000.0;99500.0;86000.0;212500.0;17000.0;47500.0;5000.0;14000.0;4000.0;8000.0;1.0;0.5327;0.4047;0.3579;0.3571;0.5;382000.0;165500.0;547500.0;0.4332;SSD;1.0179;0.5409;0.3898;0.32;0.314;0.3916;0.4056;0.0009;0.0008;0.0676;0.1251;0.135;0.3462;0.0275;0.086;0.0098;0.0313;0.0086;0.0219;0.1135;0.0461;0.0787
country;ST;Sao Tome and Principe;500.0;500.0;8500.0;12500.0;8500.0;16000.0;3000.0;4000.0;1500.0;2500.0;500.0;1500.0;1.0;0.68;0.5312;0.75;0.6;0.3333;37000.0;22500.0;59500.0;0.6081;STP;0.9922;0.654;0.5201;0.7457;0.6345;0.2996;0.5947;0.0449;0.0453;0.5435;0.831;0.5638;1.084;0.2297;0.3081;0.1745;0.275;0.0481;0.1605;0.5119;0.3044;0.407
country;SV;El Salvador;500.0;500.0;533000.0;490500.0;796000.0;878500.0;294000.0;325000.0;183500.0;189500.0;176000.0;146500.0;1.0;1.0866;0.9061;0.9046;0.9683;1.2014;2030500.0;1983000.0;4013500.0;0.9766;SLV;1.0679;1.1428;0.9096;0.7137;0.6863;0.7992;0.842;0.0023;0.0022;1.2663;1.1081;1.4217;1.5631;0.6935;0.9716;0.4882;0.7113;0.3012;0.3769;0.912;0.768;0.8347
country;SX;Sint Maarten (Dutch part);500.0;500.0;500.0;1500.0;1500.0;2000.0;500.0;500.0;500.0;500.0;500.0;500.0;1.0;0.3333;0.75;1.0;1.0;1.0;5500.0;4000.0;9500.0;0.7273;SXM;1.1222;0.3187;0.6246;0.8389;0.8879;0.9736;0.6674;0.4926;0.439;0.3211;1.0074;0.5357;0.8576;0.1456;0.1736;0.1316;0.1482;0.0791;0.0812;0.3167;0.2113;0.2617
country;SY;Syria;500.0;500.0;8500.0;14000.0;8500.0;15000.0;2500.0;3500.0;500.0;1500.0;500.0;1500.0;1.0;0.6071;0.5667;0.7143;0.3333;0.3333;36000.0;21000.0;57000.0;0.5833;SYR;1.0432;0.6249;0.5896;0.6932;0.3089;0.2808;0.572;0.0004;0.0004;0.0047;0.0074;0.0052;0.0089;0.0019;0.0027;0.0005;0.0015;0.0004;0.0013;0.0044;0.0025;0.0035
country;TC;Turks and Caicos Islands;500.0;500.0;127500.0;124000.0;178500.0;180500.0;94000.0;104000.0;55000.0;49500.0;51500.0;40500.0;1.0;1.0282;0.9889;0.9038;1.1111;1.2716;499000.0;507000.0;1006000.0;1.016;TCA;0.8482;0.8719;1.0093;1.0339;1.2933;1.1588;1.0284;0.4517;0.5325;61.5051;70.5347;52.6238;52.1375;24.1583;23.3655;15.7098;12.1472;9.4547;8.1587;25.3957;26.1192;25.7552
country;TD;Chad;500.0;500.0;225000.0;439500.0;346000.0;779500.0;79500.0;198000.0;27500.0;61000.0;34500.0;53000.0;1.0;0.5119;0.4439;0.4015;0.4508;0.6509;1531500.0;713000.0;2244500.0;0.4656;TCD;1.0291;0.5221;0.4456;0.3936;0.4314;0.5686;0.4607;0.0006;0.0006;0.1873;0.3586;0.2801;0.6287;0.0986;0.2505;0.0488;0.1131;0.064;0.1126;0.2975;0.137;0.2168
country;TF;French Southern Territories;500.0;500.0;500.0;500.0;500.0;500.0;500.0;500.0;500.0;500.0;500.0;500.0;1.0;1.0;1.0;1.0;1.0;1.0;3000.0;3000.0;6000.0;1.0;ATF;;;;;;;;;;;;;;;;;;;;;;
country;TH;Thailand;500.0;500.0;6198500.0;5251500.0;12255000.0;10283500.0;6204000.0;4757000.0;3925000.0;2506000.0;4111500.0;2315000.0;1.0;1.1803;1.1917;1.3042;1.5662;1.776;25113500.0;32694500.0;57808000.0;1.3019;THA;1.0562;1.2429;1.2143;1.2853;1.4486;1.4662;1.2175;0.0003;0.0003;1.9537;1.5719;2.4112;1.9857;1.1753;0.9144;0.698;0.4818;0.3733;0.2546;0.8435;1.027;0.9383
country;TN;Tunisia;500.0;500.0;728000.0;741000.0;1057000.0;1401500.0;387500.0;589500.0;179000.0;245000.0;208500.0;219500.0;1.0;0.9825;0.7542;0.6573;0.7306;0.9499;3197000.0;2560500.0;5757500.0;0.8009;TUN;1.0708;1.0299;0.7405;0.6086;0.6961;0.8435;0.7653;0.0015;0.0014;1.3207;1.2825;1.1513;1.5548;0.4015;0.6598;0.2315;0.3326;0.1688;0.2001;0.6994;0.5352;0.6154
country;TR;Turkey;1000.0;1000.0;8318000.0;7202000.0;8743000.0;12226000.0;2396000.0;3914000.0;1320500.0;2218000.0;1172500.0;1516000.0;1.0;1.155;0.7151;0.6122;0.5954;0.7734;27077000.0;21951000.0;49028000.0;0.8107;TUR;1.0405;1.2046;0.7437;0.6231;0.5986;0.6775;0.8007;0.0004;0.0004;1.7984;1.4929;1.3308;1.7893;0.3652;0.5862;0.243;0.4059;0.1278;0.1886;0.7867;0.6299;0.7078
country;TT;Trinidad and Tobago;500.0;500.0;111500.0;86000.0;173000.0;191500.0;94000.0;91500.0;57000.0;53000.0;61500.0;41500.0;1.0;1.2965;0.9034;1.0273;1.0755;1.4819;464000.0;497500.0;961500.0;1.0722;TTO;1.0405;1.3577;0.9345;1.0393;1.0713;1.251;1.037;0.0135;0.013;1.7245;1.2701;1.5865;1.6977;0.7197;0.6925;0.5804;0.5418;0.3168;0.2532;0.757;0.785;0.7713
country;TW;Taiwan;500.0;500.0;744000.0;714000.0;1273000.0;1306000.0;1555500.0;1156500.0;646000.0;501500.0;680500.0;416000.0;1.0;1.042;0.9747;1.345;1.2881;1.6358;4094500.0;4899500.0;8994000.0;1.1966;TWN;1.0941;1.13;1.0509;1.3386;1.2518;1.4529;1.1629;0.0013;0.0012;0.899;0.7955;0.8459;0.8049;0.8366;0.625;0.3519;0.2811;0.1657;0.114;0.4004;0.4657;0.4335
country;UA;Ukraine;500.0;500.0;2149500.0;1899500.0;3205000.0;4114000.0;1396500.0;1767000.0;1002000.0;1146000.0;1293000.0;1067000.0;1.0;1.1316;0.779;0.7903;0.8743;1.2118;9994000.0;9046500.0;19040500.0;0.9052;UKR;1.0571;1.1892;0.8165;0.7984;0.7783;0.7741;0.7635;0.0006;0.0006;1.8446;1.5512;1.336;1.6363;0.4461;0.5588;0.3594;0.4617;0.1703;0.22;0.6632;0.5063;0.5781
country;US;United States;500.0;500.0;14543000.0;11782000.0;17633000.0;19771500.0;16868000.0;18873000.0;11355000.0;12314500.0;12427500.0;17681000.0;1.0;1.2343;0.8918;0.8938;0.9221;0.7029;80422500.0;72827000.0;153249500.0;0.9056;USA;1.0625;1.3177;0.9552;0.9481;0.9593;0.6358;0.9074;0.0001;0.0001;0.9616;0.7297;0.7711;0.8073;0.7536;0.7949;0.5573;0.5809;0.2326;0.3659;0.5614;0.5094;0.5354
country;UY;Uruguay;500.0;500.0;294000.0;246000.0;456000.0;536000.0;158500.0;172500.0;111500.0;125000.0;124000.0;117000.0;1.0;1.1951;0.8507;0.9188;0.892;1.0598;1197000.0;1144500.0;2341500.0;0.9561;URY;1.0474;1.2462;0.8793;0.9232;0.8721;0.7882;0.8792;0.0054;0.0052;1.7598;1.4122;1.866;2.1221;0.7261;0.7865;0.5185;0.5946;0.2386;0.3027;0.8939;0.7859;0.8376
country;UZ;Uzbekistan;500.0;500.0;421500.0;422000.0;384000.0;730500.0;137500.0;262000.0;52000.0;87500.0;40500.0;45000.0;1.0;0.9988;0.5257;0.5248;0.5943;0.9;1547500.0;1036000.0;2583500.0;0.6695;UZB;1.0561;1.0487;0.5513;0.5444;0.5958;0.743;0.666;0.0005;0.0004;0.2458;0.2343;0.1306;0.2369;0.056;0.1028;0.0293;0.0492;0.0156;0.021;0.1238;0.0825;0.1031
country;VC;St. Vincent & the Grenadines;500.0;500.0;7000.0;5000.0;10000.0;11500.0;3000.0;2500.0;1500.0;1500.0;1500.0;500.0;1.0;1.4;0.8696;1.2;1.0;3.0;21500.0;23500.0;45000.0;1.093;VCT;1.0635;1.5319;0.9275;1.2046;1.0945;3.0124;1.1418;0.1725;0.1622;1.4216;0.928;1.4497;1.5631;0.4396;0.3649;0.2417;0.2209;0.1259;0.0418;0.5189;0.5925;0.5549
country;VE;Venezuela (Bolivarian Republic of);500.0;500.0;1975000.0;1860500.0;2447500.0;2773000.0;1280500.0;1417000.0;957500.0;993500.0;1156000.0;949500.0;1.0;1.0615;0.8826;0.9037;0.9638;1.2175;7994000.0;7817000.0;15811000.0;0.9779;VEN;1.0543;1.1416;0.903;0.858;0.8989;1.0058;0.9331;0.0005;0.0004;1.2784;1.1197;1.3704;1.5175;0.6841;0.7973;0.5565;0.6191;0.3969;0.3946;0.7676;0.7162;0.7413
country;VG;Virgin Islands (British);500.0;500.0;3500.0;3000.0;5000.0;6000.0;2500.0;2500.0;1500.0;1500.0;1500.0;500.0;1.0;1.1667;0.8333;1.0;1.0;3.0;14000.0;14500.0;28500.0;1.0357;VGB;1.0406;1.0843;0.6877;0.823;0.8714;2.6462;0.9004;0.4826;0.4638;2.0432;1.8844;1.517;2.2059;0.5957;0.7238;0.4507;0.5172;0.3573;0.135;0.9063;0.8161;0.858
country;VI;United States Virgin Islands;500.0;500.0;1500.0;500.0;500.0;1500.0;500.0;500.0;500.0;500.0;500.0;500.0;1.0;3.0;0.3333;1.0;1.0;1.0;4000.0;4000.0;8000.0;1.0;VIR;1.0044;3.0659;0.3061;0.9325;0.9498;0.8174;0.8915;0.2431;0.242;0.4711;0.1537;0.1088;0.3554;0.0981;0.1052;0.0862;0.0908;0.0281;0.0344;0.1164;0.1038;0.1097
country;VN;Vietnam;500.0;500.0;11308500.0;11550500.0;15353000.0;17075500.0;6050500.0;7391500.0;2647500.0;2679500.0;1959000.0;1732500.0;1.0;0.979;0.8991;0.8186;0.9881;1.1307;40430000.0;37319000.0;77749000.0;0.9231;VNM;1.0228;0.9905;0.9046;0.8149;0.9508;0.8512;0.8606;0.0002;0.0002;2.5208;2.545;1.9172;2.1193;0.766;0.94;0.4155;0.437;0.185;0.2174;1.0774;0.9272;0.9997
country;YE;Yemen;500.0;500.0;696500.0;1277000.0;1110500.0;1943500.0;272500.0;528000.0;86000.0;158500.0;89500.0;135000.0;1.0;0.5454;0.5714;0.5161;0.5426;0.663;4042500.0;2255500.0;6298000.0;0.5579;YEM;1.046;0.5665;0.5839;0.5297;0.5465;0.5709;0.564;0.0003;0.0003;0.2797;0.4937;0.3647;0.6246;0.1288;0.2432;0.0704;0.1288;0.0716;0.1255;0.34;0.1918;0.2663
country;ZA;South Africa;1000.0;1000.0;4506000.0;4273500.0;5844000.0;8053000.0;2410500.0;2765000.0;1008500.0;1098000.0;776000.0;658500.0;1.0;1.0544;0.7257;0.8718;0.9185;1.1784;16849000.0;14546000.0;31395000.0;0.8633;ZAF;1.0094;1.0764;0.7129;0.8659;0.841;0.836;0.8003;0.0005;0.0005;1.2712;1.181;1.0213;1.4327;0.4967;0.5736;0.3085;0.3668;0.1524;0.1823;0.7384;0.591;0.6619
