country,gid_0,date,outcome,predicted,predicted_error
Aruba,ABW,2025-05-01,internet_fm_ratio,1.0,0.083
Afghanistan,AFG,2025-05-01,internet_fm_ratio,0.224,0.053
Angola,AGO,2025-05-01,internet_fm_ratio,0.755,0.077
Albania,ALB,2025-05-01,internet_fm_ratio,1.0,0.083
Andorra,AND,2025-05-01,internet_fm_ratio,1.0,0.084
United Arab Emirates,ARE,2025-05-01,internet_fm_ratio,1.0,0.083
Argentina,ARG,2025-05-01,internet_fm_ratio,1.0,0.084
Armenia,ARM,2025-05-01,internet_fm_ratio,1.0,0.087
American Samoa,ASM,2025-05-01,internet_fm_ratio,0.948,0.081
Antigua and Barbuda,ATG,2025-05-01,internet_fm_ratio,1.0,0.083
Australia,AUS,2025-05-01,internet_fm_ratio,1.0,0.083
Austria,AUT,2025-05-01,internet_fm_ratio,1.0,0.082
Azerbaijan,AZE,2025-05-01,internet_fm_ratio,0.813,0.081
Burundi,BDI,2025-05-01,internet_fm_ratio,0.65,0.078
Belgium,BEL,2025-05-01,internet_fm_ratio,1.0,0.082
Benin,BEN,2025-05-01,internet_fm_ratio,0.67,0.072
Burkina Faso,BFA,2025-05-01,internet_fm_ratio,0.671,0.075
Bangladesh,BGD,2025-05-01,internet_fm_ratio,0.918,0.077
Bulgaria,BGR,2025-05-01,internet_fm_ratio,1.0,0.084
Bahrain,BHR,2025-05-01,internet_fm_ratio,1.0,0.079
Bahamas,BHS,2025-05-01,internet_fm_ratio,1.0,0.085
Bosnia and Herzegovina,BIH,2025-05-01,internet_fm_ratio,0.95,0.081
Belarus,BLR,2025-05-01,internet_fm_ratio,1.0,0.085
Belize,BLZ,2025-05-01,internet_fm_ratio,0.978,0.083
Bermuda,BMU,2025-05-01,internet_fm_ratio,1.0,0.083
"Bolivia, Plurinational State of",BOL,2025-05-01,internet_fm_ratio,0.999,0.082
Brazil,BRA,2025-05-01,internet_fm_ratio,1.0,0.085
Barbados,BRB,2025-05-01,internet_fm_ratio,1.0,0.087
Brunei Darussalam,BRN,2025-05-01,internet_fm_ratio,1.0,0.083
Bhutan,BTN,2025-05-01,internet_fm_ratio,0.952,0.082
Botswana,BWA,2025-05-01,internet_fm_ratio,1.0,0.084
Central African Republic,CAF,2025-05-01,internet_fm_ratio,0.535,0.077
Canada,CAN,2025-05-01,internet_fm_ratio,1.0,0.084
Switzerland,CHE,2025-05-01,internet_fm_ratio,1.0,0.082
Chile,CHL,2025-05-01,internet_fm_ratio,1.0,0.082
Côte d'Ivoire,CIV,2025-05-01,internet_fm_ratio,0.754,0.073
Cameroon,CMR,2025-05-01,internet_fm_ratio,0.78,0.076
"Congo, The Democratic Republic of the",COD,2025-05-01,internet_fm_ratio,0.613,0.075
Congo,COG,2025-05-01,internet_fm_ratio,0.785,0.077
Colombia,COL,2025-05-01,internet_fm_ratio,1.0,0.084
Comoros,COM,2025-05-01,internet_fm_ratio,0.847,0.077
Cabo Verde,CPV,2025-05-01,internet_fm_ratio,0.968,0.083
Costa Rica,CRI,2025-05-01,internet_fm_ratio,1.0,0.084
Curaçao,CUW,2025-05-01,internet_fm_ratio,1.0,0.083
Cayman Islands,CYM,2025-05-01,internet_fm_ratio,1.0,0.083
Cyprus,CYP,2025-05-01,internet_fm_ratio,1.0,0.083
Czechia,CZE,2025-05-01,internet_fm_ratio,1.0,0.084
Germany,DEU,2025-05-01,internet_fm_ratio,1.0,0.082
Djibouti,DJI,2025-05-01,internet_fm_ratio,0.559,0.071
Dominica,DMA,2025-05-01,internet_fm_ratio,0.995,0.083
Denmark,DNK,2025-05-01,internet_fm_ratio,1.0,0.083
Dominican Republic,DOM,2025-05-01,internet_fm_ratio,1.0,0.087
Algeria,DZA,2025-05-01,internet_fm_ratio,0.945,0.075
Ecuador,ECU,2025-05-01,internet_fm_ratio,1.0,0.084
Egypt,EGY,2025-05-01,internet_fm_ratio,0.917,0.075
Eritrea,ERI,2025-05-01,internet_fm_ratio,0.572,0.077
Spain,ESP,2025-05-01,internet_fm_ratio,1.0,0.084
Estonia,EST,2025-05-01,internet_fm_ratio,1.0,0.086
Ethiopia,ETH,2025-05-01,internet_fm_ratio,0.625,0.078
Finland,FIN,2025-05-01,internet_fm_ratio,1.0,0.084
Fiji,FJI,2025-05-01,internet_fm_ratio,0.962,0.08
France,FRA,2025-05-01,internet_fm_ratio,1.0,0.083
Faroe Islands,FRO,2025-05-01,internet_fm_ratio,1.0,0.084
"Micronesia, Federated States of",FSM,2025-05-01,internet_fm_ratio,0.913,0.08
Gabon,GAB,2025-05-01,internet_fm_ratio,0.976,0.083
United Kingdom,GBR,2025-05-01,internet_fm_ratio,1.0,0.083
Georgia,GEO,2025-05-01,internet_fm_ratio,1.0,0.085
Ghana,GHA,2025-05-01,internet_fm_ratio,0.839,0.079
Gibraltar,GIB,2025-05-01,internet_fm_ratio,1.0,0.084
Guinea,GIN,2025-05-01,internet_fm_ratio,0.655,0.069
Gambia,GMB,2025-05-01,internet_fm_ratio,0.78,0.08
Guinea-Bissau,GNB,2025-05-01,internet_fm_ratio,0.653,0.073
Equatorial Guinea,GNQ,2025-05-01,internet_fm_ratio,0.783,0.077
Greece,GRC,2025-05-01,internet_fm_ratio,1.0,0.082
Grenada,GRD,2025-05-01,internet_fm_ratio,0.998,0.083
Greenland,GRL,2025-05-01,internet_fm_ratio,1.0,0.083
Guatemala,GTM,2025-05-01,internet_fm_ratio,0.906,0.079
Guam,GUM,2025-05-01,internet_fm_ratio,0.978,0.081
Guyana,GUY,2025-05-01,internet_fm_ratio,1.0,0.084
Hong Kong,HKG,2025-05-01,internet_fm_ratio,1.0,0.082
Honduras,HND,2025-05-01,internet_fm_ratio,0.942,0.082
Croatia,HRV,2025-05-01,internet_fm_ratio,1.0,0.084
Haiti,HTI,2025-05-01,internet_fm_ratio,0.831,0.079
Hungary,HUN,2025-05-01,internet_fm_ratio,1.0,0.084
Indonesia,IDN,2025-05-01,internet_fm_ratio,0.945,0.08
Isle of Man,IMN,2025-05-01,internet_fm_ratio,1.0,0.084
India,IND,2025-05-01,internet_fm_ratio,0.743,0.072
Ireland,IRL,2025-05-01,internet_fm_ratio,1.0,0.084
Iraq,IRQ,2025-05-01,internet_fm_ratio,1.0,0.066
Iceland,ISL,2025-05-01,internet_fm_ratio,1.0,0.082
Israel,ISR,2025-05-01,internet_fm_ratio,1.0,0.084
Italy,ITA,2025-05-01,internet_fm_ratio,1.0,0.082
Jamaica,JAM,2025-05-01,internet_fm_ratio,1.0,0.086
Jordan,JOR,2025-05-01,internet_fm_ratio,0.85,0.073
Japan,JPN,2025-05-01,internet_fm_ratio,0.908,0.082
Kazakhstan,KAZ,2025-05-01,internet_fm_ratio,1.0,0.084
Kenya,KEN,2025-05-01,internet_fm_ratio,0.888,0.08
Kyrgyzstan,KGZ,2025-05-01,internet_fm_ratio,0.893,0.082
Cambodia,KHM,2025-05-01,internet_fm_ratio,1.0,0.078
Kiribati,KIR,2025-05-01,internet_fm_ratio,0.772,0.072
Saint Kitts and Nevis,KNA,2025-05-01,internet_fm_ratio,1.0,0.083
"Korea, Republic of",KOR,2025-05-01,internet_fm_ratio,0.836,0.08
Kuwait,KWT,2025-05-01,internet_fm_ratio,1.0,0.086
Lao People's Democratic Republic,LAO,2025-05-01,internet_fm_ratio,0.914,0.078
Lebanon,LBN,2025-05-01,internet_fm_ratio,1.0,0.079
Liberia,LBR,2025-05-01,internet_fm_ratio,0.697,0.073
Libya,LBY,2025-05-01,internet_fm_ratio,1.0,0.084
Saint Lucia,LCA,2025-05-01,internet_fm_ratio,1.0,0.086
Liechtenstein,LIE,2025-05-01,internet_fm_ratio,1.0,0.08
Sri Lanka,LKA,2025-05-01,internet_fm_ratio,0.943,0.08
Lesotho,LSO,2025-05-01,internet_fm_ratio,0.938,0.085
Lithuania,LTU,2025-05-01,internet_fm_ratio,1.0,0.087
Luxembourg,LUX,2025-05-01,internet_fm_ratio,1.0,0.084
Latvia,LVA,2025-05-01,internet_fm_ratio,1.0,0.086
Macao,MAC,2025-05-01,internet_fm_ratio,0.915,0.078
Saint Martin (French part),MAF,2025-05-01,internet_fm_ratio,1.0,0.083
Morocco,MAR,2025-05-01,internet_fm_ratio,0.923,0.072
Monaco,MCO,2025-05-01,internet_fm_ratio,1.0,0.084
"Moldova, Republic of",MDA,2025-05-01,internet_fm_ratio,1.0,0.087
Madagascar,MDG,2025-05-01,internet_fm_ratio,0.798,0.08
Maldives,MDV,2025-05-01,internet_fm_ratio,0.989,0.083
Mexico,MEX,2025-05-01,internet_fm_ratio,1.0,0.083
Marshall Islands,MHL,2025-05-01,internet_fm_ratio,0.926,0.08
North Macedonia,MKD,2025-05-01,internet_fm_ratio,0.983,0.08
Mali,MLI,2025-05-01,internet_fm_ratio,0.498,0.07
Malta,MLT,2025-05-01,internet_fm_ratio,1.0,0.083
Myanmar,MMR,2025-05-01,internet_fm_ratio,0.865,0.08
Montenegro,MNE,2025-05-01,internet_fm_ratio,1.0,0.083
Mongolia,MNG,2025-05-01,internet_fm_ratio,1.0,0.087
Northern Mariana Islands,MNP,2025-05-01,internet_fm_ratio,0.915,0.081
Mozambique,MOZ,2025-05-01,internet_fm_ratio,0.71,0.079
Mauritania,MRT,2025-05-01,internet_fm_ratio,0.83,0.074
Montserrat,MSR,2025-05-01,internet_fm_ratio,1.0,0.083
Martinique,MTQ,2025-05-01,internet_fm_ratio,0.993,0.083
Mauritius,MUS,2025-05-01,internet_fm_ratio,1.0,0.083
Malawi,MWI,2025-05-01,internet_fm_ratio,0.681,0.078
Malaysia,MYS,2025-05-01,internet_fm_ratio,1.0,0.082
Namibia,NAM,2025-05-01,internet_fm_ratio,0.97,0.085
New Caledonia,NCL,2025-05-01,internet_fm_ratio,0.957,0.081
Niger,NER,2025-05-01,internet_fm_ratio,0.327,0.07
Nigeria,NGA,2025-05-01,internet_fm_ratio,0.741,0.075
Nicaragua,NIC,2025-05-01,internet_fm_ratio,0.956,0.08
Niue,NIU,2025-05-01,internet_fm_ratio,1.0,0.081
Netherlands,NLD,2025-05-01,internet_fm_ratio,1.0,0.081
Norway,NOR,2025-05-01,internet_fm_ratio,1.0,0.083
Nepal,NPL,2025-05-01,internet_fm_ratio,0.892,0.075
Nauru,NRU,2025-05-01,internet_fm_ratio,1.0,0.088
New Zealand,NZL,2025-05-01,internet_fm_ratio,1.0,0.082
Oman,OMN,2025-05-01,internet_fm_ratio,0.937,0.079
Pakistan,PAK,2025-05-01,internet_fm_ratio,0.699,0.071
Panama,PAN,2025-05-01,internet_fm_ratio,1.0,0.086
Peru,PER,2025-05-01,internet_fm_ratio,1.0,0.081
Philippines,PHL,2025-05-01,internet_fm_ratio,0.955,0.082
Palau,PLW,2025-05-01,internet_fm_ratio,1.0,0.085
Papua New Guinea,PNG,2025-05-01,internet_fm_ratio,0.74,0.078
Poland,POL,2025-05-01,internet_fm_ratio,1.0,0.085
Puerto Rico,PRI,2025-05-01,internet_fm_ratio,1.0,0.083
Portugal,PRT,2025-05-01,internet_fm_ratio,1.0,0.084
Paraguay,PRY,2025-05-01,internet_fm_ratio,1.0,0.084
"Palestine, State of",PSE,2025-05-01,internet_fm_ratio,0.882,0.074
French Polynesia,PYF,2025-05-01,internet_fm_ratio,0.945,0.081
Qatar,QAT,2025-05-01,internet_fm_ratio,1.0,0.087
Romania,ROU,2025-05-01,internet_fm_ratio,1.0,0.083
Rwanda,RWA,2025-05-01,internet_fm_ratio,0.683,0.078
Saudi Arabia,SAU,2025-05-01,internet_fm_ratio,1.0,0.079
Senegal,SEN,2025-05-01,internet_fm_ratio,0.777,0.078
Singapore,SGP,2025-05-01,internet_fm_ratio,1.0,0.084
"Saint Helena, Ascension and Tristan da Cunha",SHN,2025-05-01,internet_fm_ratio,0.857,0.077
Solomon Islands,SLB,2025-05-01,internet_fm_ratio,0.88,0.081
Sierra Leone,SLE,2025-05-01,internet_fm_ratio,0.7,0.075
El Salvador,SLV,2025-05-01,internet_fm_ratio,0.992,0.082
San Marino,SMR,2025-05-01,internet_fm_ratio,1.0,0.082
Somalia,SOM,2025-05-01,internet_fm_ratio,0.529,0.065
Serbia,SRB,2025-05-01,internet_fm_ratio,1.0,0.083
South Sudan,SSD,2025-05-01,internet_fm_ratio,0.569,0.077
Sao Tome and Principe,STP,2025-05-01,internet_fm_ratio,0.847,0.077
Suriname,SUR,2025-05-01,internet_fm_ratio,1.0,0.083
Slovakia,SVK,2025-05-01,internet_fm_ratio,1.0,0.085
Slovenia,SVN,2025-05-01,internet_fm_ratio,1.0,0.085
Sweden,SWE,2025-05-01,internet_fm_ratio,1.0,0.083
Eswatini,SWZ,2025-05-01,internet_fm_ratio,0.966,0.083
Sint Maarten (Dutch part),SXM,2025-05-01,internet_fm_ratio,1.0,0.083
Seychelles,SYC,2025-05-01,internet_fm_ratio,1.0,0.09
Turks and Caicos Islands,TCA,2025-05-01,internet_fm_ratio,1.0,0.083
Chad,TCD,2025-05-01,internet_fm_ratio,0.334,0.066
Togo,TGO,2025-05-01,internet_fm_ratio,0.57,0.072
Thailand,THA,2025-05-01,internet_fm_ratio,1.0,0.086
Tajikistan,TJK,2025-05-01,internet_fm_ratio,0.591,0.078
Turkmenistan,TKM,2025-05-01,internet_fm_ratio,0.672,0.078
Timor-Leste,TLS,2025-05-01,internet_fm_ratio,0.878,0.076
Tonga,TON,2025-05-01,internet_fm_ratio,1.0,0.084
Trinidad and Tobago,TTO,2025-05-01,internet_fm_ratio,1.0,0.084
Tunisia,TUN,2025-05-01,internet_fm_ratio,0.97,0.079
Türkiye,TUR,2025-05-01,internet_fm_ratio,0.992,0.08
Tuvalu,TUV,2025-05-01,internet_fm_ratio,0.955,0.082
"Taiwan, Province of China",TWN,2025-05-01,internet_fm_ratio,0.933,0.078
"Tanzania, United Republic of",TZA,2025-05-01,internet_fm_ratio,0.745,0.08
Uganda,UGA,2025-05-01,internet_fm_ratio,0.609,0.076
Ukraine,UKR,2025-05-01,internet_fm_ratio,1.0,0.086
Uruguay,URY,2025-05-01,internet_fm_ratio,1.0,0.086
United States,USA,2025-05-01,internet_fm_ratio,1.0,0.085
Uzbekistan,UZB,2025-05-01,internet_fm_ratio,0.666,0.078
Saint Vincent and the Grenadines,VCT,2025-05-01,internet_fm_ratio,0.997,0.083
"Venezuela, Bolivarian Republic of",VEN,2025-05-01,internet_fm_ratio,1.0,0.085
"Virgin Islands, British",VGB,2025-05-01,internet_fm_ratio,1.0,0.083
"Virgin Islands, U.S.",VIR,2025-05-01,internet_fm_ratio,1.0,0.083
Viet Nam,VNM,2025-05-01,internet_fm_ratio,1.0,0.085
Vanuatu,VUT,2025-05-01,internet_fm_ratio,0.896,0.079
Samoa,WSM,2025-05-01,internet_fm_ratio,0.948,0.082
Kosovo,XKX,2025-05-01,internet_fm_ratio,1.0,0.084
Yemen,YEM,2025-05-01,internet_fm_ratio,,0.039
South Africa,ZAF,2025-05-01,internet_fm_ratio,0.988,0.083
Zambia,ZMB,2025-05-01,internet_fm_ratio,0.811,0.079
Zimbabwe,ZWE,2025-05-01,internet_fm_ratio,0.777,0.079
Aruba,ABW,2025-05-01,internet_women,0.973,0.09
Afghanistan,AFG,2025-05-01,internet_women,0.054,0.057
Angola,AGO,2025-05-01,internet_women,0.52,0.083
Albania,ALB,2025-05-01,internet_women,0.903,0.089
Andorra,AND,2025-05-01,internet_women,0.97,0.09
United Arab Emirates,ARE,2025-05-01,internet_women,1.0,0.09
Argentina,ARG,2025-05-01,internet_women,0.971,0.091
Armenia,ARM,2025-05-01,internet_women,0.951,0.094
American Samoa,ASM,2025-05-01,internet_women,0.823,0.088
Antigua and Barbuda,ATG,2025-05-01,internet_women,0.975,0.09
Australia,AUS,2025-05-01,internet_women,1.0,0.089
Austria,AUT,2025-05-01,internet_women,0.987,0.089
Azerbaijan,AZE,2025-05-01,internet_women,0.743,0.088
Burundi,BDI,2025-05-01,internet_women,0.263,0.085
Belgium,BEL,2025-05-01,internet_women,1.0,0.089
Benin,BEN,2025-05-01,internet_women,0.391,0.078
Burkina Faso,BFA,2025-05-01,internet_women,0.366,0.081
Bangladesh,BGD,2025-05-01,internet_women,0.741,0.084
Bulgaria,BGR,2025-05-01,internet_women,0.903,0.091
Bahrain,BHR,2025-05-01,internet_women,1.0,0.086
Bahamas,BHS,2025-05-01,internet_women,0.99,0.092
Bosnia and Herzegovina,BIH,2025-05-01,internet_women,0.822,0.087
Belarus,BLR,2025-05-01,internet_women,0.807,0.092
Belize,BLZ,2025-05-01,internet_women,0.801,0.09
Bermuda,BMU,2025-05-01,internet_women,0.913,0.09
"Bolivia, Plurinational State of",BOL,2025-05-01,internet_women,0.832,0.088
Brazil,BRA,2025-05-01,internet_women,0.845,0.091
Barbados,BRB,2025-05-01,internet_women,0.973,0.094
Brunei Darussalam,BRN,2025-05-01,internet_women,1.0,0.09
Bhutan,BTN,2025-05-01,internet_women,0.74,0.089
Botswana,BWA,2025-05-01,internet_women,0.85,0.091
Central African Republic,CAF,2025-05-01,internet_women,0.195,0.083
Canada,CAN,2025-05-01,internet_women,1.0,0.09
Switzerland,CHE,2025-05-01,internet_women,1.0,0.089
Chile,CHL,2025-05-01,internet_women,0.963,0.089
Côte d'Ivoire,CIV,2025-05-01,internet_women,0.503,0.079
Cameroon,CMR,2025-05-01,internet_women,0.522,0.082
"Congo, The Democratic Republic of the",COD,2025-05-01,internet_women,0.303,0.082
Congo,COG,2025-05-01,internet_women,0.536,0.083
Colombia,COL,2025-05-01,internet_women,0.903,0.091
Comoros,COM,2025-05-01,internet_women,0.582,0.084
Cabo Verde,CPV,2025-05-01,internet_women,0.739,0.09
Costa Rica,CRI,2025-05-01,internet_women,0.967,0.091
Curaçao,CUW,2025-05-01,internet_women,0.872,0.09
Cayman Islands,CYM,2025-05-01,internet_women,0.97,0.09
Cyprus,CYP,2025-05-01,internet_women,1.0,0.089
Czechia,CZE,2025-05-01,internet_women,0.973,0.09
Germany,DEU,2025-05-01,internet_women,0.988,0.088
Djibouti,DJI,2025-05-01,internet_women,0.328,0.077
Dominica,DMA,2025-05-01,internet_women,0.82,0.09
Denmark,DNK,2025-05-01,internet_women,1.0,0.09
Dominican Republic,DOM,2025-05-01,internet_women,0.95,0.094
Algeria,DZA,2025-05-01,internet_women,0.833,0.081
Ecuador,ECU,2025-05-01,internet_women,0.93,0.091
Egypt,EGY,2025-05-01,internet_women,0.79,0.081
Eritrea,ERI,2025-05-01,internet_women,0.298,0.083
Spain,ESP,2025-05-01,internet_women,0.981,0.09
Estonia,EST,2025-05-01,internet_women,1.0,0.093
Ethiopia,ETH,2025-05-01,internet_women,0.351,0.084
Finland,FIN,2025-05-01,internet_women,1.0,0.09
Fiji,FJI,2025-05-01,internet_women,0.825,0.086
France,FRA,2025-05-01,internet_women,1.0,0.09
Faroe Islands,FRO,2025-05-01,internet_women,1.0,0.09
"Micronesia, Federated States of",FSM,2025-05-01,internet_women,0.649,0.087
Gabon,GAB,2025-05-01,internet_women,0.8,0.09
United Kingdom,GBR,2025-05-01,internet_women,1.0,0.089
Georgia,GEO,2025-05-01,internet_women,1.0,0.092
Ghana,GHA,2025-05-01,internet_women,0.59,0.085
Gibraltar,GIB,2025-05-01,internet_women,0.99,0.09
Guinea,GIN,2025-05-01,internet_women,0.355,0.075
Gambia,GMB,2025-05-01,internet_women,0.478,0.086
Guinea-Bissau,GNB,2025-05-01,internet_women,0.346,0.079
Equatorial Guinea,GNQ,2025-05-01,internet_women,0.558,0.083
Greece,GRC,2025-05-01,internet_women,0.981,0.089
Grenada,GRD,2025-05-01,internet_women,0.875,0.089
Greenland,GRL,2025-05-01,internet_women,0.935,0.09
Guatemala,GTM,2025-05-01,internet_women,0.703,0.085
Guam,GUM,2025-05-01,internet_women,0.883,0.088
Guyana,GUY,2025-05-01,internet_women,0.947,0.091
Hong Kong,HKG,2025-05-01,internet_women,1.0,0.089
Honduras,HND,2025-05-01,internet_women,0.667,0.089
Croatia,HRV,2025-05-01,internet_women,0.977,0.091
Haiti,HTI,2025-05-01,internet_women,0.504,0.085
Hungary,HUN,2025-05-01,internet_women,0.948,0.09
Indonesia,IDN,2025-05-01,internet_women,0.789,0.086
Isle of Man,IMN,2025-05-01,internet_women,1.0,0.09
India,IND,2025-05-01,internet_women,0.598,0.078
Ireland,IRL,2025-05-01,internet_women,1.0,0.091
Iraq,IRQ,2025-05-01,internet_women,0.859,0.072
Iceland,ISL,2025-05-01,internet_women,1.0,0.089
Israel,ISR,2025-05-01,internet_women,1.0,0.091
Italy,ITA,2025-05-01,internet_women,0.992,0.089
Jamaica,JAM,2025-05-01,internet_women,0.767,0.093
Jordan,JOR,2025-05-01,internet_women,0.725,0.079
Japan,JPN,2025-05-01,internet_women,0.905,0.089
Kazakhstan,KAZ,2025-05-01,internet_women,0.813,0.091
Kenya,KEN,2025-05-01,internet_women,0.626,0.087
Kyrgyzstan,KGZ,2025-05-01,internet_women,0.638,0.089
Cambodia,KHM,2025-05-01,internet_women,0.799,0.085
Kiribati,KIR,2025-05-01,internet_women,0.538,0.078
Saint Kitts and Nevis,KNA,2025-05-01,internet_women,0.989,0.09
"Korea, Republic of",KOR,2025-05-01,internet_women,0.893,0.087
Kuwait,KWT,2025-05-01,internet_women,1.0,0.093
Lao People's Democratic Republic,LAO,2025-05-01,internet_women,0.693,0.084
Lebanon,LBN,2025-05-01,internet_women,0.857,0.085
Liberia,LBR,2025-05-01,internet_women,0.339,0.079
Libya,LBY,2025-05-01,internet_women,1.0,0.09
Saint Lucia,LCA,2025-05-01,internet_women,0.848,0.093
Liechtenstein,LIE,2025-05-01,internet_women,1.0,0.087
Sri Lanka,LKA,2025-05-01,internet_women,0.824,0.087
Lesotho,LSO,2025-05-01,internet_women,0.541,0.091
Lithuania,LTU,2025-05-01,internet_women,1.0,0.094
Luxembourg,LUX,2025-05-01,internet_women,1.0,0.091
Latvia,LVA,2025-05-01,internet_women,0.993,0.093
Macao,MAC,2025-05-01,internet_women,0.798,0.085
Saint Martin (French part),MAF,2025-05-01,internet_women,0.877,0.09
Morocco,MAR,2025-05-01,internet_women,0.78,0.078
Monaco,MCO,2025-05-01,internet_women,0.997,0.09
"Moldova, Republic of",MDA,2025-05-01,internet_women,0.862,0.095
Madagascar,MDG,2025-05-01,internet_women,0.384,0.086
Maldives,MDV,2025-05-01,internet_women,0.883,0.089
Mexico,MEX,2025-05-01,internet_women,0.948,0.09
Marshall Islands,MHL,2025-05-01,internet_women,0.796,0.086
North Macedonia,MKD,2025-05-01,internet_women,0.864,0.087
Mali,MLI,2025-05-01,internet_women,0.228,0.076
Malta,MLT,2025-05-01,internet_women,1.0,0.09
Myanmar,MMR,2025-05-01,internet_women,0.535,0.086
Montenegro,MNE,2025-05-01,internet_women,0.966,0.089
Mongolia,MNG,2025-05-01,internet_women,0.955,0.094
Northern Mariana Islands,MNP,2025-05-01,internet_women,0.715,0.088
Mozambique,MOZ,2025-05-01,internet_women,0.354,0.085
Mauritania,MRT,2025-05-01,internet_women,0.58,0.08
Montserrat,MSR,2025-05-01,internet_women,0.824,0.09
Martinique,MTQ,2025-05-01,internet_women,0.853,0.09
Mauritius,MUS,2025-05-01,internet_women,0.936,0.089
Malawi,MWI,2025-05-01,internet_women,0.38,0.085
Malaysia,MYS,2025-05-01,internet_women,0.964,0.089
Namibia,NAM,2025-05-01,internet_women,0.683,0.092
New Caledonia,NCL,2025-05-01,internet_women,0.817,0.088
Niger,NER,2025-05-01,internet_women,0.094,0.076
Nigeria,NGA,2025-05-01,internet_women,0.465,0.081
Nicaragua,NIC,2025-05-01,internet_women,0.755,0.087
Niue,NIU,2025-05-01,internet_women,0.971,0.088
Netherlands,NLD,2025-05-01,internet_women,1.0,0.088
Norway,NOR,2025-05-01,internet_women,1.0,0.09
Nepal,NPL,2025-05-01,internet_women,0.651,0.081
Nauru,NRU,2025-05-01,internet_women,0.922,0.095
New Zealand,NZL,2025-05-01,internet_women,1.0,0.089
Oman,OMN,2025-05-01,internet_women,0.905,0.086
Pakistan,PAK,2025-05-01,internet_women,0.5,0.076
Panama,PAN,2025-05-01,internet_women,0.962,0.093
Peru,PER,2025-05-01,internet_women,0.922,0.087
Philippines,PHL,2025-05-01,internet_women,0.831,0.088
Palau,PLW,2025-05-01,internet_women,1.0,0.092
Papua New Guinea,PNG,2025-05-01,internet_women,0.5,0.085
Poland,POL,2025-05-01,internet_women,0.98,0.092
Puerto Rico,PRI,2025-05-01,internet_women,0.906,0.09
Portugal,PRT,2025-05-01,internet_women,1.0,0.091
Paraguay,PRY,2025-05-01,internet_women,0.867,0.091
"Palestine, State of",PSE,2025-05-01,internet_women,0.741,0.081
French Polynesia,PYF,2025-05-01,internet_women,0.789,0.088
Qatar,QAT,2025-05-01,internet_women,1.0,0.094
Romania,ROU,2025-05-01,internet_women,0.922,0.09
Rwanda,RWA,2025-05-01,internet_women,0.416,0.084
Saudi Arabia,SAU,2025-05-01,internet_women,1.0,0.085
Senegal,SEN,2025-05-01,internet_women,0.506,0.085
Singapore,SGP,2025-05-01,internet_women,1.0,0.091
"Saint Helena, Ascension and Tristan da Cunha",SHN,2025-05-01,internet_women,0.47,0.083
Solomon Islands,SLB,2025-05-01,internet_women,0.56,0.088
Sierra Leone,SLE,2025-05-01,internet_women,0.303,0.081
El Salvador,SLV,2025-05-01,internet_women,0.813,0.089
San Marino,SMR,2025-05-01,internet_women,0.919,0.088
Somalia,SOM,2025-05-01,internet_women,0.135,0.07
Serbia,SRB,2025-05-01,internet_women,0.885,0.09
South Sudan,SSD,2025-05-01,internet_women,0.259,0.083
Sao Tome and Principe,STP,2025-05-01,internet_women,0.592,0.083
Suriname,SUR,2025-05-01,internet_women,0.822,0.09
Slovakia,SVK,2025-05-01,internet_women,0.954,0.092
Slovenia,SVN,2025-05-01,internet_women,1.0,0.091
Sweden,SWE,2025-05-01,internet_women,1.0,0.09
Eswatini,SWZ,2025-05-01,internet_women,0.711,0.09
Sint Maarten (Dutch part),SXM,2025-05-01,internet_women,0.953,0.09
Seychelles,SYC,2025-05-01,internet_women,0.976,0.097
Turks and Caicos Islands,TCA,2025-05-01,internet_women,1.0,0.09
Chad,TCD,2025-05-01,internet_women,0.089,0.071
Togo,TGO,2025-05-01,internet_women,0.351,0.078
Thailand,THA,2025-05-01,internet_women,0.954,0.092
Tajikistan,TJK,2025-05-01,internet_women,0.487,0.084
Turkmenistan,TKM,2025-05-01,internet_women,0.594,0.085
Timor-Leste,TLS,2025-05-01,internet_women,0.625,0.083
Tonga,TON,2025-05-01,internet_women,0.918,0.091
Trinidad and Tobago,TTO,2025-05-01,internet_women,0.929,0.091
Tunisia,TUN,2025-05-01,internet_women,0.828,0.085
Türkiye,TUR,2025-05-01,internet_women,0.963,0.086
Tuvalu,TUV,2025-05-01,internet_women,0.689,0.089
"Taiwan, Province of China",TWN,2025-05-01,internet_women,0.803,0.085
"Tanzania, United Republic of",TZA,2025-05-01,internet_women,0.444,0.086
Uganda,UGA,2025-05-01,internet_women,0.36,0.082
Ukraine,UKR,2025-05-01,internet_women,0.777,0.093
Uruguay,URY,2025-05-01,internet_women,0.986,0.093
United States,USA,2025-05-01,internet_women,1.0,0.092
Uzbekistan,UZB,2025-05-01,internet_women,0.566,0.085
Saint Vincent and the Grenadines,VCT,2025-05-01,internet_women,0.86,0.09
"Venezuela, Bolivarian Republic of",VEN,2025-05-01,internet_women,0.82,0.092
"Virgin Islands, British",VGB,2025-05-01,internet_women,0.902,0.09
"Virgin Islands, U.S.",VIR,2025-05-01,internet_women,0.869,0.09
Viet Nam,VNM,2025-05-01,internet_women,0.901,0.092
Vanuatu,VUT,2025-05-01,internet_women,0.654,0.086
Samoa,WSM,2025-05-01,internet_women,0.769,0.089
Kosovo,XKX,2025-05-01,internet_women,1.0,0.09
Yemen,YEM,2025-05-01,internet_women,,0.042
South Africa,ZAF,2025-05-01,internet_women,0.807,0.09
Zambia,ZMB,2025-05-01,internet_women,0.514,0.085
Zimbabwe,ZWE,2025-05-01,internet_women,0.49,0.086
Aruba,ABW,2025-05-01,internet_men,0.994,0.088
Afghanistan,AFG,2025-05-01,internet_men,0.375,0.055
Angola,AGO,2025-05-01,internet_men,0.63,0.08
Albania,ALB,2025-05-01,internet_men,0.982,0.087
Andorra,AND,2025-05-01,internet_men,0.964,0.088
United Arab Emirates,ARE,2025-05-01,internet_men,1.0,0.088
Argentina,ARG,2025-05-01,internet_men,0.953,0.088
Armenia,ARM,2025-05-01,internet_men,0.964,0.091
American Samoa,ASM,2025-05-01,internet_men,0.836,0.085
Antigua and Barbuda,ATG,2025-05-01,internet_men,0.99,0.088
Australia,AUS,2025-05-01,internet_men,1.0,0.087
Austria,AUT,2025-05-01,internet_men,0.997,0.086
Azerbaijan,AZE,2025-05-01,internet_men,0.822,0.085
Burundi,BDI,2025-05-01,internet_men,0.372,0.082
Belgium,BEL,2025-05-01,internet_men,1.0,0.087
Benin,BEN,2025-05-01,internet_men,0.553,0.075
Burkina Faso,BFA,2025-05-01,internet_men,0.542,0.078
Bangladesh,BGD,2025-05-01,internet_men,0.885,0.081
Bulgaria,BGR,2025-05-01,internet_men,0.916,0.088
Bahrain,BHR,2025-05-01,internet_men,1.0,0.083
Bahamas,BHS,2025-05-01,internet_men,0.998,0.09
Bosnia and Herzegovina,BIH,2025-05-01,internet_men,0.873,0.085
Belarus,BLR,2025-05-01,internet_men,0.809,0.089
Belize,BLZ,2025-05-01,internet_men,0.807,0.087
Bermuda,BMU,2025-05-01,internet_men,0.923,0.088
"Bolivia, Plurinational State of",BOL,2025-05-01,internet_men,0.875,0.086
Brazil,BRA,2025-05-01,internet_men,0.832,0.089
Barbados,BRB,2025-05-01,internet_men,0.962,0.092
Brunei Darussalam,BRN,2025-05-01,internet_men,1.0,0.087
Bhutan,BTN,2025-05-01,internet_men,0.75,0.086
Botswana,BWA,2025-05-01,internet_men,0.863,0.089
Central African Republic,CAF,2025-05-01,internet_men,0.32,0.081
Canada,CAN,2025-05-01,internet_men,1.0,0.088
Switzerland,CHE,2025-05-01,internet_men,1.0,0.086
Chile,CHL,2025-05-01,internet_men,0.966,0.087
Côte d'Ivoire,CIV,2025-05-01,internet_men,0.665,0.077
Cameroon,CMR,2025-05-01,internet_men,0.636,0.08
"Congo, The Democratic Republic of the",COD,2025-05-01,internet_men,0.426,0.079
Congo,COG,2025-05-01,internet_men,0.641,0.081
Colombia,COL,2025-05-01,internet_men,0.907,0.089
Comoros,COM,2025-05-01,internet_men,0.689,0.081
Cabo Verde,CPV,2025-05-01,internet_men,0.76,0.087
Costa Rica,CRI,2025-05-01,internet_men,0.976,0.088
Curaçao,CUW,2025-05-01,internet_men,0.876,0.088
Cayman Islands,CYM,2025-05-01,internet_men,0.983,0.088
Cyprus,CYP,2025-05-01,internet_men,1.0,0.087
Czechia,CZE,2025-05-01,internet_men,0.964,0.088
Germany,DEU,2025-05-01,internet_men,1.0,0.086
Djibouti,DJI,2025-05-01,internet_men,0.479,0.075
Dominica,DMA,2025-05-01,internet_men,0.828,0.088
Denmark,DNK,2025-05-01,internet_men,1.0,0.087
Dominican Republic,DOM,2025-05-01,internet_men,0.955,0.091
Algeria,DZA,2025-05-01,internet_men,0.955,0.078
Ecuador,ECU,2025-05-01,internet_men,0.943,0.088
Egypt,EGY,2025-05-01,internet_men,0.927,0.079
Eritrea,ERI,2025-05-01,internet_men,0.4,0.081
Spain,ESP,2025-05-01,internet_men,0.975,0.088
Estonia,EST,2025-05-01,internet_men,0.996,0.091
Ethiopia,ETH,2025-05-01,internet_men,0.463,0.082
Finland,FIN,2025-05-01,internet_men,1.0,0.088
Fiji,FJI,2025-05-01,internet_men,0.878,0.084
France,FRA,2025-05-01,internet_men,1.0,0.088
Faroe Islands,FRO,2025-05-01,internet_men,1.0,0.088
"Micronesia, Federated States of",FSM,2025-05-01,internet_men,0.685,0.084
Gabon,GAB,2025-05-01,internet_men,0.857,0.087
United Kingdom,GBR,2025-05-01,internet_men,1.0,0.087
Georgia,GEO,2025-05-01,internet_men,1.0,0.089
Ghana,GHA,2025-05-01,internet_men,0.686,0.083
Gibraltar,GIB,2025-05-01,internet_men,0.982,0.088
Guinea,GIN,2025-05-01,internet_men,0.533,0.073
Gambia,GMB,2025-05-01,internet_men,0.609,0.084
Guinea-Bissau,GNB,2025-05-01,internet_men,0.497,0.077
Equatorial Guinea,GNQ,2025-05-01,internet_men,0.646,0.081
Greece,GRC,2025-05-01,internet_men,1.0,0.086
Grenada,GRD,2025-05-01,internet_men,0.884,0.087
Greenland,GRL,2025-05-01,internet_men,0.937,0.088
Guatemala,GTM,2025-05-01,internet_men,0.765,0.083
Guam,GUM,2025-05-01,internet_men,0.926,0.085
Guyana,GUY,2025-05-01,internet_men,0.971,0.088
Hong Kong,HKG,2025-05-01,internet_men,1.0,0.086
Honduras,HND,2025-05-01,internet_men,0.686,0.087
Croatia,HRV,2025-05-01,internet_men,0.993,0.088
Haiti,HTI,2025-05-01,internet_men,0.583,0.083
Hungary,HUN,2025-05-01,internet_men,0.944,0.088
Indonesia,IDN,2025-05-01,internet_men,0.88,0.084
Isle of Man,IMN,2025-05-01,internet_men,1.0,0.088
India,IND,2025-05-01,internet_men,0.783,0.076
Ireland,IRL,2025-05-01,internet_men,1.0,0.088
Iraq,IRQ,2025-05-01,internet_men,1.0,0.07
Iceland,ISL,2025-05-01,internet_men,1.0,0.087
Israel,ISR,2025-05-01,internet_men,1.0,0.088
Italy,ITA,2025-05-01,internet_men,1.0,0.086
Jamaica,JAM,2025-05-01,internet_men,0.767,0.09
Jordan,JOR,2025-05-01,internet_men,0.828,0.077
Japan,JPN,2025-05-01,internet_men,0.939,0.086
Kazakhstan,KAZ,2025-05-01,internet_men,0.827,0.089
Kenya,KEN,2025-05-01,internet_men,0.709,0.084
Kyrgyzstan,KGZ,2025-05-01,internet_men,0.674,0.087
Cambodia,KHM,2025-05-01,internet_men,0.909,0.082
Kiribati,KIR,2025-05-01,internet_men,0.647,0.075
Saint Kitts and Nevis,KNA,2025-05-01,internet_men,0.989,0.088
"Korea, Republic of",KOR,2025-05-01,internet_men,0.948,0.084
Kuwait,KWT,2025-05-01,internet_men,1.0,0.09
Lao People's Democratic Republic,LAO,2025-05-01,internet_men,0.773,0.082
Lebanon,LBN,2025-05-01,internet_men,0.968,0.083
Liberia,LBR,2025-05-01,internet_men,0.466,0.076
Libya,LBY,2025-05-01,internet_men,1.0,0.088
Saint Lucia,LCA,2025-05-01,internet_men,0.849,0.09
Liechtenstein,LIE,2025-05-01,internet_men,1.0,0.084
Sri Lanka,LKA,2025-05-01,internet_men,0.91,0.084
Lesotho,LSO,2025-05-01,internet_men,0.571,0.089
Lithuania,LTU,2025-05-01,internet_men,1.0,0.091
Luxembourg,LUX,2025-05-01,internet_men,1.0,0.088
Latvia,LVA,2025-05-01,internet_men,0.969,0.091
Macao,MAC,2025-05-01,internet_men,0.863,0.082
Saint Martin (French part),MAF,2025-05-01,internet_men,0.902,0.088
Morocco,MAR,2025-05-01,internet_men,0.951,0.076
Monaco,MCO,2025-05-01,internet_men,1.0,0.088
"Moldova, Republic of",MDA,2025-05-01,internet_men,0.843,0.092
Madagascar,MDG,2025-05-01,internet_men,0.459,0.084
Maldives,MDV,2025-05-01,internet_men,0.885,0.087
Mexico,MEX,2025-05-01,internet_men,0.965,0.087
Marshall Islands,MHL,2025-05-01,internet_men,0.804,0.084
North Macedonia,MKD,2025-05-01,internet_men,0.938,0.084
Mali,MLI,2025-05-01,internet_men,0.427,0.074
Malta,MLT,2025-05-01,internet_men,1.0,0.087
Myanmar,MMR,2025-05-01,internet_men,0.592,0.084
Montenegro,MNE,2025-05-01,internet_men,1.0,0.087
Mongolia,MNG,2025-05-01,internet_men,0.921,0.092
Northern Mariana Islands,MNP,2025-05-01,internet_men,0.639,0.085
Mozambique,MOZ,2025-05-01,internet_men,0.462,0.083
Mauritania,MRT,2025-05-01,internet_men,0.766,0.078
Montserrat,MSR,2025-05-01,internet_men,0.812,0.088
Martinique,MTQ,2025-05-01,internet_men,0.885,0.088
Mauritius,MUS,2025-05-01,internet_men,0.969,0.087
Malawi,MWI,2025-05-01,internet_men,0.487,0.082
Malaysia,MYS,2025-05-01,internet_men,1.0,0.087
Namibia,NAM,2025-05-01,internet_men,0.714,0.089
New Caledonia,NCL,2025-05-01,internet_men,0.85,0.085
Niger,NER,2025-05-01,internet_men,0.268,0.073
Nigeria,NGA,2025-05-01,internet_men,0.586,0.079
Nicaragua,NIC,2025-05-01,internet_men,0.806,0.084
Niue,NIU,2025-05-01,internet_men,1.0,0.085
Netherlands,NLD,2025-05-01,internet_men,1.0,0.085
Norway,NOR,2025-05-01,internet_men,1.0,0.088
Nepal,NPL,2025-05-01,internet_men,0.795,0.079
Nauru,NRU,2025-05-01,internet_men,0.9,0.092
New Zealand,NZL,2025-05-01,internet_men,1.0,0.086
Oman,OMN,2025-05-01,internet_men,1.0,0.083
Pakistan,PAK,2025-05-01,internet_men,0.733,0.074
Panama,PAN,2025-05-01,internet_men,0.967,0.09
Peru,PER,2025-05-01,internet_men,0.972,0.085
Philippines,PHL,2025-05-01,internet_men,0.825,0.086
Palau,PLW,2025-05-01,internet_men,1.0,0.09
Papua New Guinea,PNG,2025-05-01,internet_men,0.604,0.082
Poland,POL,2025-05-01,internet_men,0.966,0.09
Puerto Rico,PRI,2025-05-01,internet_men,0.931,0.088
Portugal,PRT,2025-05-01,internet_men,1.0,0.089
Paraguay,PRY,2025-05-01,internet_men,0.885,0.088
"Palestine, State of",PSE,2025-05-01,internet_men,0.843,0.078
French Polynesia,PYF,2025-05-01,internet_men,0.793,0.085
Qatar,QAT,2025-05-01,internet_men,1.0,0.091
Romania,ROU,2025-05-01,internet_men,0.942,0.087
Rwanda,RWA,2025-05-01,internet_men,0.518,0.082
Saudi Arabia,SAU,2025-05-01,internet_men,1.0,0.083
Senegal,SEN,2025-05-01,internet_men,0.642,0.082
Singapore,SGP,2025-05-01,internet_men,1.0,0.088
"Saint Helena, Ascension and Tristan da Cunha",SHN,2025-05-01,internet_men,0.517,0.081
Solomon Islands,SLB,2025-05-01,internet_men,0.624,0.085
Sierra Leone,SLE,2025-05-01,internet_men,0.418,0.079
El Salvador,SLV,2025-05-01,internet_men,0.854,0.086
San Marino,SMR,2025-05-01,internet_men,0.943,0.086
Somalia,SOM,2025-05-01,internet_men,0.329,0.068
Serbia,SRB,2025-05-01,internet_men,0.912,0.088
South Sudan,SSD,2025-05-01,internet_men,0.404,0.081
Sao Tome and Principe,STP,2025-05-01,internet_men,0.677,0.081
Suriname,SUR,2025-05-01,internet_men,0.853,0.088
Slovakia,SVK,2025-05-01,internet_men,0.95,0.089
Slovenia,SVN,2025-05-01,internet_men,1.0,0.089
Sweden,SWE,2025-05-01,internet_men,1.0,0.087
Eswatini,SWZ,2025-05-01,internet_men,0.761,0.088
Sint Maarten (Dutch part),SXM,2025-05-01,internet_men,0.975,0.088
Seychelles,SYC,2025-05-01,internet_men,0.928,0.095
Turks and Caicos Islands,TCA,2025-05-01,internet_men,1.0,0.088
Chad,TCD,2025-05-01,internet_men,0.3,0.069
Togo,TGO,2025-05-01,internet_men,0.504,0.075
Thailand,THA,2025-05-01,internet_men,0.95,0.09
Tajikistan,TJK,2025-05-01,internet_men,0.578,0.082
Turkmenistan,TKM,2025-05-01,internet_men,0.662,0.082
Timor-Leste,TLS,2025-05-01,internet_men,0.74,0.08
Tonga,TON,2025-05-01,internet_men,0.926,0.089
Trinidad and Tobago,TTO,2025-05-01,internet_men,0.937,0.088
Tunisia,TUN,2025-05-01,internet_men,0.907,0.083
Türkiye,TUR,2025-05-01,internet_men,1.0,0.084
Tuvalu,TUV,2025-05-01,internet_men,0.714,0.087
"Taiwan, Province of China",TWN,2025-05-01,internet_men,0.851,0.082
"Tanzania, United Republic of",TZA,2025-05-01,internet_men,0.537,0.084
Uganda,UGA,2025-05-01,internet_men,0.468,0.08
Ukraine,UKR,2025-05-01,internet_men,0.752,0.091
Uruguay,URY,2025-05-01,internet_men,0.957,0.091
United States,USA,2025-05-01,internet_men,1.0,0.089
Uzbekistan,UZB,2025-05-01,internet_men,0.645,0.082
Saint Vincent and the Grenadines,VCT,2025-05-01,internet_men,0.844,0.088
"Venezuela, Bolivarian Republic of",VEN,2025-05-01,internet_men,0.82,0.089
"Virgin Islands, British",VGB,2025-05-01,internet_men,0.935,0.088
"Virgin Islands, U.S.",VIR,2025-05-01,internet_men,0.871,0.088
Viet Nam,VNM,2025-05-01,internet_men,0.902,0.09
Vanuatu,VUT,2025-05-01,internet_men,0.708,0.083
Samoa,WSM,2025-05-01,internet_men,0.767,0.086
Kosovo,XKX,2025-05-01,internet_men,1.0,0.088
Yemen,YEM,2025-05-01,internet_men,0.264,0.041
South Africa,ZAF,2025-05-01,internet_men,0.84,0.088
Zambia,ZMB,2025-05-01,internet_men,0.602,0.083
Zimbabwe,ZWE,2025-05-01,internet_men,0.586,0.083
Aruba,ABW,2025-05-01,mobile_fm_ratio,1.0,0.066
Afghanistan,AFG,2025-05-01,mobile_fm_ratio,0.518,0.041
Angola,AGO,2025-05-01,mobile_fm_ratio,0.876,0.06
Albania,ALB,2025-05-01,mobile_fm_ratio,1.0,0.065
Andorra,AND,2025-05-01,mobile_fm_ratio,1.0,0.066
United Arab Emirates,ARE,2025-05-01,mobile_fm_ratio,1.0,0.066
Argentina,ARG,2025-05-01,mobile_fm_ratio,1.0,0.066
Armenia,ARM,2025-05-01,mobile_fm_ratio,1.0,0.068
American Samoa,ASM,2025-05-01,mobile_fm_ratio,1.0,0.064
Antigua and Barbuda,ATG,2025-05-01,mobile_fm_ratio,1.0,0.066
Australia,AUS,2025-05-01,mobile_fm_ratio,1.0,0.065
Austria,AUT,2025-05-01,mobile_fm_ratio,1.0,0.065
Azerbaijan,AZE,2025-05-01,mobile_fm_ratio,0.909,0.064
Burundi,BDI,2025-05-01,mobile_fm_ratio,0.81,0.062
Belgium,BEL,2025-05-01,mobile_fm_ratio,1.0,0.065
Benin,BEN,2025-05-01,mobile_fm_ratio,0.821,0.057
Burkina Faso,BFA,2025-05-01,mobile_fm_ratio,0.83,0.059
Bangladesh,BGD,2025-05-01,mobile_fm_ratio,0.971,0.061
Bulgaria,BGR,2025-05-01,mobile_fm_ratio,1.0,0.066
Bahrain,BHR,2025-05-01,mobile_fm_ratio,1.0,0.062
Bahamas,BHS,2025-05-01,mobile_fm_ratio,1.0,0.067
Bosnia and Herzegovina,BIH,2025-05-01,mobile_fm_ratio,0.99,0.063
Belarus,BLR,2025-05-01,mobile_fm_ratio,1.0,0.067
Belize,BLZ,2025-05-01,mobile_fm_ratio,1.0,0.065
Bermuda,BMU,2025-05-01,mobile_fm_ratio,1.0,0.066
"Bolivia, Plurinational State of",BOL,2025-05-01,mobile_fm_ratio,1.0,0.064
Brazil,BRA,2025-05-01,mobile_fm_ratio,1.0,0.067
Barbados,BRB,2025-05-01,mobile_fm_ratio,1.0,0.069
Brunei Darussalam,BRN,2025-05-01,mobile_fm_ratio,1.0,0.065
Bhutan,BTN,2025-05-01,mobile_fm_ratio,0.998,0.065
Botswana,BWA,2025-05-01,mobile_fm_ratio,1.0,0.066
Central African Republic,CAF,2025-05-01,mobile_fm_ratio,0.748,0.061
Canada,CAN,2025-05-01,mobile_fm_ratio,1.0,0.066
Switzerland,CHE,2025-05-01,mobile_fm_ratio,1.0,0.065
Chile,CHL,2025-05-01,mobile_fm_ratio,1.0,0.065
Côte d'Ivoire,CIV,2025-05-01,mobile_fm_ratio,0.878,0.057
Cameroon,CMR,2025-05-01,mobile_fm_ratio,0.886,0.06
"Congo, The Democratic Republic of the",COD,2025-05-01,mobile_fm_ratio,0.785,0.059
Congo,COG,2025-05-01,mobile_fm_ratio,0.893,0.061
Colombia,COL,2025-05-01,mobile_fm_ratio,1.0,0.066
Comoros,COM,2025-05-01,mobile_fm_ratio,0.93,0.061
Cabo Verde,CPV,2025-05-01,mobile_fm_ratio,1.0,0.065
Costa Rica,CRI,2025-05-01,mobile_fm_ratio,1.0,0.066
Curaçao,CUW,2025-05-01,mobile_fm_ratio,1.0,0.066
Cayman Islands,CYM,2025-05-01,mobile_fm_ratio,1.0,0.066
Cyprus,CYP,2025-05-01,mobile_fm_ratio,1.0,0.065
Czechia,CZE,2025-05-01,mobile_fm_ratio,1.0,0.066
Germany,DEU,2025-05-01,mobile_fm_ratio,1.0,0.064
Djibouti,DJI,2025-05-01,mobile_fm_ratio,0.757,0.056
Dominica,DMA,2025-05-01,mobile_fm_ratio,1.0,0.066
Denmark,DNK,2025-05-01,mobile_fm_ratio,1.0,0.065
Dominican Republic,DOM,2025-05-01,mobile_fm_ratio,1.0,0.069
Algeria,DZA,2025-05-01,mobile_fm_ratio,0.982,0.059
Ecuador,ECU,2025-05-01,mobile_fm_ratio,1.0,0.066
Egypt,EGY,2025-05-01,mobile_fm_ratio,0.966,0.059
Eritrea,ERI,2025-05-01,mobile_fm_ratio,0.768,0.061
Spain,ESP,2025-05-01,mobile_fm_ratio,1.0,0.066
Estonia,EST,2025-05-01,mobile_fm_ratio,1.0,0.068
Ethiopia,ETH,2025-05-01,mobile_fm_ratio,0.799,0.061
Finland,FIN,2025-05-01,mobile_fm_ratio,1.0,0.066
Fiji,FJI,2025-05-01,mobile_fm_ratio,1.0,0.063
France,FRA,2025-05-01,mobile_fm_ratio,1.0,0.066
Faroe Islands,FRO,2025-05-01,mobile_fm_ratio,1.0,0.066
"Micronesia, Federated States of",FSM,2025-05-01,mobile_fm_ratio,0.975,0.063
Gabon,GAB,2025-05-01,mobile_fm_ratio,1.0,0.065
United Kingdom,GBR,2025-05-01,mobile_fm_ratio,1.0,0.065
Georgia,GEO,2025-05-01,mobile_fm_ratio,1.0,0.067
Ghana,GHA,2025-05-01,mobile_fm_ratio,0.928,0.062
Gibraltar,GIB,2025-05-01,mobile_fm_ratio,1.0,0.066
Guinea,GIN,2025-05-01,mobile_fm_ratio,0.813,0.055
Gambia,GMB,2025-05-01,mobile_fm_ratio,0.896,0.063
Guinea-Bissau,GNB,2025-05-01,mobile_fm_ratio,0.809,0.057
Equatorial Guinea,GNQ,2025-05-01,mobile_fm_ratio,0.893,0.061
Greece,GRC,2025-05-01,mobile_fm_ratio,1.0,0.065
Grenada,GRD,2025-05-01,mobile_fm_ratio,1.0,0.065
Greenland,GRL,2025-05-01,mobile_fm_ratio,1.0,0.066
Guatemala,GTM,2025-05-01,mobile_fm_ratio,0.977,0.062
Guam,GUM,2025-05-01,mobile_fm_ratio,1.0,0.064
Guyana,GUY,2025-05-01,mobile_fm_ratio,1.0,0.066
Hong Kong,HKG,2025-05-01,mobile_fm_ratio,1.0,0.065
Honduras,HND,2025-05-01,mobile_fm_ratio,0.996,0.065
Croatia,HRV,2025-05-01,mobile_fm_ratio,1.0,0.066
Haiti,HTI,2025-05-01,mobile_fm_ratio,0.924,0.062
Hungary,HUN,2025-05-01,mobile_fm_ratio,1.0,0.066
Indonesia,IDN,2025-05-01,mobile_fm_ratio,0.99,0.063
Isle of Man,IMN,2025-05-01,mobile_fm_ratio,1.0,0.066
India,IND,2025-05-01,mobile_fm_ratio,0.859,0.057
Ireland,IRL,2025-05-01,mobile_fm_ratio,1.0,0.066
Iraq,IRQ,2025-05-01,mobile_fm_ratio,1.0,0.052
Iceland,ISL,2025-05-01,mobile_fm_ratio,1.0,0.065
Israel,ISR,2025-05-01,mobile_fm_ratio,1.0,0.066
Italy,ITA,2025-05-01,mobile_fm_ratio,1.0,0.065
Jamaica,JAM,2025-05-01,mobile_fm_ratio,1.0,0.068
Jordan,JOR,2025-05-01,mobile_fm_ratio,0.921,0.058
Japan,JPN,2025-05-01,mobile_fm_ratio,0.961,0.065
Kazakhstan,KAZ,2025-05-01,mobile_fm_ratio,1.0,0.066
Kenya,KEN,2025-05-01,mobile_fm_ratio,0.96,0.063
Kyrgyzstan,KGZ,2025-05-01,mobile_fm_ratio,0.948,0.065
Cambodia,KHM,2025-05-01,mobile_fm_ratio,1.0,0.062
Kiribati,KIR,2025-05-01,mobile_fm_ratio,0.872,0.057
Saint Kitts and Nevis,KNA,2025-05-01,mobile_fm_ratio,1.0,0.066
"Korea, Republic of",KOR,2025-05-01,mobile_fm_ratio,0.915,0.063
Kuwait,KWT,2025-05-01,mobile_fm_ratio,1.0,0.068
Lao People's Democratic Republic,LAO,2025-05-01,mobile_fm_ratio,0.974,0.061
Lebanon,LBN,2025-05-01,mobile_fm_ratio,1.0,0.062
Liberia,LBR,2025-05-01,mobile_fm_ratio,0.833,0.057
Libya,LBY,2025-05-01,mobile_fm_ratio,1.0,0.066
Saint Lucia,LCA,2025-05-01,mobile_fm_ratio,1.0,0.067
Liechtenstein,LIE,2025-05-01,mobile_fm_ratio,1.0,0.063
Sri Lanka,LKA,2025-05-01,mobile_fm_ratio,0.979,0.063
Lesotho,LSO,2025-05-01,mobile_fm_ratio,0.995,0.067
Lithuania,LTU,2025-05-01,mobile_fm_ratio,1.0,0.068
Luxembourg,LUX,2025-05-01,mobile_fm_ratio,1.0,0.066
Latvia,LVA,2025-05-01,mobile_fm_ratio,1.0,0.068
Macao,MAC,2025-05-01,mobile_fm_ratio,0.986,0.062
Saint Martin (French part),MAF,2025-05-01,mobile_fm_ratio,1.0,0.066
Morocco,MAR,2025-05-01,mobile_fm_ratio,0.968,0.057
Monaco,MCO,2025-05-01,mobile_fm_ratio,1.0,0.066
"Moldova, Republic of",MDA,2025-05-01,mobile_fm_ratio,1.0,0.069
Madagascar,MDG,2025-05-01,mobile_fm_ratio,0.899,0.063
Maldives,MDV,2025-05-01,mobile_fm_ratio,1.0,0.065
Mexico,MEX,2025-05-01,mobile_fm_ratio,1.0,0.065
Marshall Islands,MHL,2025-05-01,mobile_fm_ratio,0.982,0.063
North Macedonia,MKD,2025-05-01,mobile_fm_ratio,1.0,0.063
Mali,MLI,2025-05-01,mobile_fm_ratio,0.721,0.055
Malta,MLT,2025-05-01,mobile_fm_ratio,1.0,0.065
Myanmar,MMR,2025-05-01,mobile_fm_ratio,0.934,0.063
Montenegro,MNE,2025-05-01,mobile_fm_ratio,1.0,0.065
Mongolia,MNG,2025-05-01,mobile_fm_ratio,1.0,0.069
Northern Mariana Islands,MNP,2025-05-01,mobile_fm_ratio,0.983,0.064
Mozambique,MOZ,2025-05-01,mobile_fm_ratio,0.85,0.062
Mauritania,MRT,2025-05-01,mobile_fm_ratio,0.925,0.058
Montserrat,MSR,2025-05-01,mobile_fm_ratio,1.0,0.066
Martinique,MTQ,2025-05-01,mobile_fm_ratio,1.0,0.066
Mauritius,MUS,2025-05-01,mobile_fm_ratio,1.0,0.065
Malawi,MWI,2025-05-01,mobile_fm_ratio,0.828,0.062
Malaysia,MYS,2025-05-01,mobile_fm_ratio,1.0,0.065
Namibia,NAM,2025-05-01,mobile_fm_ratio,1.0,0.067
New Caledonia,NCL,2025-05-01,mobile_fm_ratio,1.0,0.064
Niger,NER,2025-05-01,mobile_fm_ratio,0.614,0.055
Nigeria,NGA,2025-05-01,mobile_fm_ratio,0.867,0.059
Nicaragua,NIC,2025-05-01,mobile_fm_ratio,0.998,0.063
Niue,NIU,2025-05-01,mobile_fm_ratio,1.0,0.064
Netherlands,NLD,2025-05-01,mobile_fm_ratio,1.0,0.064
Norway,NOR,2025-05-01,mobile_fm_ratio,1.0,0.066
Nepal,NPL,2025-05-01,mobile_fm_ratio,0.954,0.059
Nauru,NRU,2025-05-01,mobile_fm_ratio,1.0,0.069
New Zealand,NZL,2025-05-01,mobile_fm_ratio,1.0,0.065
Oman,OMN,2025-05-01,mobile_fm_ratio,0.988,0.062
Pakistan,PAK,2025-05-01,mobile_fm_ratio,0.838,0.056
Panama,PAN,2025-05-01,mobile_fm_ratio,1.0,0.068
Peru,PER,2025-05-01,mobile_fm_ratio,1.0,0.063
Philippines,PHL,2025-05-01,mobile_fm_ratio,1.0,0.064
Palau,PLW,2025-05-01,mobile_fm_ratio,1.0,0.067
Papua New Guinea,PNG,2025-05-01,mobile_fm_ratio,0.872,0.062
Poland,POL,2025-05-01,mobile_fm_ratio,1.0,0.067
Puerto Rico,PRI,2025-05-01,mobile_fm_ratio,1.0,0.066
Portugal,PRT,2025-05-01,mobile_fm_ratio,1.0,0.066
Paraguay,PRY,2025-05-01,mobile_fm_ratio,1.0,0.066
"Palestine, State of",PSE,2025-05-01,mobile_fm_ratio,0.944,0.059
French Polynesia,PYF,2025-05-01,mobile_fm_ratio,1.0,0.064
Qatar,QAT,2025-05-01,mobile_fm_ratio,1.0,0.068
Romania,ROU,2025-05-01,mobile_fm_ratio,1.0,0.065
Rwanda,RWA,2025-05-01,mobile_fm_ratio,0.828,0.061
Saudi Arabia,SAU,2025-05-01,mobile_fm_ratio,1.0,0.062
Senegal,SEN,2025-05-01,mobile_fm_ratio,0.896,0.062
Singapore,SGP,2025-05-01,mobile_fm_ratio,1.0,0.066
"Saint Helena, Ascension and Tristan da Cunha",SHN,2025-05-01,mobile_fm_ratio,0.936,0.061
Solomon Islands,SLB,2025-05-01,mobile_fm_ratio,0.958,0.064
Sierra Leone,SLE,2025-05-01,mobile_fm_ratio,0.836,0.059
El Salvador,SLV,2025-05-01,mobile_fm_ratio,1.0,0.065
San Marino,SMR,2025-05-01,mobile_fm_ratio,1.0,0.064
Somalia,SOM,2025-05-01,mobile_fm_ratio,0.729,0.051
Serbia,SRB,2025-05-01,mobile_fm_ratio,1.0,0.066
South Sudan,SSD,2025-05-01,mobile_fm_ratio,0.779,0.061
Sao Tome and Principe,STP,2025-05-01,mobile_fm_ratio,0.931,0.061
Suriname,SUR,2025-05-01,mobile_fm_ratio,1.0,0.066
Slovakia,SVK,2025-05-01,mobile_fm_ratio,1.0,0.067
Slovenia,SVN,2025-05-01,mobile_fm_ratio,1.0,0.067
Sweden,SWE,2025-05-01,mobile_fm_ratio,1.0,0.065
Eswatini,SWZ,2025-05-01,mobile_fm_ratio,1.0,0.066
Sint Maarten (Dutch part),SXM,2025-05-01,mobile_fm_ratio,1.0,0.066
Seychelles,SYC,2025-05-01,mobile_fm_ratio,1.0,0.071
Turks and Caicos Islands,TCA,2025-05-01,mobile_fm_ratio,1.0,0.066
Chad,TCD,2025-05-01,mobile_fm_ratio,0.614,0.052
Togo,TGO,2025-05-01,mobile_fm_ratio,0.752,0.057
Thailand,THA,2025-05-01,mobile_fm_ratio,1.0,0.067
Tajikistan,TJK,2025-05-01,mobile_fm_ratio,0.76,0.061
Turkmenistan,TKM,2025-05-01,mobile_fm_ratio,0.821,0.062
Timor-Leste,TLS,2025-05-01,mobile_fm_ratio,0.956,0.06
Tonga,TON,2025-05-01,mobile_fm_ratio,1.0,0.066
Trinidad and Tobago,TTO,2025-05-01,mobile_fm_ratio,1.0,0.066
Tunisia,TUN,2025-05-01,mobile_fm_ratio,1.0,0.062
Türkiye,TUR,2025-05-01,mobile_fm_ratio,1.0,0.063
Tuvalu,TUV,2025-05-01,mobile_fm_ratio,1.0,0.065
"Taiwan, Province of China",TWN,2025-05-01,mobile_fm_ratio,0.985,0.062
"Tanzania, United Republic of",TZA,2025-05-01,mobile_fm_ratio,0.871,0.063
Uganda,UGA,2025-05-01,mobile_fm_ratio,0.779,0.06
Ukraine,UKR,2025-05-01,mobile_fm_ratio,1.0,0.068
Uruguay,URY,2025-05-01,mobile_fm_ratio,1.0,0.068
United States,USA,2025-05-01,mobile_fm_ratio,1.0,0.067
Uzbekistan,UZB,2025-05-01,mobile_fm_ratio,0.806,0.062
Saint Vincent and the Grenadines,VCT,2025-05-01,mobile_fm_ratio,1.0,0.066
"Venezuela, Bolivarian Republic of",VEN,2025-05-01,mobile_fm_ratio,1.0,0.067
"Virgin Islands, British",VGB,2025-05-01,mobile_fm_ratio,1.0,0.066
"Virgin Islands, U.S.",VIR,2025-05-01,mobile_fm_ratio,1.0,0.066
Viet Nam,VNM,2025-05-01,mobile_fm_ratio,1.0,0.067
Vanuatu,VUT,2025-05-01,mobile_fm_ratio,0.967,0.062
Samoa,WSM,2025-05-01,mobile_fm_ratio,0.995,0.065
Kosovo,XKX,2025-05-01,mobile_fm_ratio,1.0,0.066
Yemen,YEM,2025-05-01,mobile_fm_ratio,0.347,0.03
South Africa,ZAF,2025-05-01,mobile_fm_ratio,1.0,0.066
Zambia,ZMB,2025-05-01,mobile_fm_ratio,0.909,0.062
Zimbabwe,ZWE,2025-05-01,mobile_fm_ratio,0.892,0.062
Aruba,ABW,2025-05-01,mobile_women,1.0,0.086
Afghanistan,AFG,2025-05-01,mobile_women,0.444,0.054
Angola,AGO,2025-05-01,mobile_women,0.76,0.079
Albania,ALB,2025-05-01,mobile_women,1.0,0.085
Andorra,AND,2025-05-01,mobile_women,1.0,0.086
United Arab Emirates,ARE,2025-05-01,mobile_women,1.0,0.086
Argentina,ARG,2025-05-01,mobile_women,0.934,0.087
Armenia,ARM,2025-05-01,mobile_women,0.986,0.089
American Samoa,ASM,2025-05-01,mobile_women,0.913,0.084
Antigua and Barbuda,ATG,2025-05-01,mobile_women,1.0,0.086
Australia,AUS,2025-05-01,mobile_women,1.0,0.085
Austria,AUT,2025-05-01,mobile_women,1.0,0.085
Azerbaijan,AZE,2025-05-01,mobile_women,0.852,0.084
Burundi,BDI,2025-05-01,mobile_women,0.518,0.081
Belgium,BEL,2025-05-01,mobile_women,1.0,0.085
Benin,BEN,2025-05-01,mobile_women,0.701,0.074
Burkina Faso,BFA,2025-05-01,mobile_women,0.711,0.077
Bangladesh,BGD,2025-05-01,mobile_women,0.958,0.08
Bulgaria,BGR,2025-05-01,mobile_women,0.963,0.087
Bahrain,BHR,2025-05-01,mobile_women,1.0,0.082
Bahamas,BHS,2025-05-01,mobile_women,1.0,0.088
Bosnia and Herzegovina,BIH,2025-05-01,mobile_women,0.91,0.083
Belarus,BLR,2025-05-01,mobile_women,0.952,0.087
Belize,BLZ,2025-05-01,mobile_women,0.866,0.086
Bermuda,BMU,2025-05-01,mobile_women,1.0,0.086
"Bolivia, Plurinational State of",BOL,2025-05-01,mobile_women,0.904,0.084
Brazil,BRA,2025-05-01,mobile_women,0.884,0.087
Barbados,BRB,2025-05-01,mobile_women,1.0,0.09
Brunei Darussalam,BRN,2025-05-01,mobile_women,1.0,0.086
Bhutan,BTN,2025-05-01,mobile_women,0.801,0.085
Botswana,BWA,2025-05-01,mobile_women,0.924,0.087
Central African Republic,CAF,2025-05-01,mobile_women,0.48,0.08
Canada,CAN,2025-05-01,mobile_women,1.0,0.086
Switzerland,CHE,2025-05-01,mobile_women,1.0,0.085
Chile,CHL,2025-05-01,mobile_women,0.949,0.085
Côte d'Ivoire,CIV,2025-05-01,mobile_women,0.819,0.075
Cameroon,CMR,2025-05-01,mobile_women,0.744,0.079
"Congo, The Democratic Republic of the",COD,2025-05-01,mobile_women,0.559,0.078
Congo,COG,2025-05-01,mobile_women,0.769,0.079
Colombia,COL,2025-05-01,mobile_women,0.92,0.087
Comoros,COM,2025-05-01,mobile_women,0.794,0.08
Cabo Verde,CPV,2025-05-01,mobile_women,0.838,0.086
Costa Rica,CRI,2025-05-01,mobile_women,0.984,0.087
Curaçao,CUW,2025-05-01,mobile_women,0.951,0.086
Cayman Islands,CYM,2025-05-01,mobile_women,1.0,0.086
Cyprus,CYP,2025-05-01,mobile_women,1.0,0.085
Czechia,CZE,2025-05-01,mobile_women,0.981,0.086
Germany,DEU,2025-05-01,mobile_women,1.0,0.084
Djibouti,DJI,2025-05-01,mobile_women,0.642,0.074
Dominica,DMA,2025-05-01,mobile_women,0.891,0.086
Denmark,DNK,2025-05-01,mobile_women,1.0,0.086
Dominican Republic,DOM,2025-05-01,mobile_women,0.998,0.09
Algeria,DZA,2025-05-01,mobile_women,0.972,0.077
Ecuador,ECU,2025-05-01,mobile_women,0.941,0.086
Egypt,EGY,2025-05-01,mobile_women,0.969,0.077
Eritrea,ERI,2025-05-01,mobile_women,0.554,0.08
Spain,ESP,2025-05-01,mobile_women,0.993,0.086
Estonia,EST,2025-05-01,mobile_women,1.0,0.089
Ethiopia,ETH,2025-05-01,mobile_women,0.594,0.08
Finland,FIN,2025-05-01,mobile_women,1.0,0.086
Fiji,FJI,2025-05-01,mobile_women,0.905,0.082
France,FRA,2025-05-01,mobile_women,1.0,0.086
Faroe Islands,FRO,2025-05-01,mobile_women,1.0,0.086
"Micronesia, Federated States of",FSM,2025-05-01,mobile_women,0.797,0.083
Gabon,GAB,2025-05-01,mobile_women,0.959,0.086
United Kingdom,GBR,2025-05-01,mobile_women,1.0,0.085
Georgia,GEO,2025-05-01,mobile_women,0.981,0.088
Ghana,GHA,2025-05-01,mobile_women,0.799,0.081
Gibraltar,GIB,2025-05-01,mobile_women,0.989,0.086
Guinea,GIN,2025-05-01,mobile_women,0.71,0.071
Gambia,GMB,2025-05-01,mobile_women,0.747,0.082
Guinea-Bissau,GNB,2025-05-01,mobile_women,0.64,0.075
Equatorial Guinea,GNQ,2025-05-01,mobile_women,0.795,0.08
Greece,GRC,2025-05-01,mobile_women,1.0,0.085
Grenada,GRD,2025-05-01,mobile_women,0.906,0.085
Greenland,GRL,2025-05-01,mobile_women,1.0,0.086
Guatemala,GTM,2025-05-01,mobile_women,0.863,0.081
Guam,GUM,2025-05-01,mobile_women,1.0,0.084
Guyana,GUY,2025-05-01,mobile_women,1.0,0.087
Hong Kong,HKG,2025-05-01,mobile_women,1.0,0.085
Honduras,HND,2025-05-01,mobile_women,0.79,0.085
Croatia,HRV,2025-05-01,mobile_women,1.0,0.087
Haiti,HTI,2025-05-01,mobile_women,0.738,0.081
Hungary,HUN,2025-05-01,mobile_women,0.959,0.086
Indonesia,IDN,2025-05-01,mobile_women,0.94,0.082
Isle of Man,IMN,2025-05-01,mobile_women,1.0,0.086
India,IND,2025-05-01,mobile_women,0.855,0.074
Ireland,IRL,2025-05-01,mobile_women,1.0,0.086
Iraq,IRQ,2025-05-01,mobile_women,1.0,0.069
Iceland,ISL,2025-05-01,mobile_women,1.0,0.085
Israel,ISR,2025-05-01,mobile_women,1.0,0.086
Italy,ITA,2025-05-01,mobile_women,1.0,0.085
Jamaica,JAM,2025-05-01,mobile_women,0.881,0.089
Jordan,JOR,2025-05-01,mobile_women,0.85,0.075
Japan,JPN,2025-05-01,mobile_women,0.948,0.084
Kazakhstan,KAZ,2025-05-01,mobile_women,0.917,0.087
Kenya,KEN,2025-05-01,mobile_women,0.821,0.083
Kyrgyzstan,KGZ,2025-05-01,mobile_women,0.737,0.085
Cambodia,KHM,2025-05-01,mobile_women,0.974,0.081
Kiribati,KIR,2025-05-01,mobile_women,0.719,0.074
Saint Kitts and Nevis,KNA,2025-05-01,mobile_women,0.984,0.086
"Korea, Republic of",KOR,2025-05-01,mobile_women,0.922,0.083
Kuwait,KWT,2025-05-01,mobile_women,1.0,0.088
Lao People's Democratic Republic,LAO,2025-05-01,mobile_women,0.837,0.08
Lebanon,LBN,2025-05-01,mobile_women,1.0,0.081
Liberia,LBR,2025-05-01,mobile_women,0.625,0.075
Libya,LBY,2025-05-01,mobile_women,1.0,0.086
Saint Lucia,LCA,2025-05-01,mobile_women,0.944,0.088
Liechtenstein,LIE,2025-05-01,mobile_women,1.0,0.083
Sri Lanka,LKA,2025-05-01,mobile_women,0.915,0.083
Lesotho,LSO,2025-05-01,mobile_women,0.73,0.087
Lithuania,LTU,2025-05-01,mobile_women,1.0,0.09
Luxembourg,LUX,2025-05-01,mobile_women,1.0,0.087
Latvia,LVA,2025-05-01,mobile_women,0.989,0.089
Macao,MAC,2025-05-01,mobile_women,0.987,0.081
Saint Martin (French part),MAF,2025-05-01,mobile_women,0.986,0.086
Morocco,MAR,2025-05-01,mobile_women,1.0,0.074
Monaco,MCO,2025-05-01,mobile_women,1.0,0.086
"Moldova, Republic of",MDA,2025-05-01,mobile_women,0.892,0.09
Madagascar,MDG,2025-05-01,mobile_women,0.625,0.082
Maldives,MDV,2025-05-01,mobile_women,0.907,0.085
Mexico,MEX,2025-05-01,mobile_women,0.97,0.085
Marshall Islands,MHL,2025-05-01,mobile_women,0.813,0.082
North Macedonia,MKD,2025-05-01,mobile_women,0.972,0.083
Mali,MLI,2025-05-01,mobile_women,0.589,0.072
Malta,MLT,2025-05-01,mobile_women,1.0,0.085
Myanmar,MMR,2025-05-01,mobile_women,0.705,0.082
Montenegro,MNE,2025-05-01,mobile_women,1.0,0.085
Mongolia,MNG,2025-05-01,mobile_women,0.894,0.09
Northern Mariana Islands,MNP,2025-05-01,mobile_women,0.717,0.084
Mozambique,MOZ,2025-05-01,mobile_women,0.616,0.081
Mauritania,MRT,2025-05-01,mobile_women,0.916,0.076
Montserrat,MSR,2025-05-01,mobile_women,0.91,0.086
Martinique,MTQ,2025-05-01,mobile_women,0.971,0.086
Mauritius,MUS,2025-05-01,mobile_women,0.982,0.085
Malawi,MWI,2025-05-01,mobile_women,0.603,0.081
Malaysia,MYS,2025-05-01,mobile_women,1.0,0.085
Namibia,NAM,2025-05-01,mobile_women,0.871,0.088
New Caledonia,NCL,2025-05-01,mobile_women,0.981,0.084
Niger,NER,2025-05-01,mobile_women,0.389,0.072
Nigeria,NGA,2025-05-01,mobile_women,0.735,0.077
Nicaragua,NIC,2025-05-01,mobile_women,0.842,0.083
Niue,NIU,2025-05-01,mobile_women,1.0,0.084
Netherlands,NLD,2025-05-01,mobile_women,1.0,0.084
Norway,NOR,2025-05-01,mobile_women,1.0,0.086
Nepal,NPL,2025-05-01,mobile_women,0.88,0.077
Nauru,NRU,2025-05-01,mobile_women,0.955,0.09
New Zealand,NZL,2025-05-01,mobile_women,1.0,0.085
Oman,OMN,2025-05-01,mobile_women,1.0,0.082
Pakistan,PAK,2025-05-01,mobile_women,0.86,0.073
Panama,PAN,2025-05-01,mobile_women,1.0,0.089
Peru,PER,2025-05-01,mobile_women,0.975,0.083
Philippines,PHL,2025-05-01,mobile_women,0.796,0.084
Palau,PLW,2025-05-01,mobile_women,0.992,0.088
Papua New Guinea,PNG,2025-05-01,mobile_women,0.747,0.081
Poland,POL,2025-05-01,mobile_women,0.976,0.088
Puerto Rico,PRI,2025-05-01,mobile_women,1.0,0.086
Portugal,PRT,2025-05-01,mobile_women,1.0,0.087
Paraguay,PRY,2025-05-01,mobile_women,0.925,0.087
"Palestine, State of",PSE,2025-05-01,mobile_women,0.873,0.077
French Polynesia,PYF,2025-05-01,mobile_women,0.887,0.084
Qatar,QAT,2025-05-01,mobile_women,1.0,0.09
Romania,ROU,2025-05-01,mobile_women,0.97,0.086
Rwanda,RWA,2025-05-01,mobile_women,0.623,0.08
Saudi Arabia,SAU,2025-05-01,mobile_women,1.0,0.081
Senegal,SEN,2025-05-01,mobile_women,0.79,0.081
Singapore,SGP,2025-05-01,mobile_women,1.0,0.086
"Saint Helena, Ascension and Tristan da Cunha",SHN,2025-05-01,mobile_women,0.684,0.08
Solomon Islands,SLB,2025-05-01,mobile_women,0.78,0.084
Sierra Leone,SLE,2025-05-01,mobile_women,0.586,0.077
El Salvador,SLV,2025-05-01,mobile_women,0.915,0.085
San Marino,SMR,2025-05-01,mobile_women,1.0,0.084
Somalia,SOM,2025-05-01,mobile_women,0.541,0.067
Serbia,SRB,2025-05-01,mobile_women,0.943,0.086
South Sudan,SSD,2025-05-01,mobile_women,0.602,0.08
Sao Tome and Principe,STP,2025-05-01,mobile_women,0.783,0.08
Suriname,SUR,2025-05-01,mobile_women,0.92,0.086
Slovakia,SVK,2025-05-01,mobile_women,0.983,0.087
Slovenia,SVN,2025-05-01,mobile_women,1.0,0.087
Sweden,SWE,2025-05-01,mobile_women,1.0,0.086
Eswatini,SWZ,2025-05-01,mobile_women,0.887,0.086
Sint Maarten (Dutch part),SXM,2025-05-01,mobile_women,1.0,0.086
Seychelles,SYC,2025-05-01,mobile_women,0.963,0.093
Turks and Caicos Islands,TCA,2025-05-01,mobile_women,1.0,0.086
Chad,TCD,2025-05-01,mobile_women,0.445,0.068
Togo,TGO,2025-05-01,mobile_women,0.59,0.074
Thailand,THA,2025-05-01,mobile_women,0.941,0.088
Tajikistan,TJK,2025-05-01,mobile_women,0.553,0.08
Turkmenistan,TKM,2025-05-01,mobile_women,0.709,0.081
Timor-Leste,TLS,2025-05-01,mobile_women,0.862,0.079
Tonga,TON,2025-05-01,mobile_women,0.917,0.087
Trinidad and Tobago,TTO,2025-05-01,mobile_women,0.98,0.087
Tunisia,TUN,2025-05-01,mobile_women,0.927,0.081
Türkiye,TUR,2025-05-01,mobile_women,1.0,0.082
Tuvalu,TUV,2025-05-01,mobile_women,0.841,0.085
"Taiwan, Province of China",TWN,2025-05-01,mobile_women,0.879,0.081
"Tanzania, United Republic of",TZA,2025-05-01,mobile_women,0.674,0.082
Uganda,UGA,2025-05-01,mobile_women,0.563,0.078
Ukraine,UKR,2025-05-01,mobile_women,0.855,0.089
Uruguay,URY,2025-05-01,mobile_women,0.971,0.089
United States,USA,2025-05-01,mobile_women,1.0,0.088
Uzbekistan,UZB,2025-05-01,mobile_women,0.639,0.081
Saint Vincent and the Grenadines,VCT,2025-05-01,mobile_women,0.867,0.086
"Venezuela, Bolivarian Republic of",VEN,2025-05-01,mobile_women,0.899,0.087
"Virgin Islands, British",VGB,2025-05-01,mobile_women,1.0,0.086
"Virgin Islands, U.S.",VIR,2025-05-01,mobile_women,0.993,0.086
Viet Nam,VNM,2025-05-01,mobile_women,0.907,0.088
Vanuatu,VUT,2025-05-01,mobile_women,0.805,0.082
Samoa,WSM,2025-05-01,mobile_women,0.787,0.084
Kosovo,XKX,2025-05-01,mobile_women,1.0,0.086
Yemen,YEM,2025-05-01,mobile_women,0.357,0.04
South Africa,ZAF,2025-05-01,mobile_women,0.914,0.086
Zambia,ZMB,2025-05-01,mobile_women,0.73,0.081
Zimbabwe,ZWE,2025-05-01,mobile_women,0.726,0.082
Aruba,ABW,2025-05-01,mobile_men,1.0,0.078
Afghanistan,AFG,2025-05-01,mobile_men,0.891,0.049
Angola,AGO,2025-05-01,mobile_men,0.866,0.072
Albania,ALB,2025-05-01,mobile_men,1.0,0.077
Andorra,AND,2025-05-01,mobile_men,0.982,0.078
United Arab Emirates,ARE,2025-05-01,mobile_men,1.0,0.078
Argentina,ARG,2025-05-01,mobile_men,0.895,0.079
Armenia,ARM,2025-05-01,mobile_men,0.928,0.081
American Samoa,ASM,2025-05-01,mobile_men,0.908,0.076
Antigua and Barbuda,ATG,2025-05-01,mobile_men,0.982,0.078
Australia,AUS,2025-05-01,mobile_men,1.0,0.077
Austria,AUT,2025-05-01,mobile_men,1.0,0.077
Azerbaijan,AZE,2025-05-01,mobile_men,0.927,0.076
Burundi,BDI,2025-05-01,mobile_men,0.629,0.073
Belgium,BEL,2025-05-01,mobile_men,1.0,0.077
Benin,BEN,2025-05-01,mobile_men,0.866,0.067
Burkina Faso,BFA,2025-05-01,mobile_men,0.861,0.07
Bangladesh,BGD,2025-05-01,mobile_men,1.0,0.072
Bulgaria,BGR,2025-05-01,mobile_men,0.937,0.079
Bahrain,BHR,2025-05-01,mobile_men,1.0,0.074
Bahamas,BHS,2025-05-01,mobile_men,1.0,0.08
Bosnia and Herzegovina,BIH,2025-05-01,mobile_men,0.937,0.075
Belarus,BLR,2025-05-01,mobile_men,0.894,0.079
Belize,BLZ,2025-05-01,mobile_men,0.841,0.078
Bermuda,BMU,2025-05-01,mobile_men,1.0,0.078
"Bolivia, Plurinational State of",BOL,2025-05-01,mobile_men,0.895,0.076
Brazil,BRA,2025-05-01,mobile_men,0.841,0.079
Barbados,BRB,2025-05-01,mobile_men,0.943,0.081
Brunei Darussalam,BRN,2025-05-01,mobile_men,1.0,0.078
Bhutan,BTN,2025-05-01,mobile_men,0.789,0.077
Botswana,BWA,2025-05-01,mobile_men,0.886,0.079
Central African Republic,CAF,2025-05-01,mobile_men,0.632,0.072
Canada,CAN,2025-05-01,mobile_men,1.0,0.078
Switzerland,CHE,2025-05-01,mobile_men,1.0,0.077
Chile,CHL,2025-05-01,mobile_men,0.935,0.077
Côte d'Ivoire,CIV,2025-05-01,mobile_men,0.955,0.068
Cameroon,CMR,2025-05-01,mobile_men,0.845,0.071
"Congo, The Democratic Republic of the",COD,2025-05-01,mobile_men,0.707,0.07
Congo,COG,2025-05-01,mobile_men,0.862,0.072
Colombia,COL,2025-05-01,mobile_men,0.879,0.079
Comoros,COM,2025-05-01,mobile_men,0.866,0.072
Cabo Verde,CPV,2025-05-01,mobile_men,0.82,0.078
Costa Rica,CRI,2025-05-01,mobile_men,0.947,0.079
Curaçao,CUW,2025-05-01,mobile_men,0.923,0.078
Cayman Islands,CYM,2025-05-01,mobile_men,1.0,0.078
Cyprus,CYP,2025-05-01,mobile_men,1.0,0.077
Czechia,CZE,2025-05-01,mobile_men,0.954,0.078
Germany,DEU,2025-05-01,mobile_men,1.0,0.076
Djibouti,DJI,2025-05-01,mobile_men,0.838,0.067
Dominica,DMA,2025-05-01,mobile_men,0.866,0.078
Denmark,DNK,2025-05-01,mobile_men,1.0,0.078
Dominican Republic,DOM,2025-05-01,mobile_men,0.932,0.081
Algeria,DZA,2025-05-01,mobile_men,1.0,0.07
Ecuador,ECU,2025-05-01,mobile_men,0.904,0.078
Egypt,EGY,2025-05-01,mobile_men,1.0,0.07
Eritrea,ERI,2025-05-01,mobile_men,0.698,0.072
Spain,ESP,2025-05-01,mobile_men,0.968,0.078
Estonia,EST,2025-05-01,mobile_men,0.944,0.081
Ethiopia,ETH,2025-05-01,mobile_men,0.723,0.073
Finland,FIN,2025-05-01,mobile_men,0.991,0.078
Fiji,FJI,2025-05-01,mobile_men,0.925,0.074
France,FRA,2025-05-01,mobile_men,1.0,0.078
Faroe Islands,FRO,2025-05-01,mobile_men,1.0,0.078
"Micronesia, Federated States of",FSM,2025-05-01,mobile_men,0.81,0.075
Gabon,GAB,2025-05-01,mobile_men,0.957,0.078
United Kingdom,GBR,2025-05-01,mobile_men,1.0,0.077
Georgia,GEO,2025-05-01,mobile_men,0.928,0.08
Ghana,GHA,2025-05-01,mobile_men,0.864,0.074
Gibraltar,GIB,2025-05-01,mobile_men,0.961,0.078
Guinea,GIN,2025-05-01,mobile_men,0.892,0.065
Gambia,GMB,2025-05-01,mobile_men,0.83,0.074
Guinea-Bissau,GNB,2025-05-01,mobile_men,0.798,0.068
Equatorial Guinea,GNQ,2025-05-01,mobile_men,0.887,0.072
Greece,GRC,2025-05-01,mobile_men,1.0,0.077
Grenada,GRD,2025-05-01,mobile_men,0.892,0.077
Greenland,GRL,2025-05-01,mobile_men,0.991,0.078
Guatemala,GTM,2025-05-01,mobile_men,0.894,0.074
Guam,GUM,2025-05-01,mobile_men,1.0,0.076
Guyana,GUY,2025-05-01,mobile_men,0.987,0.078
Hong Kong,HKG,2025-05-01,mobile_men,1.0,0.077
Honduras,HND,2025-05-01,mobile_men,0.777,0.077
Croatia,HRV,2025-05-01,mobile_men,0.981,0.079
Haiti,HTI,2025-05-01,mobile_men,0.794,0.073
Hungary,HUN,2025-05-01,mobile_men,0.931,0.078
Indonesia,IDN,2025-05-01,mobile_men,0.98,0.074
Isle of Man,IMN,2025-05-01,mobile_men,1.0,0.078
India,IND,2025-05-01,mobile_men,1.0,0.067
Ireland,IRL,2025-05-01,mobile_men,1.0,0.078
Iraq,IRQ,2025-05-01,mobile_men,1.0,0.062
Iceland,ISL,2025-05-01,mobile_men,1.0,0.077
Israel,ISR,2025-05-01,mobile_men,1.0,0.078
Italy,ITA,2025-05-01,mobile_men,1.0,0.077
Jamaica,JAM,2025-05-01,mobile_men,0.831,0.08
Jordan,JOR,2025-05-01,mobile_men,0.955,0.068
Japan,JPN,2025-05-01,mobile_men,0.992,0.077
Kazakhstan,KAZ,2025-05-01,mobile_men,0.9,0.079
Kenya,KEN,2025-05-01,mobile_men,0.86,0.075
Kyrgyzstan,KGZ,2025-05-01,mobile_men,0.76,0.077
Cambodia,KHM,2025-05-01,mobile_men,0.988,0.073
Kiribati,KIR,2025-05-01,mobile_men,0.844,0.067
Saint Kitts and Nevis,KNA,2025-05-01,mobile_men,0.953,0.078
"Korea, Republic of",KOR,2025-05-01,mobile_men,1.0,0.075
Kuwait,KWT,2025-05-01,mobile_men,1.0,0.08
Lao People's Democratic Republic,LAO,2025-05-01,mobile_men,0.878,0.073
Lebanon,LBN,2025-05-01,mobile_men,1.0,0.073
Liberia,LBR,2025-05-01,mobile_men,0.761,0.068
Libya,LBY,2025-05-01,mobile_men,1.0,0.078
Saint Lucia,LCA,2025-05-01,mobile_men,0.894,0.08
Liechtenstein,LIE,2025-05-01,mobile_men,1.0,0.075
Sri Lanka,LKA,2025-05-01,mobile_men,0.961,0.075
Lesotho,LSO,2025-05-01,mobile_men,0.703,0.079
Lithuania,LTU,2025-05-01,mobile_men,0.948,0.081
Luxembourg,LUX,2025-05-01,mobile_men,1.0,0.079
Latvia,LVA,2025-05-01,mobile_men,0.928,0.081
Macao,MAC,2025-05-01,mobile_men,1.0,0.074
Saint Martin (French part),MAF,2025-05-01,mobile_men,0.967,0.078
Morocco,MAR,2025-05-01,mobile_men,1.0,0.067
Monaco,MCO,2025-05-01,mobile_men,1.0,0.078
"Moldova, Republic of",MDA,2025-05-01,mobile_men,0.823,0.082
Madagascar,MDG,2025-05-01,mobile_men,0.677,0.075
Maldives,MDV,2025-05-01,mobile_men,0.886,0.077
Mexico,MEX,2025-05-01,mobile_men,0.944,0.077
Marshall Islands,MHL,2025-05-01,mobile_men,0.822,0.075
North Macedonia,MKD,2025-05-01,mobile_men,0.996,0.075
Mali,MLI,2025-05-01,mobile_men,0.816,0.066
Malta,MLT,2025-05-01,mobile_men,1.0,0.078
Myanmar,MMR,2025-05-01,mobile_men,0.745,0.074
Montenegro,MNE,2025-05-01,mobile_men,1.0,0.077
Mongolia,MNG,2025-05-01,mobile_men,0.809,0.082
Northern Mariana Islands,MNP,2025-05-01,mobile_men,0.685,0.076
Mozambique,MOZ,2025-05-01,mobile_men,0.711,0.073
Mauritania,MRT,2025-05-01,mobile_men,1.0,0.069
Montserrat,MSR,2025-05-01,mobile_men,0.872,0.078
Martinique,MTQ,2025-05-01,mobile_men,0.96,0.078
Mauritius,MUS,2025-05-01,mobile_men,0.968,0.077
Malawi,MWI,2025-05-01,mobile_men,0.713,0.073
Malaysia,MYS,2025-05-01,mobile_men,0.993,0.077
Namibia,NAM,2025-05-01,mobile_men,0.842,0.08
New Caledonia,NCL,2025-05-01,mobile_men,0.983,0.076
Niger,NER,2025-05-01,mobile_men,0.657,0.065
Nigeria,NGA,2025-05-01,mobile_men,0.852,0.07
Nicaragua,NIC,2025-05-01,mobile_men,0.853,0.075
Niue,NIU,2025-05-01,mobile_men,1.0,0.076
Netherlands,NLD,2025-05-01,mobile_men,1.0,0.076
Norway,NOR,2025-05-01,mobile_men,1.0,0.078
Nepal,NPL,2025-05-01,mobile_men,0.966,0.07
Nauru,NRU,2025-05-01,mobile_men,0.869,0.082
New Zealand,NZL,2025-05-01,mobile_men,0.993,0.077
Oman,OMN,2025-05-01,mobile_men,1.0,0.074
Pakistan,PAK,2025-05-01,mobile_men,1.0,0.066
Panama,PAN,2025-05-01,mobile_men,0.957,0.08
Peru,PER,2025-05-01,mobile_men,0.975,0.075
Philippines,PHL,2025-05-01,mobile_men,0.778,0.076
Palau,PLW,2025-05-01,mobile_men,0.935,0.08
Papua New Guinea,PNG,2025-05-01,mobile_men,0.843,0.073
Poland,POL,2025-05-01,mobile_men,0.93,0.08
Puerto Rico,PRI,2025-05-01,mobile_men,1.0,0.078
Portugal,PRT,2025-05-01,mobile_men,0.987,0.079
Paraguay,PRY,2025-05-01,mobile_men,0.892,0.079
"Palestine, State of",PSE,2025-05-01,mobile_men,0.96,0.07
French Polynesia,PYF,2025-05-01,mobile_men,0.88,0.076
Qatar,QAT,2025-05-01,mobile_men,0.955,0.081
Romania,ROU,2025-05-01,mobile_men,0.958,0.078
Rwanda,RWA,2025-05-01,mobile_men,0.738,0.073
Saudi Arabia,SAU,2025-05-01,mobile_men,1.0,0.073
Senegal,SEN,2025-05-01,mobile_men,0.884,0.073
Singapore,SGP,2025-05-01,mobile_men,1.0,0.078
"Saint Helena, Ascension and Tristan da Cunha",SHN,2025-05-01,mobile_men,0.724,0.072
Solomon Islands,SLB,2025-05-01,mobile_men,0.804,0.076
Sierra Leone,SLE,2025-05-01,mobile_men,0.704,0.07
El Salvador,SLV,2025-05-01,mobile_men,0.902,0.077
San Marino,SMR,2025-05-01,mobile_men,1.0,0.076
Somalia,SOM,2025-05-01,mobile_men,0.777,0.061
Serbia,SRB,2025-05-01,mobile_men,0.932,0.078
South Sudan,SSD,2025-05-01,mobile_men,0.75,0.072
Sao Tome and Principe,STP,2025-05-01,mobile_men,0.849,0.072
Suriname,SUR,2025-05-01,mobile_men,0.896,0.078
Slovakia,SVK,2025-05-01,mobile_men,0.946,0.079
Slovenia,SVN,2025-05-01,mobile_men,0.971,0.079
Sweden,SWE,2025-05-01,mobile_men,1.0,0.078
Eswatini,SWZ,2025-05-01,mobile_men,0.873,0.078
Sint Maarten (Dutch part),SXM,2025-05-01,mobile_men,1.0,0.078
Seychelles,SYC,2025-05-01,mobile_men,0.855,0.084
Turks and Caicos Islands,TCA,2025-05-01,mobile_men,1.0,0.078
Chad,TCD,2025-05-01,mobile_men,0.745,0.061
Togo,TGO,2025-05-01,mobile_men,0.787,0.067
Thailand,THA,2025-05-01,mobile_men,0.888,0.08
Tajikistan,TJK,2025-05-01,mobile_men,0.708,0.073
Turkmenistan,TKM,2025-05-01,mobile_men,0.831,0.074
Timor-Leste,TLS,2025-05-01,mobile_men,0.928,0.072
Tonga,TON,2025-05-01,mobile_men,0.871,0.079
Trinidad and Tobago,TTO,2025-05-01,mobile_men,0.952,0.078
Tunisia,TUN,2025-05-01,mobile_men,0.961,0.073
Türkiye,TUR,2025-05-01,mobile_men,1.0,0.074
Tuvalu,TUV,2025-05-01,mobile_men,0.83,0.077
"Taiwan, Province of China",TWN,2025-05-01,mobile_men,0.908,0.074
"Tanzania, United Republic of",TZA,2025-05-01,mobile_men,0.756,0.074
Uganda,UGA,2025-05-01,mobile_men,0.711,0.071
Ukraine,UKR,2025-05-01,mobile_men,0.783,0.081
Uruguay,URY,2025-05-01,mobile_men,0.906,0.081
United States,USA,2025-05-01,mobile_men,0.999,0.08
Uzbekistan,UZB,2025-05-01,mobile_men,0.769,0.073
Saint Vincent and the Grenadines,VCT,2025-05-01,mobile_men,0.835,0.078
"Venezuela, Bolivarian Republic of",VEN,2025-05-01,mobile_men,0.856,0.079
"Virgin Islands, British",VGB,2025-05-01,mobile_men,0.982,0.078
"Virgin Islands, U.S.",VIR,2025-05-01,mobile_men,0.961,0.078
Viet Nam,VNM,2025-05-01,mobile_men,0.852,0.08
Vanuatu,VUT,2025-05-01,mobile_men,0.833,0.074
Samoa,WSM,2025-05-01,mobile_men,0.774,0.077
Kosovo,XKX,2025-05-01,mobile_men,1.0,0.078
Yemen,YEM,2025-05-01,mobile_men,0.98,0.036
South Africa,ZAF,2025-05-01,mobile_men,0.9,0.078
Zambia,ZMB,2025-05-01,mobile_men,0.798,0.074
Zimbabwe,ZWE,2025-05-01,mobile_men,0.803,0.074
