,country_code,region_id,gender,age
0,OM,286963,GENDER_FEMALE,AGE_13_17
1,OM,286963,GENDER_FEMALE,AGE_18_24
2,OM,286963,GENDER_FEMALE,AGE_25_34
3,OM,286963,GENDER_FEMALE,AGE_35_44
4,OM,286963,GENDER_FEMALE,AGE_45_54
5,OM,286963,GENDER_FEMALE,AGE_55_100
6,OM,286963,GENDER_MALE,AGE_13_17
7,OM,286963,GENDER_MALE,AGE_18_24
8,OM,286963,GENDER_MALE,AGE_25_34
9,OM,286963,GENDER_MALE,AGE_35_44
10,OM,286963,GENDER_MALE,AGE_45_54
11,OM,286963,GENDER_MALE,AGE_55_100
12,OM,286963,GENDER_UNLIMITED,AGE_13_17
13,OM,286963,GENDER_UNLIMITED,AGE_18_24
14,OM,286963,GENDER_UNLIMITED,AGE_25_34
15,OM,286963,GENDER_UNLIMITED,AGE_35_44
16,OM,286963,GENDER_UNLIMITED,AGE_45_54
17,OM,286963,GENDER_UNLIMITED,AGE_55_100
18,DO,3508796,GENDER_FEMALE,AGE_13_17
19,DO,3508796,GENDER_FEMALE,AGE_18_24
20,DO,3508796,GENDER_FEMALE,AGE_25_34
21,DO,3508796,GENDER_FEMALE,AGE_35_44
22,DO,3508796,GENDER_FEMALE,AGE_45_54
23,DO,3508796,GENDER_FEMALE,AGE_55_100
24,DO,3508796,GENDER_MALE,AGE_13_17
25,DO,3508796,GENDER_MALE,AGE_18_24
26,DO,3508796,GENDER_MALE,AGE_25_34
27,DO,3508796,GENDER_MALE,AGE_35_44
28,DO,3508796,GENDER_MALE,AGE_45_54
29,DO,3508796,GENDER_MALE,AGE_55_100
30,DO,3508796,GENDER_UNLIMITED,AGE_13_17
31,DO,3508796,GENDER_UNLIMITED,AGE_18_24
32,DO,3508796,GENDER_UNLIMITED,AGE_25_34
33,DO,3508796,GENDER_UNLIMITED,AGE_35_44
34,DO,3508796,GENDER_UNLIMITED,AGE_45_54
35,DO,3508796,GENDER_UNLIMITED,AGE_55_100
36,JP,1861060,GENDER_FEMALE,AGE_13_17
37,JP,1861060,GENDER_FEMALE,AGE_18_24
38,JP,1861060,GENDER_FEMALE,AGE_25_34
39,JP,1861060,GENDER_FEMALE,AGE_35_44
40,JP,1861060,GENDER_FEMALE,AGE_45_54
41,JP,1861060,GENDER_FEMALE,AGE_55_100
42,JP,1861060,GENDER_MALE,AGE_13_17
43,JP,1861060,GENDER_MALE,AGE_18_24
44,JP,1861060,GENDER_MALE,AGE_25_34
45,JP,1861060,GENDER_MALE,AGE_35_44
46,JP,1861060,GENDER_MALE,AGE_45_54
47,JP,1861060,GENDER_MALE,AGE_55_100
48,JP,1861060,GENDER_UNLIMITED,AGE_13_17
49,JP,1861060,GENDER_UNLIMITED,AGE_18_24
50,JP,1861060,GENDER_UNLIMITED,AGE_25_34
51,JP,1861060,GENDER_UNLIMITED,AGE_35_44
52,JP,1861060,GENDER_UNLIMITED,AGE_45_54
53,JP,1861060,GENDER_UNLIMITED,AGE_55_100
54,AE,290557,GENDER_FEMALE,AGE_13_17
55,AE,290557,GENDER_FEMALE,AGE_18_24
56,AE,290557,GENDER_FEMALE,AGE_25_34
57,AE,290557,GENDER_FEMALE,AGE_35_44
58,AE,290557,GENDER_FEMALE,AGE_45_54
59,AE,290557,GENDER_FEMALE,AGE_55_100
60,AE,290557,GENDER_MALE,AGE_13_17
61,AE,290557,GENDER_MALE,AGE_18_24
62,AE,290557,GENDER_MALE,AGE_25_34
63,AE,290557,GENDER_MALE,AGE_35_44
64,AE,290557,GENDER_MALE,AGE_45_54
65,AE,290557,GENDER_MALE,AGE_55_100
66,AE,290557,GENDER_UNLIMITED,AGE_13_17
67,AE,290557,GENDER_UNLIMITED,AGE_18_24
68,AE,290557,GENDER_UNLIMITED,AGE_25_34
69,AE,290557,GENDER_UNLIMITED,AGE_35_44
70,AE,290557,GENDER_UNLIMITED,AGE_45_54
71,AE,290557,GENDER_UNLIMITED,AGE_55_100
72,PA,3703430,GENDER_FEMALE,AGE_13_17
73,PA,3703430,GENDER_FEMALE,AGE_18_24
74,PA,3703430,GENDER_FEMALE,AGE_25_34
75,PA,3703430,GENDER_FEMALE,AGE_35_44
76,PA,3703430,GENDER_FEMALE,AGE_45_54
77,PA,3703430,GENDER_FEMALE,AGE_55_100
78,PA,3703430,GENDER_MALE,AGE_13_17
79,PA,3703430,GENDER_MALE,AGE_18_24
80,PA,3703430,GENDER_MALE,AGE_25_34
81,PA,3703430,GENDER_MALE,AGE_35_44
82,PA,3703430,GENDER_MALE,AGE_45_54
83,PA,3703430,GENDER_MALE,AGE_55_100
84,PA,3703430,GENDER_UNLIMITED,AGE_13_17
85,PA,3703430,GENDER_UNLIMITED,AGE_18_24
86,PA,3703430,GENDER_UNLIMITED,AGE_25_34
87,PA,3703430,GENDER_UNLIMITED,AGE_35_44
88,PA,3703430,GENDER_UNLIMITED,AGE_45_54
89,PA,3703430,GENDER_UNLIMITED,AGE_55_100
90,UA,690791,GENDER_FEMALE,AGE_13_17
91,UA,690791,GENDER_FEMALE,AGE_18_24
92,UA,690791,GENDER_FEMALE,AGE_25_34
93,UA,690791,GENDER_FEMALE,AGE_35_44
94,UA,690791,GENDER_FEMALE,AGE_45_54
95,UA,690791,GENDER_FEMALE,AGE_55_100
96,UA,690791,GENDER_MALE,AGE_13_17
97,UA,690791,GENDER_MALE,AGE_18_24
98,UA,690791,GENDER_MALE,AGE_25_34
99,UA,690791,GENDER_MALE,AGE_35_44
100,UA,690791,GENDER_MALE,AGE_45_54
101,UA,690791,GENDER_MALE,AGE_55_100
102,UA,690791,GENDER_UNLIMITED,AGE_13_17
103,UA,690791,GENDER_UNLIMITED,AGE_18_24
104,UA,690791,GENDER_UNLIMITED,AGE_25_34
105,UA,690791,GENDER_UNLIMITED,AGE_35_44
106,UA,690791,GENDER_UNLIMITED,AGE_45_54
107,UA,690791,GENDER_UNLIMITED,AGE_55_100
108,PT,2264397,GENDER_FEMALE,AGE_13_17
109,PT,2264397,GENDER_FEMALE,AGE_18_24
110,PT,2264397,GENDER_FEMALE,AGE_25_34
111,PT,2264397,GENDER_FEMALE,AGE_35_44
112,PT,2264397,GENDER_FEMALE,AGE_45_54
113,PT,2264397,GENDER_FEMALE,AGE_55_100
114,PT,2264397,GENDER_MALE,AGE_13_17
115,PT,2264397,GENDER_MALE,AGE_18_24
116,PT,2264397,GENDER_MALE,AGE_25_34
117,PT,2264397,GENDER_MALE,AGE_35_44
118,PT,2264397,GENDER_MALE,AGE_45_54
119,PT,2264397,GENDER_MALE,AGE_55_100
120,PT,2264397,GENDER_UNLIMITED,AGE_13_17
121,PT,2264397,GENDER_UNLIMITED,AGE_18_24
122,PT,2264397,GENDER_UNLIMITED,AGE_25_34
123,PT,2264397,GENDER_UNLIMITED,AGE_35_44
124,PT,2264397,GENDER_UNLIMITED,AGE_45_54
125,PT,2264397,GENDER_UNLIMITED,AGE_55_100
126,KZ,1522867,GENDER_FEMALE,AGE_13_17
127,KZ,1522867,GENDER_FEMALE,AGE_18_24
128,KZ,1522867,GENDER_FEMALE,AGE_25_34
129,KZ,1522867,GENDER_FEMALE,AGE_35_44
130,KZ,1522867,GENDER_FEMALE,AGE_45_54
131,KZ,1522867,GENDER_FEMALE,AGE_55_100
132,KZ,1522867,GENDER_MALE,AGE_13_17
133,KZ,1522867,GENDER_MALE,AGE_18_24
134,KZ,1522867,GENDER_MALE,AGE_25_34
135,KZ,1522867,GENDER_MALE,AGE_35_44
136,KZ,1522867,GENDER_MALE,AGE_45_54
137,KZ,1522867,GENDER_MALE,AGE_55_100
138,KZ,1522867,GENDER_UNLIMITED,AGE_13_17
139,KZ,1522867,GENDER_UNLIMITED,AGE_18_24
140,KZ,1522867,GENDER_UNLIMITED,AGE_25_34
141,KZ,1522867,GENDER_UNLIMITED,AGE_35_44
142,KZ,1522867,GENDER_UNLIMITED,AGE_45_54
143,KZ,1522867,GENDER_UNLIMITED,AGE_55_100
144,FR,3017382,GENDER_FEMALE,AGE_13_17
145,FR,3017382,GENDER_FEMALE,AGE_18_24
146,FR,3017382,GENDER_FEMALE,AGE_25_34
147,FR,3017382,GENDER_FEMALE,AGE_35_44
148,FR,3017382,GENDER_FEMALE,AGE_45_54
149,FR,3017382,GENDER_FEMALE,AGE_55_100
150,FR,3017382,GENDER_MALE,AGE_13_17
151,FR,3017382,GENDER_MALE,AGE_18_24
152,FR,3017382,GENDER_MALE,AGE_25_34
153,FR,3017382,GENDER_MALE,AGE_35_44
154,FR,3017382,GENDER_MALE,AGE_45_54
155,FR,3017382,GENDER_MALE,AGE_55_100
156,FR,3017382,GENDER_UNLIMITED,AGE_13_17
157,FR,3017382,GENDER_UNLIMITED,AGE_18_24
158,FR,3017382,GENDER_UNLIMITED,AGE_25_34
159,FR,3017382,GENDER_UNLIMITED,AGE_35_44
160,FR,3017382,GENDER_UNLIMITED,AGE_45_54
161,FR,3017382,GENDER_UNLIMITED,AGE_55_100
162,CH,2658434,GENDER_FEMALE,AGE_13_17
163,CH,2658434,GENDER_FEMALE,AGE_18_24
164,CH,2658434,GENDER_FEMALE,AGE_25_34
165,CH,2658434,GENDER_FEMALE,AGE_35_44
166,CH,2658434,GENDER_FEMALE,AGE_45_54
167,CH,2658434,GENDER_FEMALE,AGE_55_100
168,CH,2658434,GENDER_MALE,AGE_13_17
169,CH,2658434,GENDER_MALE,AGE_18_24
170,CH,2658434,GENDER_MALE,AGE_25_34
171,CH,2658434,GENDER_MALE,AGE_35_44
172,CH,2658434,GENDER_MALE,AGE_45_54
173,CH,2658434,GENDER_MALE,AGE_55_100
174,CH,2658434,GENDER_UNLIMITED,AGE_13_17
175,CH,2658434,GENDER_UNLIMITED,AGE_18_24
176,CH,2658434,GENDER_UNLIMITED,AGE_25_34
177,CH,2658434,GENDER_UNLIMITED,AGE_35_44
178,CH,2658434,GENDER_UNLIMITED,AGE_45_54
179,CH,2658434,GENDER_UNLIMITED,AGE_55_100
180,GR,390903,GENDER_FEMALE,AGE_13_17
181,GR,390903,GENDER_FEMALE,AGE_18_24
182,GR,390903,GENDER_FEMALE,AGE_25_34
183,GR,390903,GENDER_FEMALE,AGE_35_44
184,GR,390903,GENDER_FEMALE,AGE_45_54
185,GR,390903,GENDER_FEMALE,AGE_55_100
186,GR,390903,GENDER_MALE,AGE_13_17
187,GR,390903,GENDER_MALE,AGE_18_24
188,GR,390903,GENDER_MALE,AGE_25_34
189,GR,390903,GENDER_MALE,AGE_35_44
190,GR,390903,GENDER_MALE,AGE_45_54
191,GR,390903,GENDER_MALE,AGE_55_100
192,GR,390903,GENDER_UNLIMITED,AGE_13_17
193,GR,390903,GENDER_UNLIMITED,AGE_18_24
194,GR,390903,GENDER_UNLIMITED,AGE_25_34
195,GR,390903,GENDER_UNLIMITED,AGE_35_44
196,GR,390903,GENDER_UNLIMITED,AGE_45_54
197,GR,390903,GENDER_UNLIMITED,AGE_55_100
198,TR,298795,GENDER_FEMALE,AGE_13_17
199,TR,298795,GENDER_FEMALE,AGE_18_24
200,TR,298795,GENDER_FEMALE,AGE_25_34
201,TR,298795,GENDER_FEMALE,AGE_35_44
202,TR,298795,GENDER_FEMALE,AGE_45_54
203,TR,298795,GENDER_FEMALE,AGE_55_100
204,TR,298795,GENDER_MALE,AGE_13_17
205,TR,298795,GENDER_MALE,AGE_18_24
206,TR,298795,GENDER_MALE,AGE_25_34
207,TR,298795,GENDER_MALE,AGE_35_44
208,TR,298795,GENDER_MALE,AGE_45_54
209,TR,298795,GENDER_MALE,AGE_55_100
210,TR,298795,GENDER_UNLIMITED,AGE_13_17
211,TR,298795,GENDER_UNLIMITED,AGE_18_24
212,TR,298795,GENDER_UNLIMITED,AGE_25_34
213,TR,298795,GENDER_UNLIMITED,AGE_35_44
214,TR,298795,GENDER_UNLIMITED,AGE_45_54
215,TR,298795,GENDER_UNLIMITED,AGE_55_100
216,DZ,2589581,GENDER_FEMALE,AGE_13_17
217,DZ,2589581,GENDER_FEMALE,AGE_18_24
218,DZ,2589581,GENDER_FEMALE,AGE_25_34
219,DZ,2589581,GENDER_FEMALE,AGE_35_44
220,DZ,2589581,GENDER_FEMALE,AGE_45_54
221,DZ,2589581,GENDER_FEMALE,AGE_55_100
222,DZ,2589581,GENDER_MALE,AGE_13_17
223,DZ,2589581,GENDER_MALE,AGE_18_24
224,DZ,2589581,GENDER_MALE,AGE_25_34
225,DZ,2589581,GENDER_MALE,AGE_35_44
226,DZ,2589581,GENDER_MALE,AGE_45_54
227,DZ,2589581,GENDER_MALE,AGE_55_100
228,DZ,2589581,GENDER_UNLIMITED,AGE_13_17
229,DZ,2589581,GENDER_UNLIMITED,AGE_18_24
230,DZ,2589581,GENDER_UNLIMITED,AGE_25_34
231,DZ,2589581,GENDER_UNLIMITED,AGE_35_44
232,DZ,2589581,GENDER_UNLIMITED,AGE_45_54
233,DZ,2589581,GENDER_UNLIMITED,AGE_55_100
234,AT,2782113,GENDER_FEMALE,AGE_13_17
235,AT,2782113,GENDER_FEMALE,AGE_18_24
236,AT,2782113,GENDER_FEMALE,AGE_25_34
237,AT,2782113,GENDER_FEMALE,AGE_35_44
238,AT,2782113,GENDER_FEMALE,AGE_45_54
239,AT,2782113,GENDER_FEMALE,AGE_55_100
240,AT,2782113,GENDER_MALE,AGE_13_17
241,AT,2782113,GENDER_MALE,AGE_18_24
242,AT,2782113,GENDER_MALE,AGE_25_34
243,AT,2782113,GENDER_MALE,AGE_35_44
244,AT,2782113,GENDER_MALE,AGE_45_54
245,AT,2782113,GENDER_MALE,AGE_55_100
246,AT,2782113,GENDER_UNLIMITED,AGE_13_17
247,AT,2782113,GENDER_UNLIMITED,AGE_18_24
248,AT,2782113,GENDER_UNLIMITED,AGE_25_34
249,AT,2782113,GENDER_UNLIMITED,AGE_35_44
250,AT,2782113,GENDER_UNLIMITED,AGE_45_54
251,AT,2782113,GENDER_UNLIMITED,AGE_55_100
252,UY,3439705,GENDER_FEMALE,AGE_13_17
253,UY,3439705,GENDER_FEMALE,AGE_18_24
254,UY,3439705,GENDER_FEMALE,AGE_25_34
255,UY,3439705,GENDER_FEMALE,AGE_35_44
256,UY,3439705,GENDER_FEMALE,AGE_45_54
257,UY,3439705,GENDER_FEMALE,AGE_55_100
258,UY,3439705,GENDER_MALE,AGE_13_17
259,UY,3439705,GENDER_MALE,AGE_18_24
260,UY,3439705,GENDER_MALE,AGE_25_34
261,UY,3439705,GENDER_MALE,AGE_35_44
262,UY,3439705,GENDER_MALE,AGE_45_54
263,UY,3439705,GENDER_MALE,AGE_55_100
264,UY,3439705,GENDER_UNLIMITED,AGE_13_17
265,UY,3439705,GENDER_UNLIMITED,AGE_18_24
266,UY,3439705,GENDER_UNLIMITED,AGE_25_34
267,UY,3439705,GENDER_UNLIMITED,AGE_35_44
268,UY,3439705,GENDER_UNLIMITED,AGE_45_54
269,UY,3439705,GENDER_UNLIMITED,AGE_55_100
270,IT,3175395,GENDER_FEMALE,AGE_13_17
271,IT,3175395,GENDER_FEMALE,AGE_18_24
272,IT,3175395,GENDER_FEMALE,AGE_25_34
273,IT,3175395,GENDER_FEMALE,AGE_35_44
274,IT,3175395,GENDER_FEMALE,AGE_45_54
275,IT,3175395,GENDER_FEMALE,AGE_55_100
276,IT,3175395,GENDER_MALE,AGE_13_17
277,IT,3175395,GENDER_MALE,AGE_18_24
278,IT,3175395,GENDER_MALE,AGE_25_34
279,IT,3175395,GENDER_MALE,AGE_35_44
280,IT,3175395,GENDER_MALE,AGE_45_54
281,IT,3175395,GENDER_MALE,AGE_55_100
282,IT,3175395,GENDER_UNLIMITED,AGE_13_17
283,IT,3175395,GENDER_UNLIMITED,AGE_18_24
284,IT,3175395,GENDER_UNLIMITED,AGE_25_34
285,IT,3175395,GENDER_UNLIMITED,AGE_35_44
286,IT,3175395,GENDER_UNLIMITED,AGE_45_54
287,IT,3175395,GENDER_UNLIMITED,AGE_55_100
288,PK,1168579,GENDER_FEMALE,AGE_13_17
289,PK,1168579,GENDER_FEMALE,AGE_18_24
290,PK,1168579,GENDER_FEMALE,AGE_25_34
291,PK,1168579,GENDER_FEMALE,AGE_35_44
292,PK,1168579,GENDER_FEMALE,AGE_45_54
293,PK,1168579,GENDER_FEMALE,AGE_55_100
294,PK,1168579,GENDER_MALE,AGE_13_17
295,PK,1168579,GENDER_MALE,AGE_18_24
296,PK,1168579,GENDER_MALE,AGE_25_34
297,PK,1168579,GENDER_MALE,AGE_35_44
298,PK,1168579,GENDER_MALE,AGE_45_54
299,PK,1168579,GENDER_MALE,AGE_55_100
300,PK,1168579,GENDER_UNLIMITED,AGE_13_17
301,PK,1168579,GENDER_UNLIMITED,AGE_18_24
302,PK,1168579,GENDER_UNLIMITED,AGE_25_34
303,PK,1168579,GENDER_UNLIMITED,AGE_35_44
304,PK,1168579,GENDER_UNLIMITED,AGE_45_54
305,PK,1168579,GENDER_UNLIMITED,AGE_55_100
306,LK,1227603,GENDER_FEMALE,AGE_13_17
307,LK,1227603,GENDER_FEMALE,AGE_18_24
308,LK,1227603,GENDER_FEMALE,AGE_25_34
309,LK,1227603,GENDER_FEMALE,AGE_35_44
310,LK,1227603,GENDER_FEMALE,AGE_45_54
311,LK,1227603,GENDER_FEMALE,AGE_55_100
312,LK,1227603,GENDER_MALE,AGE_13_17
313,LK,1227603,GENDER_MALE,AGE_18_24
314,LK,1227603,GENDER_MALE,AGE_25_34
315,LK,1227603,GENDER_MALE,AGE_35_44
316,LK,1227603,GENDER_MALE,AGE_45_54
317,LK,1227603,GENDER_MALE,AGE_55_100
318,LK,1227603,GENDER_UNLIMITED,AGE_13_17
319,LK,1227603,GENDER_UNLIMITED,AGE_18_24
320,LK,1227603,GENDER_UNLIMITED,AGE_25_34
321,LK,1227603,GENDER_UNLIMITED,AGE_35_44
322,LK,1227603,GENDER_UNLIMITED,AGE_45_54
323,LK,1227603,GENDER_UNLIMITED,AGE_55_100
324,CR,3624060,GENDER_FEMALE,AGE_13_17
325,CR,3624060,GENDER_FEMALE,AGE_18_24
326,CR,3624060,GENDER_FEMALE,AGE_25_34
327,CR,3624060,GENDER_FEMALE,AGE_35_44
328,CR,3624060,GENDER_FEMALE,AGE_45_54
329,CR,3624060,GENDER_FEMALE,AGE_55_100
330,CR,3624060,GENDER_MALE,AGE_13_17
331,CR,3624060,GENDER_MALE,AGE_18_24
332,CR,3624060,GENDER_MALE,AGE_25_34
333,CR,3624060,GENDER_MALE,AGE_35_44
334,CR,3624060,GENDER_MALE,AGE_45_54
335,CR,3624060,GENDER_MALE,AGE_55_100
336,CR,3624060,GENDER_UNLIMITED,AGE_13_17
337,CR,3624060,GENDER_UNLIMITED,AGE_18_24
338,CR,3624060,GENDER_UNLIMITED,AGE_25_34
339,CR,3624060,GENDER_UNLIMITED,AGE_35_44
340,CR,3624060,GENDER_UNLIMITED,AGE_45_54
341,CR,3624060,GENDER_UNLIMITED,AGE_55_100
342,SE,2661886,GENDER_FEMALE,AGE_13_17
343,SE,2661886,GENDER_FEMALE,AGE_18_24
344,SE,2661886,GENDER_FEMALE,AGE_25_34
345,SE,2661886,GENDER_FEMALE,AGE_35_44
346,SE,2661886,GENDER_FEMALE,AGE_45_54
347,SE,2661886,GENDER_FEMALE,AGE_55_100
348,SE,2661886,GENDER_MALE,AGE_13_17
349,SE,2661886,GENDER_MALE,AGE_18_24
350,SE,2661886,GENDER_MALE,AGE_25_34
351,SE,2661886,GENDER_MALE,AGE_35_44
352,SE,2661886,GENDER_MALE,AGE_45_54
353,SE,2661886,GENDER_MALE,AGE_55_100
354,SE,2661886,GENDER_UNLIMITED,AGE_13_17
355,SE,2661886,GENDER_UNLIMITED,AGE_18_24
356,SE,2661886,GENDER_UNLIMITED,AGE_25_34
357,SE,2661886,GENDER_UNLIMITED,AGE_35_44
358,SE,2661886,GENDER_UNLIMITED,AGE_45_54
359,SE,2661886,GENDER_UNLIMITED,AGE_55_100
360,BD,1210997,GENDER_FEMALE,AGE_13_17
361,BD,1210997,GENDER_FEMALE,AGE_18_24
362,BD,1210997,GENDER_FEMALE,AGE_25_34
363,BD,1210997,GENDER_FEMALE,AGE_35_44
364,BD,1210997,GENDER_FEMALE,AGE_45_54
365,BD,1210997,GENDER_FEMALE,AGE_55_100
366,BD,1210997,GENDER_MALE,AGE_13_17
367,BD,1210997,GENDER_MALE,AGE_18_24
368,BD,1210997,GENDER_MALE,AGE_25_34
369,BD,1210997,GENDER_MALE,AGE_35_44
370,BD,1210997,GENDER_MALE,AGE_45_54
371,BD,1210997,GENDER_MALE,AGE_55_100
372,BD,1210997,GENDER_UNLIMITED,AGE_13_17
373,BD,1210997,GENDER_UNLIMITED,AGE_18_24
374,BD,1210997,GENDER_UNLIMITED,AGE_25_34
375,BD,1210997,GENDER_UNLIMITED,AGE_35_44
376,BD,1210997,GENDER_UNLIMITED,AGE_45_54
377,BD,1210997,GENDER_UNLIMITED,AGE_55_100
378,BE,2802361,GENDER_FEMALE,AGE_13_17
379,BE,2802361,GENDER_FEMALE,AGE_18_24
380,BE,2802361,GENDER_FEMALE,AGE_25_34
381,BE,2802361,GENDER_FEMALE,AGE_35_44
382,BE,2802361,GENDER_FEMALE,AGE_45_54
383,BE,2802361,GENDER_FEMALE,AGE_55_100
384,BE,2802361,GENDER_MALE,AGE_13_17
385,BE,2802361,GENDER_MALE,AGE_18_24
386,BE,2802361,GENDER_MALE,AGE_25_34
387,BE,2802361,GENDER_MALE,AGE_35_44
388,BE,2802361,GENDER_MALE,AGE_45_54
389,BE,2802361,GENDER_MALE,AGE_55_100
390,BE,2802361,GENDER_UNLIMITED,AGE_13_17
391,BE,2802361,GENDER_UNLIMITED,AGE_18_24
392,BE,2802361,GENDER_UNLIMITED,AGE_25_34
393,BE,2802361,GENDER_UNLIMITED,AGE_35_44
394,BE,2802361,GENDER_UNLIMITED,AGE_45_54
395,BE,2802361,GENDER_UNLIMITED,AGE_55_100
396,US,6252001,GENDER_FEMALE,AGE_13_17
397,US,6252001,GENDER_FEMALE,AGE_18_24
398,US,6252001,GENDER_FEMALE,AGE_25_34
399,US,6252001,GENDER_FEMALE,AGE_35_44
400,US,6252001,GENDER_FEMALE,AGE_45_54
401,US,6252001,GENDER_FEMALE,AGE_55_100
402,US,6252001,GENDER_MALE,AGE_13_17
403,US,6252001,GENDER_MALE,AGE_18_24
404,US,6252001,GENDER_MALE,AGE_25_34
405,US,6252001,GENDER_MALE,AGE_35_44
406,US,6252001,GENDER_MALE,AGE_45_54
407,US,6252001,GENDER_MALE,AGE_55_100
408,US,6252001,GENDER_UNLIMITED,AGE_13_17
409,US,6252001,GENDER_UNLIMITED,AGE_18_24
410,US,6252001,GENDER_UNLIMITED,AGE_25_34
411,US,6252001,GENDER_UNLIMITED,AGE_35_44
412,US,6252001,GENDER_UNLIMITED,AGE_45_54
413,US,6252001,GENDER_UNLIMITED,AGE_55_100
414,NG,2328926,GENDER_FEMALE,AGE_13_17
415,NG,2328926,GENDER_FEMALE,AGE_18_24
416,NG,2328926,GENDER_FEMALE,AGE_25_34
417,NG,2328926,GENDER_FEMALE,AGE_35_44
418,NG,2328926,GENDER_FEMALE,AGE_45_54
419,NG,2328926,GENDER_FEMALE,AGE_55_100
420,NG,2328926,GENDER_MALE,AGE_13_17
421,NG,2328926,GENDER_MALE,AGE_18_24
422,NG,2328926,GENDER_MALE,AGE_25_34
423,NG,2328926,GENDER_MALE,AGE_35_44
424,NG,2328926,GENDER_MALE,AGE_45_54
425,NG,2328926,GENDER_MALE,AGE_55_100
426,NG,2328926,GENDER_UNLIMITED,AGE_13_17
427,NG,2328926,GENDER_UNLIMITED,AGE_18_24
428,NG,2328926,GENDER_UNLIMITED,AGE_25_34
429,NG,2328926,GENDER_UNLIMITED,AGE_35_44
430,NG,2328926,GENDER_UNLIMITED,AGE_45_54
431,NG,2328926,GENDER_UNLIMITED,AGE_55_100
432,GT,3595528,GENDER_FEMALE,AGE_13_17
433,GT,3595528,GENDER_FEMALE,AGE_18_24
434,GT,3595528,GENDER_FEMALE,AGE_25_34
435,GT,3595528,GENDER_FEMALE,AGE_35_44
436,GT,3595528,GENDER_FEMALE,AGE_45_54
437,GT,3595528,GENDER_FEMALE,AGE_55_100
438,GT,3595528,GENDER_MALE,AGE_13_17
439,GT,3595528,GENDER_MALE,AGE_18_24
440,GT,3595528,GENDER_MALE,AGE_25_34
441,GT,3595528,GENDER_MALE,AGE_35_44
442,GT,3595528,GENDER_MALE,AGE_45_54
443,GT,3595528,GENDER_MALE,AGE_55_100
444,GT,3595528,GENDER_UNLIMITED,AGE_13_17
445,GT,3595528,GENDER_UNLIMITED,AGE_18_24
446,GT,3595528,GENDER_UNLIMITED,AGE_25_34
447,GT,3595528,GENDER_UNLIMITED,AGE_35_44
448,GT,3595528,GENDER_UNLIMITED,AGE_45_54
449,GT,3595528,GENDER_UNLIMITED,AGE_55_100
450,ES,2510769,GENDER_FEMALE,AGE_13_17
451,ES,2510769,GENDER_FEMALE,AGE_18_24
452,ES,2510769,GENDER_FEMALE,AGE_25_34
453,ES,2510769,GENDER_FEMALE,AGE_35_44
454,ES,2510769,GENDER_FEMALE,AGE_45_54
455,ES,2510769,GENDER_FEMALE,AGE_55_100
456,ES,2510769,GENDER_MALE,AGE_13_17
457,ES,2510769,GENDER_MALE,AGE_18_24
458,ES,2510769,GENDER_MALE,AGE_25_34
459,ES,2510769,GENDER_MALE,AGE_35_44
460,ES,2510769,GENDER_MALE,AGE_45_54
461,ES,2510769,GENDER_MALE,AGE_55_100
462,ES,2510769,GENDER_UNLIMITED,AGE_13_17
463,ES,2510769,GENDER_UNLIMITED,AGE_18_24
464,ES,2510769,GENDER_UNLIMITED,AGE_25_34
465,ES,2510769,GENDER_UNLIMITED,AGE_35_44
466,ES,2510769,GENDER_UNLIMITED,AGE_45_54
467,ES,2510769,GENDER_UNLIMITED,AGE_55_100
468,KW,285570,GENDER_FEMALE,AGE_13_17
469,KW,285570,GENDER_FEMALE,AGE_18_24
470,KW,285570,GENDER_FEMALE,AGE_25_34
471,KW,285570,GENDER_FEMALE,AGE_35_44
472,KW,285570,GENDER_FEMALE,AGE_45_54
473,KW,285570,GENDER_FEMALE,AGE_55_100
474,KW,285570,GENDER_MALE,AGE_13_17
475,KW,285570,GENDER_MALE,AGE_18_24
476,KW,285570,GENDER_MALE,AGE_25_34
477,KW,285570,GENDER_MALE,AGE_35_44
478,KW,285570,GENDER_MALE,AGE_45_54
479,KW,285570,GENDER_MALE,AGE_55_100
480,KW,285570,GENDER_UNLIMITED,AGE_13_17
481,KW,285570,GENDER_UNLIMITED,AGE_18_24
482,KW,285570,GENDER_UNLIMITED,AGE_25_34
483,KW,285570,GENDER_UNLIMITED,AGE_35_44
484,KW,285570,GENDER_UNLIMITED,AGE_45_54
485,KW,285570,GENDER_UNLIMITED,AGE_55_100
486,PL,798544,GENDER_FEMALE,AGE_13_17
487,PL,798544,GENDER_FEMALE,AGE_18_24
488,PL,798544,GENDER_FEMALE,AGE_25_34
489,PL,798544,GENDER_FEMALE,AGE_35_44
490,PL,798544,GENDER_FEMALE,AGE_45_54
491,PL,798544,GENDER_FEMALE,AGE_55_100
492,PL,798544,GENDER_MALE,AGE_13_17
493,PL,798544,GENDER_MALE,AGE_18_24
494,PL,798544,GENDER_MALE,AGE_25_34
495,PL,798544,GENDER_MALE,AGE_35_44
496,PL,798544,GENDER_MALE,AGE_45_54
497,PL,798544,GENDER_MALE,AGE_55_100
498,PL,798544,GENDER_UNLIMITED,AGE_13_17
499,PL,798544,GENDER_UNLIMITED,AGE_18_24
500,PL,798544,GENDER_UNLIMITED,AGE_25_34
501,PL,798544,GENDER_UNLIMITED,AGE_35_44
502,PL,798544,GENDER_UNLIMITED,AGE_45_54
503,PL,798544,GENDER_UNLIMITED,AGE_55_100
504,KR,1835841,GENDER_FEMALE,AGE_13_17
505,KR,1835841,GENDER_FEMALE,AGE_18_24
506,KR,1835841,GENDER_FEMALE,AGE_25_34
507,KR,1835841,GENDER_FEMALE,AGE_35_44
508,KR,1835841,GENDER_FEMALE,AGE_45_54
509,KR,1835841,GENDER_FEMALE,AGE_55_100
510,KR,1835841,GENDER_MALE,AGE_13_17
511,KR,1835841,GENDER_MALE,AGE_18_24
512,KR,1835841,GENDER_MALE,AGE_25_34
513,KR,1835841,GENDER_MALE,AGE_35_44
514,KR,1835841,GENDER_MALE,AGE_45_54
515,KR,1835841,GENDER_MALE,AGE_55_100
516,KR,1835841,GENDER_UNLIMITED,AGE_13_17
517,KR,1835841,GENDER_UNLIMITED,AGE_18_24
518,KR,1835841,GENDER_UNLIMITED,AGE_25_34
519,KR,1835841,GENDER_UNLIMITED,AGE_35_44
520,KR,1835841,GENDER_UNLIMITED,AGE_45_54
521,KR,1835841,GENDER_UNLIMITED,AGE_55_100
522,EG,357994,GENDER_FEMALE,AGE_13_17
523,EG,357994,GENDER_FEMALE,AGE_18_24
524,EG,357994,GENDER_FEMALE,AGE_25_34
525,EG,357994,GENDER_FEMALE,AGE_35_44
526,EG,357994,GENDER_FEMALE,AGE_45_54
527,EG,357994,GENDER_FEMALE,AGE_55_100
528,EG,357994,GENDER_MALE,AGE_13_17
529,EG,357994,GENDER_MALE,AGE_18_24
530,EG,357994,GENDER_MALE,AGE_25_34
531,EG,357994,GENDER_MALE,AGE_35_44
532,EG,357994,GENDER_MALE,AGE_45_54
533,EG,357994,GENDER_MALE,AGE_55_100
534,EG,357994,GENDER_UNLIMITED,AGE_13_17
535,EG,357994,GENDER_UNLIMITED,AGE_18_24
536,EG,357994,GENDER_UNLIMITED,AGE_25_34
537,EG,357994,GENDER_UNLIMITED,AGE_35_44
538,EG,357994,GENDER_UNLIMITED,AGE_45_54
539,EG,357994,GENDER_UNLIMITED,AGE_55_100
540,HU,719819,GENDER_FEMALE,AGE_13_17
541,HU,719819,GENDER_FEMALE,AGE_18_24
542,HU,719819,GENDER_FEMALE,AGE_25_34
543,HU,719819,GENDER_FEMALE,AGE_35_44
544,HU,719819,GENDER_FEMALE,AGE_45_54
545,HU,719819,GENDER_FEMALE,AGE_55_100
546,HU,719819,GENDER_MALE,AGE_13_17
547,HU,719819,GENDER_MALE,AGE_18_24
548,HU,719819,GENDER_MALE,AGE_25_34
549,HU,719819,GENDER_MALE,AGE_35_44
550,HU,719819,GENDER_MALE,AGE_45_54
551,HU,719819,GENDER_MALE,AGE_55_100
552,HU,719819,GENDER_UNLIMITED,AGE_13_17
553,HU,719819,GENDER_UNLIMITED,AGE_18_24
554,HU,719819,GENDER_UNLIMITED,AGE_25_34
555,HU,719819,GENDER_UNLIMITED,AGE_35_44
556,HU,719819,GENDER_UNLIMITED,AGE_45_54
557,HU,719819,GENDER_UNLIMITED,AGE_55_100
558,LB,272103,GENDER_FEMALE,AGE_13_17
559,LB,272103,GENDER_FEMALE,AGE_18_24
560,LB,272103,GENDER_FEMALE,AGE_25_34
561,LB,272103,GENDER_FEMALE,AGE_35_44
562,LB,272103,GENDER_FEMALE,AGE_45_54
563,LB,272103,GENDER_FEMALE,AGE_55_100
564,LB,272103,GENDER_MALE,AGE_13_17
565,LB,272103,GENDER_MALE,AGE_18_24
566,LB,272103,GENDER_MALE,AGE_25_34
567,LB,272103,GENDER_MALE,AGE_35_44
568,LB,272103,GENDER_MALE,AGE_45_54
569,LB,272103,GENDER_MALE,AGE_55_100
570,LB,272103,GENDER_UNLIMITED,AGE_13_17
571,LB,272103,GENDER_UNLIMITED,AGE_18_24
572,LB,272103,GENDER_UNLIMITED,AGE_25_34
573,LB,272103,GENDER_UNLIMITED,AGE_35_44
574,LB,272103,GENDER_UNLIMITED,AGE_45_54
575,LB,272103,GENDER_UNLIMITED,AGE_55_100
576,DK,2623032,GENDER_FEMALE,AGE_13_17
577,DK,2623032,GENDER_FEMALE,AGE_18_24
578,DK,2623032,GENDER_FEMALE,AGE_25_34
579,DK,2623032,GENDER_FEMALE,AGE_35_44
580,DK,2623032,GENDER_FEMALE,AGE_45_54
581,DK,2623032,GENDER_FEMALE,AGE_55_100
582,DK,2623032,GENDER_MALE,AGE_13_17
583,DK,2623032,GENDER_MALE,AGE_18_24
584,DK,2623032,GENDER_MALE,AGE_25_34
585,DK,2623032,GENDER_MALE,AGE_35_44
586,DK,2623032,GENDER_MALE,AGE_45_54
587,DK,2623032,GENDER_MALE,AGE_55_100
588,DK,2623032,GENDER_UNLIMITED,AGE_13_17
589,DK,2623032,GENDER_UNLIMITED,AGE_18_24
590,DK,2623032,GENDER_UNLIMITED,AGE_25_34
591,DK,2623032,GENDER_UNLIMITED,AGE_35_44
592,DK,2623032,GENDER_UNLIMITED,AGE_45_54
593,DK,2623032,GENDER_UNLIMITED,AGE_55_100
594,BH,290291,GENDER_FEMALE,AGE_13_17
595,BH,290291,GENDER_FEMALE,AGE_18_24
596,BH,290291,GENDER_FEMALE,AGE_25_34
597,BH,290291,GENDER_FEMALE,AGE_35_44
598,BH,290291,GENDER_FEMALE,AGE_45_54
599,BH,290291,GENDER_FEMALE,AGE_55_100
600,BH,290291,GENDER_MALE,AGE_13_17
601,BH,290291,GENDER_MALE,AGE_18_24
602,BH,290291,GENDER_MALE,AGE_25_34
603,BH,290291,GENDER_MALE,AGE_35_44
604,BH,290291,GENDER_MALE,AGE_45_54
605,BH,290291,GENDER_MALE,AGE_55_100
606,BH,290291,GENDER_UNLIMITED,AGE_13_17
607,BH,290291,GENDER_UNLIMITED,AGE_18_24
608,BH,290291,GENDER_UNLIMITED,AGE_25_34
609,BH,290291,GENDER_UNLIMITED,AGE_35_44
610,BH,290291,GENDER_UNLIMITED,AGE_45_54
611,BH,290291,GENDER_UNLIMITED,AGE_55_100
612,PY,3437598,GENDER_FEMALE,AGE_13_17
613,PY,3437598,GENDER_FEMALE,AGE_18_24
614,PY,3437598,GENDER_FEMALE,AGE_25_34
615,PY,3437598,GENDER_FEMALE,AGE_35_44
616,PY,3437598,GENDER_FEMALE,AGE_45_54
617,PY,3437598,GENDER_FEMALE,AGE_55_100
618,PY,3437598,GENDER_MALE,AGE_13_17
619,PY,3437598,GENDER_MALE,AGE_18_24
620,PY,3437598,GENDER_MALE,AGE_25_34
621,PY,3437598,GENDER_MALE,AGE_35_44
622,PY,3437598,GENDER_MALE,AGE_45_54
623,PY,3437598,GENDER_MALE,AGE_55_100
624,PY,3437598,GENDER_UNLIMITED,AGE_13_17
625,PY,3437598,GENDER_UNLIMITED,AGE_18_24
626,PY,3437598,GENDER_UNLIMITED,AGE_25_34
627,PY,3437598,GENDER_UNLIMITED,AGE_35_44
628,PY,3437598,GENDER_UNLIMITED,AGE_45_54
629,PY,3437598,GENDER_UNLIMITED,AGE_55_100
630,CA,6251999,GENDER_FEMALE,AGE_13_17
631,CA,6251999,GENDER_FEMALE,AGE_18_24
632,CA,6251999,GENDER_FEMALE,AGE_25_34
633,CA,6251999,GENDER_FEMALE,AGE_35_44
634,CA,6251999,GENDER_FEMALE,AGE_45_54
635,CA,6251999,GENDER_FEMALE,AGE_55_100
636,CA,6251999,GENDER_MALE,AGE_13_17
637,CA,6251999,GENDER_MALE,AGE_18_24
638,CA,6251999,GENDER_MALE,AGE_25_34
639,CA,6251999,GENDER_MALE,AGE_35_44
640,CA,6251999,GENDER_MALE,AGE_45_54
641,CA,6251999,GENDER_MALE,AGE_55_100
642,CA,6251999,GENDER_UNLIMITED,AGE_13_17
643,CA,6251999,GENDER_UNLIMITED,AGE_18_24
644,CA,6251999,GENDER_UNLIMITED,AGE_25_34
645,CA,6251999,GENDER_UNLIMITED,AGE_35_44
646,CA,6251999,GENDER_UNLIMITED,AGE_45_54
647,CA,6251999,GENDER_UNLIMITED,AGE_55_100
648,MX,3996063,GENDER_FEMALE,AGE_13_17
649,MX,3996063,GENDER_FEMALE,AGE_18_24
650,MX,3996063,GENDER_FEMALE,AGE_25_34
651,MX,3996063,GENDER_FEMALE,AGE_35_44
652,MX,3996063,GENDER_FEMALE,AGE_45_54
653,MX,3996063,GENDER_FEMALE,AGE_55_100
654,MX,3996063,GENDER_MALE,AGE_13_17
655,MX,3996063,GENDER_MALE,AGE_18_24
656,MX,3996063,GENDER_MALE,AGE_25_34
657,MX,3996063,GENDER_MALE,AGE_35_44
658,MX,3996063,GENDER_MALE,AGE_45_54
659,MX,3996063,GENDER_MALE,AGE_55_100
660,MX,3996063,GENDER_UNLIMITED,AGE_13_17
661,MX,3996063,GENDER_UNLIMITED,AGE_18_24
662,MX,3996063,GENDER_UNLIMITED,AGE_25_34
663,MX,3996063,GENDER_UNLIMITED,AGE_35_44
664,MX,3996063,GENDER_UNLIMITED,AGE_45_54
665,MX,3996063,GENDER_UNLIMITED,AGE_55_100
666,BO,3923057,GENDER_FEMALE,AGE_13_17
667,BO,3923057,GENDER_FEMALE,AGE_18_24
668,BO,3923057,GENDER_FEMALE,AGE_25_34
669,BO,3923057,GENDER_FEMALE,AGE_35_44
670,BO,3923057,GENDER_FEMALE,AGE_45_54
671,BO,3923057,GENDER_FEMALE,AGE_55_100
672,BO,3923057,GENDER_MALE,AGE_13_17
673,BO,3923057,GENDER_MALE,AGE_18_24
674,BO,3923057,GENDER_MALE,AGE_25_34
675,BO,3923057,GENDER_MALE,AGE_35_44
676,BO,3923057,GENDER_MALE,AGE_45_54
677,BO,3923057,GENDER_MALE,AGE_55_100
678,BO,3923057,GENDER_UNLIMITED,AGE_13_17
679,BO,3923057,GENDER_UNLIMITED,AGE_18_24
680,BO,3923057,GENDER_UNLIMITED,AGE_25_34
681,BO,3923057,GENDER_UNLIMITED,AGE_35_44
682,BO,3923057,GENDER_UNLIMITED,AGE_45_54
683,BO,3923057,GENDER_UNLIMITED,AGE_55_100
684,RO,798549,GENDER_FEMALE,AGE_13_17
685,RO,798549,GENDER_FEMALE,AGE_18_24
686,RO,798549,GENDER_FEMALE,AGE_25_34
687,RO,798549,GENDER_FEMALE,AGE_35_44
688,RO,798549,GENDER_FEMALE,AGE_45_54
689,RO,798549,GENDER_FEMALE,AGE_55_100
690,RO,798549,GENDER_MALE,AGE_13_17
691,RO,798549,GENDER_MALE,AGE_18_24
692,RO,798549,GENDER_MALE,AGE_25_34
693,RO,798549,GENDER_MALE,AGE_35_44
694,RO,798549,GENDER_MALE,AGE_45_54
695,RO,798549,GENDER_MALE,AGE_55_100
696,RO,798549,GENDER_UNLIMITED,AGE_13_17
697,RO,798549,GENDER_UNLIMITED,AGE_18_24
698,RO,798549,GENDER_UNLIMITED,AGE_25_34
699,RO,798549,GENDER_UNLIMITED,AGE_35_44
700,RO,798549,GENDER_UNLIMITED,AGE_45_54
701,RO,798549,GENDER_UNLIMITED,AGE_55_100
702,QA,289688,GENDER_FEMALE,AGE_13_17
703,QA,289688,GENDER_FEMALE,AGE_18_24
704,QA,289688,GENDER_FEMALE,AGE_25_34
705,QA,289688,GENDER_FEMALE,AGE_35_44
706,QA,289688,GENDER_FEMALE,AGE_45_54
707,QA,289688,GENDER_FEMALE,AGE_55_100
708,QA,289688,GENDER_MALE,AGE_13_17
709,QA,289688,GENDER_MALE,AGE_18_24
710,QA,289688,GENDER_MALE,AGE_25_34
711,QA,289688,GENDER_MALE,AGE_35_44
712,QA,289688,GENDER_MALE,AGE_45_54
713,QA,289688,GENDER_MALE,AGE_55_100
714,QA,289688,GENDER_UNLIMITED,AGE_13_17
715,QA,289688,GENDER_UNLIMITED,AGE_18_24
716,QA,289688,GENDER_UNLIMITED,AGE_25_34
717,QA,289688,GENDER_UNLIMITED,AGE_35_44
718,QA,289688,GENDER_UNLIMITED,AGE_45_54
719,QA,289688,GENDER_UNLIMITED,AGE_55_100
720,IQ,99237,GENDER_FEMALE,AGE_13_17
721,IQ,99237,GENDER_FEMALE,AGE_18_24
722,IQ,99237,GENDER_FEMALE,AGE_25_34
723,IQ,99237,GENDER_FEMALE,AGE_35_44
724,IQ,99237,GENDER_FEMALE,AGE_45_54
725,IQ,99237,GENDER_FEMALE,AGE_55_100
726,IQ,99237,GENDER_MALE,AGE_13_17
727,IQ,99237,GENDER_MALE,AGE_18_24
728,IQ,99237,GENDER_MALE,AGE_25_34
729,IQ,99237,GENDER_MALE,AGE_35_44
730,IQ,99237,GENDER_MALE,AGE_45_54
731,IQ,99237,GENDER_MALE,AGE_55_100
732,IQ,99237,GENDER_UNLIMITED,AGE_13_17
733,IQ,99237,GENDER_UNLIMITED,AGE_18_24
734,IQ,99237,GENDER_UNLIMITED,AGE_25_34
735,IQ,99237,GENDER_UNLIMITED,AGE_35_44
736,IQ,99237,GENDER_UNLIMITED,AGE_45_54
737,IQ,99237,GENDER_UNLIMITED,AGE_55_100
738,FI,660013,GENDER_FEMALE,AGE_13_17
739,FI,660013,GENDER_FEMALE,AGE_18_24
740,FI,660013,GENDER_FEMALE,AGE_25_34
741,FI,660013,GENDER_FEMALE,AGE_35_44
742,FI,660013,GENDER_FEMALE,AGE_45_54
743,FI,660013,GENDER_FEMALE,AGE_55_100
744,FI,660013,GENDER_MALE,AGE_13_17
745,FI,660013,GENDER_MALE,AGE_18_24
746,FI,660013,GENDER_MALE,AGE_25_34
747,FI,660013,GENDER_MALE,AGE_35_44
748,FI,660013,GENDER_MALE,AGE_45_54
749,FI,660013,GENDER_MALE,AGE_55_100
750,FI,660013,GENDER_UNLIMITED,AGE_13_17
751,FI,660013,GENDER_UNLIMITED,AGE_18_24
752,FI,660013,GENDER_UNLIMITED,AGE_25_34
753,FI,660013,GENDER_UNLIMITED,AGE_35_44
754,FI,660013,GENDER_UNLIMITED,AGE_45_54
755,FI,660013,GENDER_UNLIMITED,AGE_55_100
756,ZA,953987,GENDER_FEMALE,AGE_13_17
757,ZA,953987,GENDER_FEMALE,AGE_18_24
758,ZA,953987,GENDER_FEMALE,AGE_25_34
759,ZA,953987,GENDER_FEMALE,AGE_35_44
760,ZA,953987,GENDER_FEMALE,AGE_45_54
761,ZA,953987,GENDER_FEMALE,AGE_55_100
762,ZA,953987,GENDER_MALE,AGE_13_17
763,ZA,953987,GENDER_MALE,AGE_18_24
764,ZA,953987,GENDER_MALE,AGE_25_34
765,ZA,953987,GENDER_MALE,AGE_35_44
766,ZA,953987,GENDER_MALE,AGE_45_54
767,ZA,953987,GENDER_MALE,AGE_55_100
768,ZA,953987,GENDER_UNLIMITED,AGE_13_17
769,ZA,953987,GENDER_UNLIMITED,AGE_18_24
770,ZA,953987,GENDER_UNLIMITED,AGE_25_34
771,ZA,953987,GENDER_UNLIMITED,AGE_35_44
772,ZA,953987,GENDER_UNLIMITED,AGE_45_54
773,ZA,953987,GENDER_UNLIMITED,AGE_55_100
774,CZ,3077311,GENDER_FEMALE,AGE_13_17
775,CZ,3077311,GENDER_FEMALE,AGE_18_24
776,CZ,3077311,GENDER_FEMALE,AGE_25_34
777,CZ,3077311,GENDER_FEMALE,AGE_35_44
778,CZ,3077311,GENDER_FEMALE,AGE_45_54
779,CZ,3077311,GENDER_FEMALE,AGE_55_100
780,CZ,3077311,GENDER_MALE,AGE_13_17
781,CZ,3077311,GENDER_MALE,AGE_18_24
782,CZ,3077311,GENDER_MALE,AGE_25_34
783,CZ,3077311,GENDER_MALE,AGE_35_44
784,CZ,3077311,GENDER_MALE,AGE_45_54
785,CZ,3077311,GENDER_MALE,AGE_55_100
786,CZ,3077311,GENDER_UNLIMITED,AGE_13_17
787,CZ,3077311,GENDER_UNLIMITED,AGE_18_24
788,CZ,3077311,GENDER_UNLIMITED,AGE_25_34
789,CZ,3077311,GENDER_UNLIMITED,AGE_35_44
790,CZ,3077311,GENDER_UNLIMITED,AGE_45_54
791,CZ,3077311,GENDER_UNLIMITED,AGE_55_100
792,GB,2635167,GENDER_FEMALE,AGE_13_17
793,GB,2635167,GENDER_FEMALE,AGE_18_24
794,GB,2635167,GENDER_FEMALE,AGE_25_34
795,GB,2635167,GENDER_FEMALE,AGE_35_44
796,GB,2635167,GENDER_FEMALE,AGE_45_54
797,GB,2635167,GENDER_FEMALE,AGE_55_100
798,GB,2635167,GENDER_MALE,AGE_13_17
799,GB,2635167,GENDER_MALE,AGE_18_24
800,GB,2635167,GENDER_MALE,AGE_25_34
801,GB,2635167,GENDER_MALE,AGE_35_44
802,GB,2635167,GENDER_MALE,AGE_45_54
803,GB,2635167,GENDER_MALE,AGE_55_100
804,GB,2635167,GENDER_UNLIMITED,AGE_13_17
805,GB,2635167,GENDER_UNLIMITED,AGE_18_24
806,GB,2635167,GENDER_UNLIMITED,AGE_25_34
807,GB,2635167,GENDER_UNLIMITED,AGE_35_44
808,GB,2635167,GENDER_UNLIMITED,AGE_45_54
809,GB,2635167,GENDER_UNLIMITED,AGE_55_100
810,DE,2921044,GENDER_FEMALE,AGE_13_17
811,DE,2921044,GENDER_FEMALE,AGE_18_24
812,DE,2921044,GENDER_FEMALE,AGE_25_34
813,DE,2921044,GENDER_FEMALE,AGE_35_44
814,DE,2921044,GENDER_FEMALE,AGE_45_54
815,DE,2921044,GENDER_FEMALE,AGE_55_100
816,DE,2921044,GENDER_MALE,AGE_13_17
817,DE,2921044,GENDER_MALE,AGE_18_24
818,DE,2921044,GENDER_MALE,AGE_25_34
819,DE,2921044,GENDER_MALE,AGE_35_44
820,DE,2921044,GENDER_MALE,AGE_45_54
821,DE,2921044,GENDER_MALE,AGE_55_100
822,DE,2921044,GENDER_UNLIMITED,AGE_13_17
823,DE,2921044,GENDER_UNLIMITED,AGE_18_24
824,DE,2921044,GENDER_UNLIMITED,AGE_25_34
825,DE,2921044,GENDER_UNLIMITED,AGE_35_44
826,DE,2921044,GENDER_UNLIMITED,AGE_45_54
827,DE,2921044,GENDER_UNLIMITED,AGE_55_100
828,SA,102358,GENDER_FEMALE,AGE_13_17
829,SA,102358,GENDER_FEMALE,AGE_18_24
830,SA,102358,GENDER_FEMALE,AGE_25_34
831,SA,102358,GENDER_FEMALE,AGE_35_44
832,SA,102358,GENDER_FEMALE,AGE_45_54
833,SA,102358,GENDER_FEMALE,AGE_55_100
834,SA,102358,GENDER_MALE,AGE_13_17
835,SA,102358,GENDER_MALE,AGE_18_24
836,SA,102358,GENDER_MALE,AGE_25_34
837,SA,102358,GENDER_MALE,AGE_35_44
838,SA,102358,GENDER_MALE,AGE_45_54
839,SA,102358,GENDER_MALE,AGE_55_100
840,SA,102358,GENDER_UNLIMITED,AGE_13_17
841,SA,102358,GENDER_UNLIMITED,AGE_18_24
842,SA,102358,GENDER_UNLIMITED,AGE_25_34
843,SA,102358,GENDER_UNLIMITED,AGE_35_44
844,SA,102358,GENDER_UNLIMITED,AGE_45_54
845,SA,102358,GENDER_UNLIMITED,AGE_55_100
846,AZ,587116,GENDER_FEMALE,AGE_13_17
847,AZ,587116,GENDER_FEMALE,AGE_18_24
848,AZ,587116,GENDER_FEMALE,AGE_25_34
849,AZ,587116,GENDER_FEMALE,AGE_35_44
850,AZ,587116,GENDER_FEMALE,AGE_45_54
851,AZ,587116,GENDER_FEMALE,AGE_55_100
852,AZ,587116,GENDER_MALE,AGE_13_17
853,AZ,587116,GENDER_MALE,AGE_18_24
854,AZ,587116,GENDER_MALE,AGE_25_34
855,AZ,587116,GENDER_MALE,AGE_35_44
856,AZ,587116,GENDER_MALE,AGE_45_54
857,AZ,587116,GENDER_MALE,AGE_55_100
858,AZ,587116,GENDER_UNLIMITED,AGE_13_17
859,AZ,587116,GENDER_UNLIMITED,AGE_18_24
860,AZ,587116,GENDER_UNLIMITED,AGE_25_34
861,AZ,587116,GENDER_UNLIMITED,AGE_35_44
862,AZ,587116,GENDER_UNLIMITED,AGE_45_54
863,AZ,587116,GENDER_UNLIMITED,AGE_55_100
864,NL,2750405,GENDER_FEMALE,AGE_13_17
865,NL,2750405,GENDER_FEMALE,AGE_18_24
866,NL,2750405,GENDER_FEMALE,AGE_25_34
867,NL,2750405,GENDER_FEMALE,AGE_35_44
868,NL,2750405,GENDER_FEMALE,AGE_45_54
869,NL,2750405,GENDER_FEMALE,AGE_55_100
870,NL,2750405,GENDER_MALE,AGE_13_17
871,NL,2750405,GENDER_MALE,AGE_18_24
872,NL,2750405,GENDER_MALE,AGE_25_34
873,NL,2750405,GENDER_MALE,AGE_35_44
874,NL,2750405,GENDER_MALE,AGE_45_54
875,NL,2750405,GENDER_MALE,AGE_55_100
876,NL,2750405,GENDER_UNLIMITED,AGE_13_17
877,NL,2750405,GENDER_UNLIMITED,AGE_18_24
878,NL,2750405,GENDER_UNLIMITED,AGE_25_34
879,NL,2750405,GENDER_UNLIMITED,AGE_35_44
880,NL,2750405,GENDER_UNLIMITED,AGE_45_54
881,NL,2750405,GENDER_UNLIMITED,AGE_55_100
882,KE,192950,GENDER_FEMALE,AGE_13_17
883,KE,192950,GENDER_FEMALE,AGE_18_24
884,KE,192950,GENDER_FEMALE,AGE_25_34
885,KE,192950,GENDER_FEMALE,AGE_35_44
886,KE,192950,GENDER_FEMALE,AGE_45_54
887,KE,192950,GENDER_FEMALE,AGE_55_100
888,KE,192950,GENDER_MALE,AGE_13_17
889,KE,192950,GENDER_MALE,AGE_18_24
890,KE,192950,GENDER_MALE,AGE_25_34
891,KE,192950,GENDER_MALE,AGE_35_44
892,KE,192950,GENDER_MALE,AGE_45_54
893,KE,192950,GENDER_MALE,AGE_55_100
894,KE,192950,GENDER_UNLIMITED,AGE_13_17
895,KE,192950,GENDER_UNLIMITED,AGE_18_24
896,KE,192950,GENDER_UNLIMITED,AGE_25_34
897,KE,192950,GENDER_UNLIMITED,AGE_35_44
898,KE,192950,GENDER_UNLIMITED,AGE_45_54
899,KE,192950,GENDER_UNLIMITED,AGE_55_100
900,BY,630336,GENDER_FEMALE,AGE_13_17
901,BY,630336,GENDER_FEMALE,AGE_18_24
902,BY,630336,GENDER_FEMALE,AGE_25_34
903,BY,630336,GENDER_FEMALE,AGE_35_44
904,BY,630336,GENDER_FEMALE,AGE_45_54
905,BY,630336,GENDER_FEMALE,AGE_55_100
906,BY,630336,GENDER_MALE,AGE_13_17
907,BY,630336,GENDER_MALE,AGE_18_24
908,BY,630336,GENDER_MALE,AGE_25_34
909,BY,630336,GENDER_MALE,AGE_35_44
910,BY,630336,GENDER_MALE,AGE_45_54
911,BY,630336,GENDER_MALE,AGE_55_100
912,BY,630336,GENDER_UNLIMITED,AGE_13_17
913,BY,630336,GENDER_UNLIMITED,AGE_18_24
914,BY,630336,GENDER_UNLIMITED,AGE_25_34
915,BY,630336,GENDER_UNLIMITED,AGE_35_44
916,BY,630336,GENDER_UNLIMITED,AGE_45_54
917,BY,630336,GENDER_UNLIMITED,AGE_55_100
918,NO,3144096,GENDER_FEMALE,AGE_13_17
919,NO,3144096,GENDER_FEMALE,AGE_18_24
920,NO,3144096,GENDER_FEMALE,AGE_25_34
921,NO,3144096,GENDER_FEMALE,AGE_35_44
922,NO,3144096,GENDER_FEMALE,AGE_45_54
923,NO,3144096,GENDER_FEMALE,AGE_55_100
924,NO,3144096,GENDER_MALE,AGE_13_17
925,NO,3144096,GENDER_MALE,AGE_18_24
926,NO,3144096,GENDER_MALE,AGE_25_34
927,NO,3144096,GENDER_MALE,AGE_35_44
928,NO,3144096,GENDER_MALE,AGE_45_54
929,NO,3144096,GENDER_MALE,AGE_55_100
930,NO,3144096,GENDER_UNLIMITED,AGE_13_17
931,NO,3144096,GENDER_UNLIMITED,AGE_18_24
932,NO,3144096,GENDER_UNLIMITED,AGE_25_34
933,NO,3144096,GENDER_UNLIMITED,AGE_35_44
934,NO,3144096,GENDER_UNLIMITED,AGE_45_54
935,NO,3144096,GENDER_UNLIMITED,AGE_55_100
936,BR,3469034,GENDER_FEMALE,AGE_13_17
937,BR,3469034,GENDER_FEMALE,AGE_18_24
938,BR,3469034,GENDER_FEMALE,AGE_25_34
939,BR,3469034,GENDER_FEMALE,AGE_35_44
940,BR,3469034,GENDER_FEMALE,AGE_45_54
941,BR,3469034,GENDER_FEMALE,AGE_55_100
942,BR,3469034,GENDER_MALE,AGE_13_17
943,BR,3469034,GENDER_MALE,AGE_18_24
944,BR,3469034,GENDER_MALE,AGE_25_34
945,BR,3469034,GENDER_MALE,AGE_35_44
946,BR,3469034,GENDER_MALE,AGE_45_54
947,BR,3469034,GENDER_MALE,AGE_55_100
948,BR,3469034,GENDER_UNLIMITED,AGE_13_17
949,BR,3469034,GENDER_UNLIMITED,AGE_18_24
950,BR,3469034,GENDER_UNLIMITED,AGE_25_34
951,BR,3469034,GENDER_UNLIMITED,AGE_35_44
952,BR,3469034,GENDER_UNLIMITED,AGE_45_54
953,BR,3469034,GENDER_UNLIMITED,AGE_55_100
954,AR,3865483,GENDER_FEMALE,AGE_13_17
955,AR,3865483,GENDER_FEMALE,AGE_18_24
956,AR,3865483,GENDER_FEMALE,AGE_25_34
957,AR,3865483,GENDER_FEMALE,AGE_35_44
958,AR,3865483,GENDER_FEMALE,AGE_45_54
959,AR,3865483,GENDER_FEMALE,AGE_55_100
960,AR,3865483,GENDER_MALE,AGE_13_17
961,AR,3865483,GENDER_MALE,AGE_18_24
962,AR,3865483,GENDER_MALE,AGE_25_34
963,AR,3865483,GENDER_MALE,AGE_35_44
964,AR,3865483,GENDER_MALE,AGE_45_54
965,AR,3865483,GENDER_MALE,AGE_55_100
966,AR,3865483,GENDER_UNLIMITED,AGE_13_17
967,AR,3865483,GENDER_UNLIMITED,AGE_18_24
968,AR,3865483,GENDER_UNLIMITED,AGE_25_34
969,AR,3865483,GENDER_UNLIMITED,AGE_35_44
970,AR,3865483,GENDER_UNLIMITED,AGE_45_54
971,AR,3865483,GENDER_UNLIMITED,AGE_55_100
972,IE,2963597,GENDER_FEMALE,AGE_13_17
973,IE,2963597,GENDER_FEMALE,AGE_18_24
974,IE,2963597,GENDER_FEMALE,AGE_25_34
975,IE,2963597,GENDER_FEMALE,AGE_35_44
976,IE,2963597,GENDER_FEMALE,AGE_45_54
977,IE,2963597,GENDER_FEMALE,AGE_55_100
978,IE,2963597,GENDER_MALE,AGE_13_17
979,IE,2963597,GENDER_MALE,AGE_18_24
980,IE,2963597,GENDER_MALE,AGE_25_34
981,IE,2963597,GENDER_MALE,AGE_35_44
982,IE,2963597,GENDER_MALE,AGE_45_54
983,IE,2963597,GENDER_MALE,AGE_55_100
984,IE,2963597,GENDER_UNLIMITED,AGE_13_17
985,IE,2963597,GENDER_UNLIMITED,AGE_18_24
986,IE,2963597,GENDER_UNLIMITED,AGE_25_34
987,IE,2963597,GENDER_UNLIMITED,AGE_35_44
988,IE,2963597,GENDER_UNLIMITED,AGE_45_54
989,IE,2963597,GENDER_UNLIMITED,AGE_55_100
990,MA,2542007,GENDER_FEMALE,AGE_13_17
991,MA,2542007,GENDER_FEMALE,AGE_18_24
992,MA,2542007,GENDER_FEMALE,AGE_25_34
993,MA,2542007,GENDER_FEMALE,AGE_35_44
994,MA,2542007,GENDER_FEMALE,AGE_45_54
995,MA,2542007,GENDER_FEMALE,AGE_55_100
996,MA,2542007,GENDER_MALE,AGE_13_17
997,MA,2542007,GENDER_MALE,AGE_18_24
998,MA,2542007,GENDER_MALE,AGE_25_34
999,MA,2542007,GENDER_MALE,AGE_35_44
1000,MA,2542007,GENDER_MALE,AGE_45_54
1001,MA,2542007,GENDER_MALE,AGE_55_100
1002,MA,2542007,GENDER_UNLIMITED,AGE_13_17
1003,MA,2542007,GENDER_UNLIMITED,AGE_18_24
1004,MA,2542007,GENDER_UNLIMITED,AGE_25_34
1005,MA,2542007,GENDER_UNLIMITED,AGE_35_44
1006,MA,2542007,GENDER_UNLIMITED,AGE_45_54
1007,MA,2542007,GENDER_UNLIMITED,AGE_55_100
1008,PR,4566966,GENDER_FEMALE,AGE_13_17
1009,PR,4566966,GENDER_FEMALE,AGE_18_24
1010,PR,4566966,GENDER_FEMALE,AGE_25_34
1011,PR,4566966,GENDER_FEMALE,AGE_35_44
1012,PR,4566966,GENDER_FEMALE,AGE_45_54
1013,PR,4566966,GENDER_FEMALE,AGE_55_100
1014,PR,4566966,GENDER_MALE,AGE_13_17
1015,PR,4566966,GENDER_MALE,AGE_18_24
1016,PR,4566966,GENDER_MALE,AGE_25_34
1017,PR,4566966,GENDER_MALE,AGE_35_44
1018,PR,4566966,GENDER_MALE,AGE_45_54
1019,PR,4566966,GENDER_MALE,AGE_55_100
1020,PR,4566966,GENDER_UNLIMITED,AGE_13_17
1021,PR,4566966,GENDER_UNLIMITED,AGE_18_24
1022,PR,4566966,GENDER_UNLIMITED,AGE_25_34
1023,PR,4566966,GENDER_UNLIMITED,AGE_35_44
1024,PR,4566966,GENDER_UNLIMITED,AGE_45_54
1025,PR,4566966,GENDER_UNLIMITED,AGE_55_100
