,country_code,bucket,tiktok_male,tiktok_female,pop_male,pop_female
0,ARE,1519,1500.0,1500.0,264569.0,229444.0
1,ARE,2024,3746500.0,1542500.0,569461.0,349119.0
2,ARE,2534,7856000.0,3084000.0,2180748.0,1010799.0
3,ARE,3544,4395000.0,1921500.0,1789489.0,855313.0
4,ARE,4554,852500.0,660500.0,902422.0,387986.0
5,ARE,55plus,644500.0,542000.0,379735.0,219943.0
6,ARG,1519,500.0,500.0,1847345.0,1746968.0
7,ARG,2024,3501500.0,3915000.0,1769979.0,1691544.0
8,ARG,2534,6553500.0,4974000.0,3551384.0,3424348.0
9,ARG,3544,2208500.0,1840500.0,3276307.0,3196210.0
10,ARG,4554,1342000.0,1186000.0,2835394.0,2825516.0
11,ARG,55plus,1026000.0,1086000.0,2077631.0,2179699.0
12,AUT,1519,500.0,500.0,224406.0,213608.0
13,AUT,2024,311000.0,399500.0,239869.0,227858.0
14,AUT,2534,387500.0,445000.0,590235.0,561590.0
15,AUT,3544,197500.0,220500.0,633253.0,618578.0
16,AUT,4554,131000.0,154000.0,596757.0,601821.0
17,AUT,55plus,100500.0,123500.0,690794.0,700465.0
18,AZE,1519,500.0,500.0,412955.0,370861.0
19,AZE,2024,807500.0,845500.0,343570.0,312059.0
20,AZE,2534,1637000.0,1216500.0,780854.0,814482.0
21,AZE,3544,790500.0,517000.0,836349.0,875976.0
22,AZE,4554,394000.0,271500.0,593989.0,640511.0
23,AZE,55plus,401000.0,388000.0,535285.0,642342.0
24,BEL,1519,500.0,500.0,357527.0,341469.0
25,BEL,2024,532000.0,698000.0,348596.0,332792.0
26,BEL,2534,579500.0,748500.0,737309.0,727246.0
27,BEL,3544,307500.0,386000.0,765320.0,768467.0
28,BEL,4554,212000.0,268500.0,768275.0,758759.0
29,BEL,55plus,165000.0,225000.0,794204.0,790224.0
30,BGD,1519,500.0,500.0,8667972.0,8279631.0
31,BGD,2024,14969500.0,7727500.0,7692709.0,8612787.0
32,BGD,2534,16249500.0,7284000.0,13028043.0,15720846.0
33,BGD,3544,2935000.0,1189000.0,11629997.0,12757105.0
34,BGD,4554,883000.0,418000.0,8529794.0,8545076.0
35,BGD,55plus,1179500.0,613000.0,6044164.0,5893279.0
36,BHR,1519,500.0,500.0,47509.0,43719.0
37,BHR,2024,148000.0,117000.0,68725.0,42445.0
38,BHR,2534,359500.0,215000.0,225797.0,121078.0
39,BHR,3544,146000.0,86500.0,279596.0,116529.0
40,BHR,4554,60500.0,41500.0,146449.0,75399.0
41,BHR,55plus,38500.0,31500.0,66067.0,46240.0
42,BLR,1519,500.0,500.0,262663.0,247868.0
43,BLR,2024,1031500.0,1103000.0,221269.0,209342.0
44,BLR,2534,1561500.0,1083000.0,535411.0,509978.0
45,BLR,3544,598500.0,440500.0,745993.0,733215.0
46,BLR,4554,352500.0,303500.0,604845.0,663283.0
47,BLR,55plus,343000.0,399500.0,544392.0,687448.0
48,BOL,1519,500.0,500.0,603251.0,585303.0
49,BOL,2024,1363000.0,1328500.0,570400.0,557241.0
50,BOL,2534,2096500.0,1585000.0,1059440.0,1045102.0
51,BOL,3544,745000.0,607500.0,845312.0,834288.0
52,BOL,4554,358000.0,324000.0,610544.0,613046.0
53,BOL,55plus,299000.0,326000.0,406697.0,424884.0
54,BRA,1519,500.0,500.0,7482359.0,7211480.0
55,BRA,2024,13624000.0,14844000.0,7838493.0,7627791.0
56,BRA,2534,28797500.0,17682500.0,16239229.0,16098852.0
57,BRA,3544,11521000.0,8653000.0,16433230.0,16709271.0
58,BRA,4554,7628500.0,5901000.0,13925202.0,14620117.0
59,BRA,55plus,7346000.0,6379500.0,10943391.0,11994270.0
60,CAN,1519,500.0,500.0,1139007.0,1103430.0
61,CAN,2024,1955000.0,2215000.0,1256363.0,1215737.0
62,CAN,2534,3932000.0,2930500.0,2981873.0,2795921.0
63,CAN,3544,1264000.0,1105000.0,2850448.0,2810293.0
64,CAN,4554,767000.0,673500.0,2494459.0,2545411.0
65,CAN,55plus,631500.0,604000.0,2595347.0,2657093.0
66,CHE,1519,500.0,500.0,228799.0,216694.0
67,CHE,2024,299000.0,368000.0,235041.0,221470.0
68,CHE,2534,362500.0,443000.0,566308.0,541350.0
69,CHE,3544,198500.0,224000.0,645772.0,632669.0
70,CHE,4554,145500.0,170500.0,614208.0,609043.0
71,CHE,55plus,117000.0,143500.0,648075.0,644538.0
72,CRI,1519,500.0,500.0,184469.0,176844.0
73,CRI,2024,433000.0,460500.0,188626.0,181283.0
74,CRI,2534,941500.0,720500.0,408969.0,397302.0
75,CRI,3544,358500.0,300500.0,402239.0,400163.0
76,CRI,4554,189500.0,173000.0,311666.0,331294.0
77,CRI,55plus,163500.0,178000.0,271371.0,298188.0
78,CZE,1519,500.0,500.0,299842.0,286809.0
79,CZE,2024,307500.0,476000.0,271699.0,260000.0
80,CZE,2534,309500.0,414000.0,601844.0,565834.0
81,CZE,3544,126000.0,160500.0,748684.0,699395.0
82,CZE,4554,89500.0,118000.0,886819.0,841210.0
83,CZE,55plus,66500.0,92000.0,649612.0,648746.0
84,DEU,1519,500.0,500.0,1947389.0,1838953.0
85,DEU,2024,2913500.0,3144000.0,2084525.0,1950436.0
86,DEU,2534,3626000.0,4191500.0,4984372.0,4580196.0
87,DEU,3544,1980500.0,2303000.0,5511583.0,5285695.0
88,DEU,4554,1335000.0,1626000.0,5060644.0,5041698.0
89,DEU,55plus,1177500.0,1592500.0,6503530.0,6562654.0
90,DNK,1519,500.0,500.0,179937.0,171137.0
91,DNK,2024,246500.0,341000.0,188497.0,181669.0
92,DNK,2534,224000.0,291500.0,413938.0,398620.0
93,DNK,3544,85000.0,105000.0,359179.0,349786.0
94,DNK,4554,56000.0,75000.0,378753.0,380507.0
95,DNK,55plus,41500.0,54000.0,394472.0,395944.0
96,DOM,1519,500.0,500.0,501065.0,480805.0
97,DOM,2024,1171500.0,1040500.0,489525.0,472116.0
98,DOM,2534,1980500.0,1338500.0,918855.0,898684.0
99,DOM,3544,653000.0,464000.0,774906.0,774927.0
100,DOM,4554,306000.0,237500.0,622262.0,641165.0
101,DOM,55plus,264000.0,240500.0,470565.0,514069.0
102,DZA,1519,500.0,500.0,1966018.0,1880737.0
103,DZA,2024,3553000.0,2885000.0,1518850.0,1460841.0
104,DZA,2534,6864000.0,3918000.0,3276483.0,3091191.0
105,DZA,3544,2246000.0,1133000.0,3751934.0,3549669.0
106,DZA,4554,871000.0,499000.0,2902978.0,2760633.0
107,DZA,55plus,694000.0,528500.0,1966482.0,1885826.0
108,EGY,1519,1500.0,1500.0,5644245.0,5390361.0
109,EGY,2024,35838500.0,11964000.0,5042469.0,4848741.0
110,EGY,2534,30146500.0,18557000.0,9084764.0,8691107.0
111,EGY,3544,14069500.0,10531500.0,8140037.0,7945153.0
112,EGY,4554,4051000.0,4029000.0,5975901.0,5797744.0
113,EGY,55plus,9394000.0,2822500.0,4054198.0,4160093.0
114,ESP,1519,500.0,500.0,1338690.0,1264568.0
115,ESP,2024,1856000.0,1996000.0,1316716.0,1245750.0
116,ESP,2534,2372500.0,2570500.0,2621150.0,2535200.0
117,ESP,3544,1554000.0,2381500.0,3162322.0,3133224.0
118,ESP,4554,1496000.0,2445000.0,4020627.0,3927757.0
119,ESP,55plus,1276000.0,2431500.0,3536348.0,3649198.0
120,FIN,1519,500.0,500.0,163985.0,156884.0
121,FIN,2024,220500.0,320500.0,161454.0,153381.0
122,FIN,2534,244000.0,307500.0,355432.0,333025.0
123,FIN,3544,107500.0,137500.0,377436.0,352895.0
124,FIN,4554,76000.0,107000.0,342108.0,327799.0
125,FIN,55plus,65000.0,88000.0,354460.0,358713.0
126,FRA,1519,500.0,500.0,2187697.0,2084524.0
127,FRA,2024,2729500.0,3027000.0,2192279.0,2084824.0
128,FRA,2534,3273500.0,3547500.0,3943909.0,3895621.0
129,FRA,3544,1897500.0,2414000.0,4026014.0,4204429.0
130,FRA,4554,1333000.0,1766000.0,4281636.0,4374865.0
131,FRA,55plus,1090500.0,1580500.0,4174183.0,4481437.0
132,GBR,1519,500.0,500.0,2147283.0,2044753.0
133,GBR,2024,2875000.0,3199000.0,2061253.0,1957753.0
134,GBR,2534,3879500.0,4435000.0,4644573.0,4444439.0
135,GBR,3544,2045000.0,3314000.0,4514570.0,4593123.0
136,GBR,4554,1367500.0,2178500.0,4263887.0,4360763.0
137,GBR,55plus,1240500.0,2004000.0,4199397.0,4564101.0
138,GRC,1519,500.0,500.0,282479.0,266616.0
139,GRC,2024,401500.0,523000.0,275038.0,249384.0
140,GRC,2534,573000.0,736000.0,534615.0,486979.0
141,GRC,3544,366500.0,455000.0,628283.0,627371.0
142,GRC,4554,316000.0,409500.0,768642.0,794509.0
143,GRC,55plus,290500.0,424000.0,696290.0,780361.0
144,GTM,1519,500.0,500.0,958330.0,936564.0
145,GTM,2024,1882000.0,1768500.0,939890.0,923662.0
146,GTM,2534,2676000.0,2103000.0,1654228.0,1643694.0
147,GTM,3544,829500.0,658000.0,1194805.0,1214797.0
148,GTM,4554,373000.0,321500.0,727927.0,799820.0
149,GTM,55plus,322000.0,329500.0,435724.0,532811.0
150,HUN,1519,500.0,500.0,254977.0,242320.0
151,HUN,2024,329500.0,426500.0,258712.0,244073.0
152,HUN,2534,476500.0,590500.0,594399.0,557183.0
153,HUN,3544,264000.0,314000.0,641074.0,610664.0
154,HUN,4554,236000.0,297000.0,780998.0,772498.0
155,HUN,55plus,162000.0,229500.0,560855.0,612052.0
156,IRL,1519,500.0,500.0,192180.0,183453.0
157,IRL,2024,288500.0,445000.0,181715.0,175868.0
158,IRL,2534,299500.0,439000.0,329170.0,322091.0
159,IRL,3544,167500.0,253000.0,363455.0,388299.0
160,IRL,4554,141500.0,213000.0,388711.0,400950.0
161,IRL,55plus,104000.0,153500.0,310927.0,319581.0
162,IRQ,1519,500.0,500.0,2520109.0,2402770.0
163,IRQ,2024,6823000.0,5119000.0,2208780.0,2115100.0
164,IRQ,2534,10574000.0,6460500.0,3761704.0,3654815.0
165,IRQ,3544,3087500.0,1599500.0,2686226.0,2684373.0
166,IRQ,4554,1341500.0,737500.0,1947885.0,2013426.0
167,IRQ,55plus,1289000.0,874500.0,1143645.0,1319933.0
168,ITA,1519,500.0,500.0,1480806.0,1397412.0
169,ITA,2024,2247000.0,2317000.0,1559724.0,1465379.0
170,ITA,2534,2595000.0,2783500.0,3255173.0,3013520.0
171,ITA,3544,1564000.0,2003000.0,3461335.0,3405962.0
172,ITA,4554,1584500.0,2128500.0,4366674.0,4403431.0
173,ITA,55plus,1723500.0,2472500.0,4509966.0,4720643.0
174,JPN,1519,1500.0,1500.0,2903961.0,2750026.0
175,JPN,2024,15352000.0,15056000.0,3136998.0,2986343.0
176,JPN,2534,40114000.0,34977000.0,6194414.0,5953869.0
177,JPN,3544,34534000.0,17530500.0,6981661.0,6787158.0
178,JPN,4554,9155000.0,12168500.0,9259254.0,9116671.0
179,JPN,55plus,7454000.0,8260500.0,8183770.0,8036868.0
180,KAZ,1519,500.0,500.0,860694.0,821650.0
181,KAZ,2024,2322000.0,2461000.0,643748.0,618716.0
182,KAZ,2534,3663500.0,2552500.0,1375828.0,1338288.0
183,KAZ,3544,1432000.0,1008500.0,1496148.0,1496632.0
184,KAZ,4554,786000.0,652500.0,1105995.0,1204856.0
185,KAZ,55plus,657000.0,757500.0,878789.0,1052580.0
186,KEN,1519,500.0,500.0,3327181.0,3314668.0
187,KEN,2024,3204000.0,2244000.0,2836210.0,2900422.0
188,KEN,2534,4916000.0,2694000.0,4374464.0,4589867.0
189,KEN,3544,1550500.0,820500.0,3385955.0,3330779.0
190,KEN,4554,607000.0,351500.0,2165767.0,2135874.0
191,KEN,55plus,364000.0,312500.0,1248806.0,1324462.0
192,KOR,1519,1000.0,1000.0,1186996.0,1116139.0
193,KOR,2024,5969000.0,5803000.0,1407244.0,1292288.0
194,KOR,2534,15943500.0,10108000.0,3761187.0,3320203.0
195,KOR,3544,17239500.0,5934000.0,3708323.0,3409962.0
196,KOR,4554,2995000.0,3299500.0,4149582.0,4025828.0
197,KOR,55plus,3456500.0,3856000.0,4191824.0,4233539.0
198,KWT,1519,1500.0,1500.0,147368.0,140802.0
199,KWT,2024,1336000.0,525000.0,138302.0,119848.0
200,KWT,2534,2540500.0,1108000.0,636324.0,333489.0
201,KWT,3544,1032500.0,650500.0,816745.0,425275.0
202,KWT,4554,290500.0,220500.0,542936.0,287548.0
203,KWT,55plus,232000.0,163500.0,247661.0,136415.0
204,LBN,1519,500.0,500.0,275198.0,257650.0
205,LBN,2024,659500.0,538500.0,253410.0,227905.0
206,LBN,2534,1145000.0,739500.0,381295.0,410512.0
207,LBN,3544,391500.0,245000.0,328060.0,374605.0
208,LBN,4554,205000.0,136000.0,295621.0,344876.0
209,LBN,55plus,191500.0,161500.0,277118.0,315586.0
210,LKA,1519,500.0,500.0,875490.0,856169.0
211,LKA,2024,1366500.0,874000.0,836957.0,817169.0
212,LKA,2534,1885000.0,1005000.0,1555947.0,1558165.0
213,LKA,3544,501500.0,252500.0,1451780.0,1567175.0
214,LKA,4554,181500.0,113500.0,1336886.0,1443168.0
215,LKA,55plus,104000.0,77000.0,1101829.0,1260487.0
216,MAR,1519,1500.0,1500.0,1664751.0,1584878.0
217,MAR,2024,16346000.0,4269000.0,1510520.0,1438990.0
218,MAR,2534,10427000.0,5947500.0,2944953.0,2812845.0
219,MAR,3544,5330500.0,3759500.0,2804584.0,2750550.0
220,MAR,4554,1396000.0,1644000.0,2253637.0,2264311.0
221,MAR,55plus,2867000.0,1416000.0,1701598.0,1767288.0
222,MEX,1519,500.0,500.0,5658563.0,5487934.0
223,MEX,2024,12354000.0,12700500.0,5598363.0,5502324.0
224,MEX,2534,25376000.0,17710500.0,10370957.0,10649238.0
225,MEX,3544,7072000.0,5973000.0,8718110.0,9707153.0
226,MEX,4554,3848000.0,3477500.0,7065494.0,8389238.0
227,MEX,55plus,2883000.0,3001500.0,5385968.0,6382383.0
228,NGA,1519,500.0,500.0,13685202.0,13173225.0
229,NGA,2024,7410500.0,5137000.0,11610583.0,11187791.0
230,NGA,2534,13447000.0,6321500.0,16998814.0,16420743.0
231,NGA,3544,4668000.0,2079000.0,12236486.0,11920962.0
232,NGA,4554,1975000.0,965000.0,8457920.0,8354606.0
233,NGA,55plus,1485000.0,887500.0,4902912.0,5041940.0
234,NLD,1519,500.0,500.0,509509.0,488177.0
235,NLD,2024,775000.0,1108000.0,589941.0,570673.0
236,NLD,2534,845000.0,1187500.0,1248008.0,1217771.0
237,NLD,3544,393000.0,558500.0,1145215.0,1127310.0
238,NLD,4554,301500.0,469500.0,1096492.0,1106190.0
239,NLD,55plus,261500.0,365000.0,1256118.0,1261756.0
240,NOR,1519,500.0,500.0,175508.0,166539.0
241,NOR,2024,270500.0,362500.0,177597.0,169914.0
242,NOR,2534,252500.0,316000.0,391992.0,373099.0
243,NOR,3544,123500.0,155000.0,387815.0,372154.0
244,NOR,4554,86500.0,120500.0,372116.0,356609.0
245,NOR,55plus,63000.0,80500.0,356753.0,344628.0
246,OMN,1519,500.0,500.0,161282.0,154902.0
247,OMN,2024,321500.0,239500.0,282025.0,151686.0
248,OMN,2534,848500.0,403000.0,871609.0,379817.0
249,OMN,3544,252500.0,117000.0,847017.0,368042.0
250,OMN,4554,72500.0,38500.0,377168.0,191625.0
251,OMN,55plus,46000.0,36500.0,138068.0,87478.0
252,PAK,1519,500.0,500.0,14000905.0,13328582.0
253,PAK,2024,19035000.0,9012500.0,12065308.0,11538231.0
254,PAK,2534,23483000.0,10328500.0,19794340.0,18903549.0
255,PAK,3544,5797000.0,2273000.0,14642574.0,14248505.0
256,PAK,4554,1775000.0,764000.0,9730731.0,9690455.0
257,PAK,55plus,1932000.0,915000.0,6695295.0,6946714.0
258,PAN,1519,500.0,500.0,188454.0,180632.0
259,PAN,2024,383500.0,391500.0,183117.0,176351.0
260,PAN,2534,720500.0,534000.0,347437.0,339770.0
261,PAN,3544,267000.0,215000.0,315651.0,312434.0
262,PAN,4554,150500.0,137500.0,267375.0,269646.0
263,PAN,55plus,127500.0,146500.0,209046.0,218697.0
264,POL,1519,500.0,500.0,988181.0,939694.0
265,POL,2024,1420500.0,1722500.0,845397.0,807288.0
266,POL,2534,1802000.0,2375000.0,2176934.0,2085764.0
267,POL,3544,980500.0,1268000.0,2975259.0,2886246.0
268,POL,4554,635000.0,869500.0,2682194.0,2667469.0
269,POL,55plus,463000.0,734000.0,2036308.0,2178700.0
270,PRI,1519,500.0,500.0,92106.0,86929.0
271,PRI,2024,29500.0,37500.0,104269.0,99859.0
272,PRI,2534,72500.0,50500.0,197653.0,204409.0
273,PRI,3544,52500.0,42500.0,177211.0,198007.0
274,PRI,4554,33000.0,29500.0,196873.0,221218.0
275,PRI,55plus,50500.0,30500.0,204418.0,240955.0
276,PRT,1519,500.0,500.0,266185.0,257000.0
277,PRT,2024,380500.0,560500.0,291190.0,278358.0
278,PRT,2534,546000.0,777000.0,573058.0,557579.0
279,PRT,3544,292500.0,418000.0,619293.0,645261.0
280,PRT,4554,232000.0,367500.0,761873.0,830650.0
281,PRT,55plus,172000.0,304000.0,697716.0,795902.0
282,PRY,1519,500.0,500.0,302116.0,289686.0
283,PRY,2024,625000.0,604000.0,291883.0,281492.0
284,PRY,2534,1061000.0,775000.0,595709.0,580440.0
285,PRY,3544,400500.0,293000.0,504914.0,496887.0
286,PRY,4554,188000.0,153000.0,339861.0,340377.0
287,PRY,55plus,146500.0,157000.0,254983.0,273861.0
288,QAT,1519,1500.0,1500.0,62951.0,51444.0
289,QAT,2024,791500.0,318500.0,108097.0,50399.0
290,QAT,2534,1902500.0,619500.0,575137.0,173708.0
291,QAT,3544,834000.0,340500.0,605715.0,182892.0
292,QAT,4554,178000.0,104500.0,288663.0,86784.0
293,QAT,55plus,128500.0,83000.0,98368.0,36247.0
294,ROU,1519,500.0,500.0,556653.0,533841.0
295,ROU,2024,764000.0,872500.0,513019.0,492570.0
296,ROU,2534,1087500.0,1103000.0,1046933.0,998628.0
297,ROU,3544,829500.0,910500.0,1328695.0,1246591.0
298,ROU,4554,677000.0,804000.0,1487382.0,1448788.0
299,ROU,55plus,625500.0,911500.0,1190989.0,1282126.0
300,SAU,1519,1500.0,1500.0,1275970.0,1201691.0
301,SAU,2024,15699000.0,6676500.0,1539841.0,1148715.0
302,SAU,2534,25113000.0,12798500.0,4814589.0,2617454.0
303,SAU,3544,15840500.0,7420500.0,4672624.0,2237675.0
304,SAU,4554,2411000.0,2811500.0,2549360.0,1257870.0
305,SAU,55plus,3093000.0,1844000.0,1246086.0,705958.0
306,SWE,1519,500.0,500.0,326118.0,307305.0
307,SWE,2024,489500.0,688500.0,315027.0,293110.0
308,SWE,2534,533000.0,666000.0,713835.0,660188.0
309,SWE,3544,226000.0,283000.0,726065.0,688016.0
310,SWE,4554,148500.0,199500.0,665306.0,643691.0
311,SWE,55plus,129500.0,168000.0,651369.0,638940.0
312,TUR,1519,1500.0,1500.0,3148027.0,3025740.0
313,TUR,2024,36251500.0,12797500.0,3147425.0,3011567.0
314,TUR,2534,24521500.0,12354000.0,6739944.0,6457108.0
315,TUR,3544,12003000.0,6810500.0,6446088.0,6310556.0
316,TUR,4554,3973000.0,3807000.0,5760318.0,5763473.0
317,TUR,55plus,3929500.0,2392500.0,4357324.0,4484460.0
318,UKR,1519,1000.0,1000.0,1128894.0,1075080.0
319,UKR,2024,50305500.0,4541000.0,1003431.0,974012.0
320,UKR,2534,11770500.0,8443000.0,2425448.0,2370639.0
321,UKR,3544,10971500.0,3270500.0,3302494.0,3248276.0
322,UKR,4554,1808500.0,2767000.0,2535508.0,2832335.0
323,UKR,55plus,1856000.0,1805000.0,2448926.0,2901953.0
324,URY,1519,500.0,500.0,119164.0,113909.0
325,URY,2024,259500.0,290500.0,122252.0,117352.0
326,URY,2534,543500.0,394000.0,253103.0,245124.0
327,URY,3544,173500.0,149500.0,224784.0,221079.0
328,URY,4554,125000.0,106500.0,213867.0,219312.0
329,URY,55plus,114000.0,121000.0,181681.0,196211.0
330,USA,1519,500.0,500.0,11454686.0,10792499.0
331,USA,2024,12682500.0,14525000.0,11587245.0,10886816.0
332,USA,2534,18914000.0,16256500.0,23494305.0,21927231.0
333,USA,3544,19250500.0,15100500.0,23766429.0,22350890.0
334,USA,4554,12608500.0,9729000.0,20871095.0,20021867.0
335,USA,55plus,16837500.0,9759500.0,20612996.0,20564704.0
336,ZAF,1519,1500.0,1500.0,2731294.0,2706494.0
337,ZAF,2024,15407000.0,9242500.0,2597837.0,2532950.0
338,ZAF,2534,24212000.0,17910500.0,5560225.0,5638288.0
339,ZAF,3544,12319500.0,11845000.0,5107335.0,5180467.0
340,ZAF,4554,2551500.0,4652500.0,3290462.0,3493533.0
341,ZAF,55plus,2874000.0,3111000.0,2119566.0,2675794.0
