country_code,bucket,sex,pop
ABW,1014,male,3469.0
ABW,1014,female,3336.0
ABW,1519,male,3523.0
ABW,1519,female,3382.0
ABW,2024,male,3558.0
ABW,2024,female,3330.0
ABW,2534,male,6098.0
ABW,2534,female,6023.0
ABW,3544,male,6371.0
ABW,3544,female,7118.0
ABW,4554,male,6585.0
ABW,4554,female,8088.0
ABW,55plus,male,7544.0
ABW,55plus,female,9030.0
AFE,1014,male,47300814.0
AFE,1014,female,46694685.0
AFE,1519,male,42634871.0
AFE,1519,female,42289984.0
AFE,2024,male,36807912.0
AFE,2024,female,36825828.0
AFE,2534,male,58224069.0
AFE,2534,female,59181255.0
AFE,3544,male,40697347.0
AFE,3544,female,42216205.0
AFE,4554,male,25913152.0
AFE,4554,female,27862894.0
AFE,55plus,male,15654201.0
AFE,55plus,female,18138555.0
AFG,1014,male,2841953.0
AFG,1014,female,2712084.0
AFG,1519,male,2496388.0
AFG,1519,female,2375400.0
AFG,2024,male,2224214.0
AFG,2024,female,2128453.0
AFG,2534,male,3386559.0
AFG,2534,female,3313136.0
AFG,3544,male,2028002.0
AFG,3544,female,2006280.0
AFG,4554,male,1303661.0
AFG,4554,female,1321434.0
AFG,55plus,male,715867.0
AFG,55plus,female,820783.0
AFW,1014,male,34211866.0
AFW,1014,female,33174691.0
AFW,1519,male,30118525.0
AFW,1519,female,29164429.0
AFW,2024,male,25365659.0
AFW,2024,female,24624732.0
AFW,2534,male,38223269.0
AFW,2534,female,37521891.0
AFW,3544,male,27634367.0
AFW,3544,female,27437860.0
AFW,4554,male,18592949.0
AFW,4554,female,18586432.0
AFW,55plus,male,10892497.0
AFW,55plus,female,11433829.0
AGO,1014,male,2512835.0
AGO,1014,female,2497814.0
AGO,1519,male,2094121.0
AGO,1519,female,2089502.0
AGO,2024,male,1679555.0
AGO,2024,female,1689138.0
AGO,2534,male,2574013.0
AGO,2534,female,2625561.0
AGO,3544,male,1883239.0
AGO,3544,female,1955954.0
AGO,4554,male,1196161.0
AGO,4554,female,1299671.0
AGO,55plus,male,744278.0
AGO,55plus,female,862604.0
ALB,1014,male,87242.0
ALB,1014,female,79443.0
ALB,1519,male,82409.0
ALB,1519,female,75492.0
ALB,2024,male,91242.0
ALB,2024,female,84238.0
ALB,2534,male,219768.0
ALB,2534,female,215181.0
ALB,3544,male,184018.0
ALB,3544,female,176252.0
ALB,4554,male,139430.0
ALB,4554,female,162765.0
ALB,55plus,male,162895.0
ALB,55plus,female,184506.0
AND,1014,male,1944.0
AND,1014,female,1915.0
AND,1519,male,2279.0
AND,1519,female,2128.0
AND,2024,male,2426.0
AND,2024,female,2274.0
AND,2534,male,5710.0
AND,2534,female,5052.0
AND,3544,male,6198.0
AND,3544,female,5949.0
AND,4554,male,7363.0
AND,4554,female,7177.0
AND,55plus,male,6713.0
AND,55plus,female,6271.0
ARB,1014,male,26553201.0
ARB,1014,female,25469594.0
ARB,1519,male,23648798.0
ARB,1519,female,22668985.0
ARB,2024,male,21774858.0
ARB,2024,female,20317383.0
ARB,2534,male,42765994.0
ARB,2534,female,37158830.0
ARB,3544,male,36830053.0
ARB,3544,female,31830883.0
ARB,4554,male,25129271.0
ARB,4554,female,22826456.0
ARB,55plus,male,15840417.0
ARB,55plus,female,15576483.0
ARE,1014,male,291150.0
ARE,1014,female,287858.0
ARE,1519,male,264569.0
ARE,1519,female,229444.0
ARE,2024,male,569461.0
ARE,2024,female,349119.0
ARE,2534,male,2180748.0
ARE,2534,female,1010799.0
ARE,3544,male,1789489.0
ARE,3544,female,855313.0
ARE,4554,male,902422.0
ARE,4554,female,387986.0
ARE,55plus,male,379735.0
ARE,55plus,female,219943.0
ARG,1014,male,1917905.0
ARG,1014,female,1812685.0
ARG,1519,male,1847345.0
ARG,1519,female,1746968.0
ARG,2024,male,1769979.0
ARG,2024,female,1691544.0
ARG,2534,male,3551384.0
ARG,2534,female,3424348.0
ARG,3544,male,3276307.0
ARG,3544,female,3196210.0
ARG,4554,male,2835394.0
ARG,4554,female,2825516.0
ARG,55plus,male,2077631.0
ARG,55plus,female,2179699.0
ARM,1014,male,105148.0
ARM,1014,female,96327.0
ARM,1519,male,98071.0
ARM,1519,female,92730.0
ARM,2024,male,87821.0
ARM,2024,female,88101.0
ARM,2534,male,202363.0
ARM,2534,female,210362.0
ARM,3544,male,223208.0
ARM,3544,female,251280.0
ARM,4554,male,158911.0
ARM,4554,female,193315.0
ARM,55plus,male,151277.0
ARM,55plus,female,204613.0
ASM,1014,male,2301.0
ASM,1014,female,2250.0
ASM,1519,male,2369.0
ASM,1519,female,2288.0
ASM,2024,male,2050.0
ASM,2024,female,1866.0
ASM,2534,male,2495.0
ASM,2534,female,2513.0
ASM,3544,male,2764.0
ASM,3544,female,2651.0
ASM,4554,male,2970.0
ASM,4554,female,2871.0
ASM,55plus,male,2614.0
ASM,55plus,female,2522.0
ATG,1014,male,2912.0
ATG,1014,female,2828.0
ATG,1519,male,3326.0
ATG,1519,female,3237.0
ATG,2024,male,3307.0
ATG,2024,female,3226.0
ATG,2534,male,7073.0
ATG,2534,female,7182.0
ATG,3544,male,6631.0
ATG,3544,female,7123.0
ATG,4554,male,5933.0
ATG,4554,female,6813.0
ATG,55plus,male,5490.0
ATG,55plus,female,6789.0
AUS,1014,male,852398.0
AUS,1014,female,806648.0
AUS,1519,male,858724.0
AUS,1519,female,812661.0
AUS,2024,male,839300.0
AUS,2024,female,796406.0
AUS,2534,male,1917527.0
AUS,2534,female,1866078.0
AUS,3544,male,1917861.0
AUS,3544,female,1948653.0
AUS,4554,male,1658434.0
AUS,4554,female,1702178.0
AUS,55plus,male,1527408.0
AUS,55plus,female,1599401.0
AUT,1014,male,224961.0
AUT,1014,female,211298.0
AUT,1519,male,224406.0
AUT,1519,female,213608.0
AUT,2024,male,239869.0
AUT,2024,female,227858.0
AUT,2534,male,590235.0
AUT,2534,female,561590.0
AUT,3544,male,633253.0
AUT,3544,female,618578.0
AUT,4554,male,596757.0
AUT,4554,female,601821.0
AUT,55plus,male,690794.0
AUT,55plus,female,700465.0
AZE,1014,male,441534.0
AZE,1014,female,398280.0
AZE,1519,male,412955.0
AZE,1519,female,370861.0
AZE,2024,male,343570.0
AZE,2024,female,312059.0
AZE,2534,male,780854.0
AZE,2534,female,814482.0
AZE,3544,male,836349.0
AZE,3544,female,875976.0
AZE,4554,male,593989.0
AZE,4554,female,640511.0
AZE,55plus,male,535285.0
AZE,55plus,female,642342.0
BDI,1014,male,1021974.0
BDI,1014,female,1015094.0
BDI,1519,male,850731.0
BDI,1519,female,849335.0
BDI,2024,male,626835.0
BDI,2024,female,629600.0
BDI,2534,male,908668.0
BDI,2534,female,920894.0
BDI,3544,male,771415.0
BDI,3544,female,797595.0
BDI,4554,male,432859.0
BDI,4554,female,455081.0
BDI,55plus,male,214766.0
BDI,55plus,female,236650.0
BEL,1014,male,347163.0
BEL,1014,female,331615.0
BEL,1519,male,357527.0
BEL,1519,female,341469.0
BEL,2024,male,348596.0
BEL,2024,female,332792.0
BEL,2534,male,737309.0
BEL,2534,female,727246.0
BEL,3544,male,765320.0
BEL,3544,female,768467.0
BEL,4554,male,768275.0
BEL,4554,female,758759.0
BEL,55plus,male,794204.0
BEL,55plus,female,790224.0
BEN,1014,male,928352.0
BEN,1014,female,904152.0
BEN,1519,male,799993.0
BEN,1519,female,777575.0
BEN,2024,male,678470.0
BEN,2024,female,659270.0
BEN,2534,male,1082312.0
BEN,2534,female,1060276.0
BEN,3544,male,763351.0
BEN,3544,female,769215.0
BEN,4554,male,490366.0
BEN,4554,female,512555.0
BEN,55plus,male,307310.0
BEN,55plus,female,334282.0
BFA,1014,male,1622648.0
BFA,1014,female,1574551.0
BFA,1519,male,1407841.0
BFA,1519,female,1370134.0
BFA,2024,male,1147153.0
BFA,2024,female,1125411.0
BFA,2534,male,1729026.0
BFA,2534,female,1731462.0
BFA,3544,male,1233916.0
BFA,3544,female,1261573.0
BFA,4554,male,762164.0
BFA,4554,female,819476.0
BFA,55plus,male,420762.0
BFA,55plus,female,507962.0
BGD,1014,male,8322434.0
BGD,1014,female,7641031.0
BGD,1519,male,8667972.0
BGD,1519,female,8279631.0
BGD,2024,male,7692709.0
BGD,2024,female,8612787.0
BGD,2534,male,13028043.0
BGD,2534,female,15720846.0
BGD,3544,male,11629997.0
BGD,3544,female,12757105.0
BGD,4554,male,8529794.0
BGD,4554,female,8545076.0
BGD,55plus,male,6044164.0
BGD,55plus,female,5893279.0
BGR,1014,male,165714.0
BGR,1014,female,156495.0
BGR,1519,male,168377.0
BGR,1519,female,159464.0
BGR,2024,male,154579.0
BGR,2024,female,145771.0
BGR,2534,male,336695.0
BGR,2534,female,319468.0
BGR,3544,male,467353.0
BGR,3544,female,440532.0
BGR,4554,male,500983.0
BGR,4554,female,481522.0
BGR,55plus,male,418514.0
BGR,55plus,female,440246.0
BHR,1014,male,51940.0
BHR,1014,female,49936.0
BHR,1519,male,47509.0
BHR,1519,female,43719.0
BHR,2024,male,68725.0
BHR,2024,female,42445.0
BHR,2534,male,225797.0
BHR,2534,female,121078.0
BHR,3544,male,279596.0
BHR,3544,female,116529.0
BHR,4554,male,146449.0
BHR,4554,female,75399.0
BHR,55plus,male,66067.0
BHR,55plus,female,46240.0
BHS,1014,male,13296.0
BHS,1014,female,13005.0
BHS,1519,male,14508.0
BHS,1519,female,14354.0
BHS,2024,male,14222.0
BHS,2024,female,14442.0
BHS,2534,male,31633.0
BHS,2534,female,33370.0
BHS,3544,male,27658.0
BHS,3544,female,30809.0
BHS,4554,male,25477.0
BHS,4554,female,28639.0
BHS,55plus,male,22515.0
BHS,55plus,female,25934.0
BIH,1014,male,74130.0
BIH,1014,female,68980.0
BIH,1519,male,83664.0
BIH,1519,female,77524.0
BIH,2024,male,87168.0
BIH,2024,female,80210.0
BIH,2534,male,175606.0
BIH,2534,female,156125.0
BIH,3544,male,214641.0
BIH,3544,female,204045.0
BIH,4554,male,231300.0
BIH,4554,female,244108.0
BIH,55plus,male,218020.0
BIH,55plus,female,246405.0
BLR,1014,male,299539.0
BLR,1014,female,282097.0
BLR,1519,male,262663.0
BLR,1519,female,247868.0
BLR,2024,male,221269.0
BLR,2024,female,209342.0
BLR,2534,male,535411.0
BLR,2534,female,509978.0
BLR,3544,male,745993.0
BLR,3544,female,733215.0
BLR,4554,male,604845.0
BLR,4554,female,663283.0
BLR,55plus,male,544392.0
BLR,55plus,female,687448.0
BLZ,1014,male,18910.0
BLZ,1014,female,18047.0
BLZ,1519,male,19312.0
BLZ,1519,female,18555.0
BLZ,2024,male,20136.0
BLZ,2024,female,19415.0
BLZ,2534,male,39540.0
BLZ,2534,female,37923.0
BLZ,3544,male,30958.0
BLZ,3544,female,30697.0
BLZ,4554,male,21571.0
BLZ,4554,female,22277.0
BLZ,55plus,male,14376.0
BLZ,55plus,female,14950.0
BMU,1014,male,1586.0
BMU,1014,female,1532.0
BMU,1519,male,1782.0
BMU,1519,female,1605.0
BMU,2024,male,1718.0
BMU,2024,female,1607.0
BMU,2534,male,3315.0
BMU,2534,female,3450.0
BMU,3544,male,4120.0
BMU,3544,female,4257.0
BMU,4554,male,4910.0
BMU,4554,female,4535.0
BMU,55plus,male,5064.0
BMU,55plus,female,4977.0
BOL,1014,male,618797.0
BOL,1014,female,598585.0
BOL,1519,male,603251.0
BOL,1519,female,585303.0
BOL,2024,male,570400.0
BOL,2024,female,557241.0
BOL,2534,male,1059440.0
BOL,2534,female,1045102.0
BOL,3544,male,845312.0
BOL,3544,female,834288.0
BOL,4554,male,610544.0
BOL,4554,female,613046.0
BOL,55plus,male,406697.0
BOL,55plus,female,424884.0
BRA,1014,male,7336200.0
BRA,1014,female,7048378.0
BRA,1519,male,7482359.0
BRA,1519,female,7211480.0
BRA,2024,male,7838493.0
BRA,2024,female,7627791.0
BRA,2534,male,16239229.0
BRA,2534,female,16098852.0
BRA,3544,male,16433230.0
BRA,3544,female,16709271.0
BRA,4554,male,13925202.0
BRA,4554,female,14620117.0
BRA,55plus,male,10943391.0
BRA,55plus,female,11994270.0
BRB,1014,male,8432.0
BRB,1014,female,8156.0
BRB,1519,male,9253.0
BRB,1519,female,8910.0
BRB,2024,male,9329.0
BRB,2024,female,9099.0
BRB,2534,male,18339.0
BRB,2534,female,18423.0
BRB,3544,male,18115.0
BRB,3544,female,19023.0
BRB,4554,male,17999.0
BRB,4554,female,19699.0
BRB,55plus,male,17497.0
BRB,55plus,female,20421.0
BRN,1014,male,17125.0
BRN,1014,female,15820.0
BRN,1519,male,16399.0
BRN,1519,female,15102.0
BRN,2024,male,18600.0
BRN,2024,female,17039.0
BRN,2534,male,44663.0
BRN,2534,female,35827.0
BRN,3544,male,44802.0
BRN,3544,female,34647.0
BRN,4554,male,34934.0
BRN,4554,female,30431.0
BRN,55plus,male,22343.0
BRN,55plus,female,21602.0
BTN,1014,male,32822.0
BTN,1014,female,29889.0
BTN,1519,male,34809.0
BTN,1519,female,31838.0
BTN,2024,male,37996.0
BTN,2024,female,35393.0
BTN,2534,male,84925.0
BTN,2534,female,69162.0
BTN,3544,male,77514.0
BTN,3544,female,62190.0
BTN,4554,male,49430.0
BTN,4554,female,40426.0
BTN,55plus,male,30779.0
BTN,55plus,female,27208.0
BWA,1014,male,125214.0
BWA,1014,female,123581.0
BWA,1519,male,122253.0
BWA,1519,female,121150.0
BWA,2024,male,122839.0
BWA,2024,female,122883.0
BWA,2534,male,242844.0
BWA,2534,female,242845.0
BWA,3544,male,165705.0
BWA,3544,female,161424.0
BWA,4554,male,100720.0
BWA,4554,female,104030.0
BWA,55plus,male,63329.0
BWA,55plus,female,68722.0
CAF,1014,male,407127.0
CAF,1014,female,399655.0
CAF,1519,male,337077.0
CAF,1519,female,337497.0
CAF,2024,male,272479.0
CAF,2024,female,290999.0
CAF,2534,male,326079.0
CAF,2534,female,388841.0
CAF,3544,male,149314.0
CAF,3544,female,206712.0
CAF,4554,male,91330.0
CAF,4554,female,127880.0
CAF,55plus,male,70097.0
CAF,55plus,female,109786.0
CAN,1014,male,1097195.0
CAN,1014,female,1049681.0
CAN,1519,male,1139007.0
CAN,1519,female,1103430.0
CAN,2024,male,1256363.0
CAN,2024,female,1215737.0
CAN,2534,male,2981873.0
CAN,2534,female,2795921.0
CAN,3544,male,2850448.0
CAN,3544,female,2810293.0
CAN,4554,male,2494459.0
CAN,4554,female,2545411.0
CAN,55plus,male,2595347.0
CAN,55plus,female,2657093.0
CEB,1014,male,2646249.0
CEB,1014,female,2513363.0
CEB,1519,male,2735784.0
CEB,1519,female,2607532.0
CEB,2024,male,2479067.0
CEB,2024,female,2363736.0
CEB,2534,male,5792155.0
CEB,2534,female,5491398.0
CEB,3544,male,7439037.0
CEB,3544,female,7077859.0
CEB,4554,male,7596380.0
CEB,4554,female,7442613.0
CEB,55plus,male,5967048.0
CEB,55plus,female,6376577.0
CHE,1014,male,232473.0
CHE,1014,female,219662.0
CHE,1519,male,228799.0
CHE,1519,female,216694.0
CHE,2024,male,235041.0
CHE,2024,female,221470.0
CHE,2534,male,566308.0
CHE,2534,female,541350.0
CHE,3544,male,645772.0
CHE,3544,female,632669.0
CHE,4554,male,614208.0
CHE,4554,female,609043.0
CHE,55plus,male,648075.0
CHE,55plus,female,644538.0
CHI,1014,male,4501.0
CHI,1014,female,4367.0
CHI,1519,male,4499.0
CHI,1519,female,4378.0
CHI,2024,male,4643.0
CHI,2024,female,4488.0
CHI,2534,male,10324.0
CHI,2534,female,9855.0
CHI,3544,male,11467.0
CHI,3544,female,11273.0
CHI,4554,male,11666.0
CHI,4554,female,11922.0
CHI,55plus,male,12761.0
CHI,55plus,female,13161.0
CHL,1014,male,632896.0
CHL,1014,female,609304.0
CHL,1519,male,623629.0
CHL,1519,female,600000.0
CHL,2024,male,657857.0
CHL,2024,female,638301.0
CHL,2534,male,1599490.0
CHL,2534,female,1564641.0
CHL,3544,male,1537659.0
CHL,3544,female,1509754.0
CHL,4554,male,1316562.0
CHL,4554,female,1312981.0
CHL,55plus,male,1135268.0
CHL,55plus,female,1180044.0
CHN,1014,male,48117187.0
CHN,1014,female,41490149.0
CHN,1519,male,45314641.0
CHN,1519,female,38657905.0
CHN,2024,male,42180291.0
CHN,2024,female,36004354.0
CHN,2534,male,95737610.0
CHN,2534,female,84188048.0
CHN,3544,male,115015122.0
CHN,3544,female,107188260.0
CHN,4554,male,104255455.0
CHN,4554,female,101497634.0
CHN,55plus,male,103251276.0
CHN,55plus,female,105438044.0
CIV,1014,male,2071652.0
CIV,1014,female,2001803.0
CIV,1519,male,1821055.0
CIV,1519,female,1732287.0
CIV,2024,male,1504123.0
CIV,2024,female,1388637.0
CIV,2534,male,2285865.0
CIV,2534,female,2265354.0
CIV,3544,male,1916443.0
CIV,3544,female,1950929.0
CIV,4554,male,1307610.0
CIV,4554,female,1134380.0
CIV,55plus,male,683013.0
CIV,55plus,female,620277.0
CMR,1014,male,1830617.0
CMR,1014,female,1809995.0
CMR,1519,male,1619293.0
CMR,1519,female,1612191.0
CMR,2024,male,1359638.0
CMR,2024,female,1359719.0
CMR,2534,male,2167236.0
CMR,2534,female,2184936.0
CMR,3544,male,1600039.0
CMR,3544,female,1623698.0
CMR,4554,male,1010863.0
CMR,4554,female,1041472.0
CMR,55plus,male,564749.0
CMR,55plus,female,608021.0
COD,1014,male,7178438.0
COD,1014,female,7188912.0
COD,1519,male,5896690.0
COD,1519,female,5926746.0
COD,2024,male,4845048.0
COD,2024,female,4890373.0
COD,2534,male,7485641.0
COD,2534,female,7606216.0
COD,3544,male,4920085.0
COD,3544,female,5043024.0
COD,4554,male,3146102.0
COD,4554,female,3304220.0
COD,55plus,male,2122045.0
COD,55plus,female,2320375.0
COG,1014,male,417747.0
COG,1014,female,410903.0
COG,1519,male,355117.0
COG,1519,female,351017.0
COG,2024,male,282137.0
COG,2024,female,280068.0
COG,2534,male,436634.0
COG,2534,female,435017.0
COG,3544,male,353849.0
COG,3544,female,354350.0
COG,4554,male,261640.0
COG,4554,female,265490.0
COG,55plus,male,154915.0
COG,55plus,female,165607.0
COL,1014,male,1846244.0
COL,1014,female,1771084.0
COL,1519,male,1995140.0
COL,1519,female,1918233.0
COL,2024,male,2175030.0
COL,2024,female,2121962.0
COL,2534,male,4581800.0
COL,2534,female,4572201.0
COL,3544,male,3942116.0
COL,3544,female,3995975.0
COL,4554,male,3148316.0
COL,4554,female,3305573.0
COL,55plus,male,2648032.0
COL,55plus,female,2890440.0
COM,1014,male,51180.0
COM,1014,female,49668.0
COM,1519,male,45769.0
COM,1519,female,43768.0
COM,2024,male,40657.0
COM,2024,female,38961.0
COM,2534,male,61156.0
COM,2534,female,63677.0
COM,3544,male,52046.0
COM,3544,female,51824.0
COM,4554,male,38104.0
COM,4554,female,36031.0
COM,55plus,male,23226.0
COM,55plus,female,22799.0
CPV,1014,male,25419.0
CPV,1014,female,23919.0
CPV,1519,male,25124.0
CPV,1519,female,23285.0
CPV,2024,male,22889.0
CPV,2024,female,20326.0
CPV,2534,male,46762.0
CPV,2534,female,42533.0
CPV,3544,male,43006.0
CPV,3544,female,39806.0
CPV,4554,male,27865.0
CPV,4554,female,25260.0
CPV,55plus,male,20714.0
CPV,55plus,female,21811.0
CRI,1014,male,180133.0
CRI,1014,female,172537.0
CRI,1519,male,184469.0
CRI,1519,female,176844.0
CRI,2024,male,188626.0
CRI,2024,female,181283.0
CRI,2534,male,408969.0
CRI,2534,female,397302.0
CRI,3544,male,402239.0
CRI,3544,female,400163.0
CRI,4554,male,311666.0
CRI,4554,female,331294.0
CRI,55plus,male,271371.0
CRI,55plus,female,298188.0
CSS,1014,male,129022.0
CSS,1014,female,125059.0
CSS,1519,male,129419.0
CSS,1519,female,125629.0
CSS,2024,male,128089.0
CSS,2024,female,124977.0
CSS,2534,male,256812.0
CSS,2534,female,257094.0
CSS,3544,male,210937.0
CSS,3544,female,219245.0
CSS,4554,male,180359.0
CSS,4554,female,191199.0
CSS,55plus,male,152510.0
CSS,55plus,female,166848.0
CUB,1014,male,317406.0
CUB,1014,female,298483.0
CUB,1519,male,299582.0
CUB,1519,female,285518.0
CUB,2024,male,326080.0
CUB,2024,female,311856.0
CUB,2534,male,706384.0
CUB,2534,female,667641.0
CUB,3544,male,738481.0
CUB,3544,female,707216.0
CUB,4554,male,774323.0
CUB,4554,female,791664.0
CUB,55plus,male,873158.0
CUB,55plus,female,948966.0
CUW,1014,male,4585.0
CUW,1014,female,4400.0
CUW,1519,male,4254.0
CUW,1519,female,4114.0
CUW,2024,male,5118.0
CUW,2024,female,4619.0
CUW,2534,male,13545.0
CUW,2534,female,11291.0
CUW,3544,male,9810.0
CUW,3544,female,9333.0
CUW,4554,male,8377.0
CUW,4554,female,9968.0
CUW,55plus,male,8804.0
CUW,55plus,female,11536.0
CYM,1014,male,1962.0
CYM,1014,female,1922.0
CYM,1519,male,2060.0
CYM,1519,female,1981.0
CYM,2024,male,1974.0
CYM,2024,female,1994.0
CYM,2534,male,5617.0
CYM,2534,female,5550.0
CYM,3544,male,7190.0
CYM,3544,female,6977.0
CYM,4554,male,6726.0
CYM,4554,female,6417.0
CYM,55plus,male,5023.0
CYM,55plus,female,4944.0
CYP,1014,male,36779.0
CYP,1014,female,34689.0
CYP,1519,male,35091.0
CYP,1519,female,33093.0
CYP,2024,male,37960.0
CYP,2024,female,36411.0
CYP,2534,male,104053.0
CYP,2534,female,96692.0
CYP,3544,male,134969.0
CYP,3544,female,119106.0
CYP,4554,male,94402.0
CYP,4554,female,97709.0
CYP,55plus,male,75872.0
CYP,55plus,female,80279.0
CZE,1014,male,282988.0
CZE,1014,female,268996.0
CZE,1519,male,299842.0
CZE,1519,female,286809.0
CZE,2024,male,271699.0
CZE,2024,female,260000.0
CZE,2534,male,601844.0
CZE,2534,female,565834.0
CZE,3544,male,748684.0
CZE,3544,female,699395.0
CZE,4554,male,886819.0
CZE,4554,female,841210.0
CZE,55plus,male,649612.0
CZE,55plus,female,648746.0
DEU,1014,male,1944845.0
DEU,1014,female,1840606.0
DEU,1519,male,1947389.0
DEU,1519,female,1838953.0
DEU,2024,male,2084525.0
DEU,2024,female,1950436.0
DEU,2534,male,4984372.0
DEU,2534,female,4580196.0
DEU,3544,male,5511583.0
DEU,3544,female,5285695.0
DEU,4554,male,5060644.0
DEU,4554,female,5041698.0
DEU,55plus,male,6503530.0
DEU,55plus,female,6562654.0
DJI,1014,male,56963.0
DJI,1014,female,55896.0
DJI,1519,male,57753.0
DJI,1519,female,56905.0
DJI,2024,male,58557.0
DJI,2024,female,58138.0
DJI,2534,male,96653.0
DJI,2534,female,97122.0
DJI,3544,male,76700.0
DJI,3544,female,78524.0
DJI,4554,male,60738.0
DJI,4554,female,64166.0
DJI,55plus,male,37555.0
DJI,55plus,female,41340.0
DMA,1014,male,2124.0
DMA,1014,female,2131.0
DMA,1519,male,2095.0
DMA,1519,female,2243.0
DMA,2024,male,2164.0
DMA,2024,female,2184.0
DMA,2534,male,5167.0
DMA,2534,female,5093.0
DMA,3544,male,4963.0
DMA,3544,female,4876.0
DMA,4554,male,4183.0
DMA,4554,female,3999.0
DMA,55plus,male,4343.0
DMA,55plus,female,4264.0
DNK,1014,male,159474.0
DNK,1014,female,151855.0
DNK,1519,male,179937.0
DNK,1519,female,171137.0
DNK,2024,male,188497.0
DNK,2024,female,181669.0
DNK,2534,male,413938.0
DNK,2534,female,398620.0
DNK,3544,male,359179.0
DNK,3544,female,349786.0
DNK,4554,male,378753.0
DNK,4554,female,380507.0
DNK,55plus,male,394472.0
DNK,55plus,female,395944.0
DOM,1014,male,521812.0
DOM,1014,female,501595.0
DOM,1519,male,501065.0
DOM,1519,female,480805.0
DOM,2024,male,489525.0
DOM,2024,female,472116.0
DOM,2534,male,918855.0
DOM,2534,female,898684.0
DOM,3544,male,774906.0
DOM,3544,female,774927.0
DOM,4554,male,622262.0
DOM,4554,female,641165.0
DOM,55plus,male,470565.0
DOM,55plus,female,514069.0
DZA,1014,male,2396999.0
DZA,1014,female,2299654.0
DZA,1519,male,1966018.0
DZA,1519,female,1880737.0
DZA,2024,male,1518850.0
DZA,2024,female,1460841.0
DZA,2534,male,3276483.0
DZA,2534,female,3091191.0
DZA,3544,male,3751934.0
DZA,3544,female,3549669.0
DZA,4554,male,2902978.0
DZA,4554,female,2760633.0
DZA,55plus,male,1966482.0
DZA,55plus,female,1885826.0
EAP,1014,male,79841049.0
EAP,1014,female,71720711.0
EAP,1519,male,75789291.0
EAP,1519,female,67818992.0
EAP,2024,male,71270080.0
EAP,2024,female,63988052.0
EAP,2534,male,153632015.0
EAP,2534,female,140034441.0
EAP,3544,male,169687559.0
EAP,3544,female,160493021.0
EAP,4554,male,149507175.0
EAP,4554,female,147245476.0
EAP,55plus,male,137732515.0
EAP,55plus,female,142688670.0
EAR,1014,male,168826746.0
EAR,1014,female,158674092.0
EAR,1519,male,165550798.0
EAR,1519,female,155661054.0
EAR,2024,male,159219177.0
EAR,2024,female,150977948.0
EAR,2534,male,296666118.0
EAR,2534,female,282718734.0
EAR,3544,male,258237192.0
EAR,3544,female,248282748.0
EAR,4554,male,194029347.0
EAR,4554,female,190991792.0
EAR,55plus,male,136160359.0
EAR,55plus,female,139956758.0
EAS,1014,male,85604998.0
EAS,1014,female,77173503.0
EAS,1519,male,81803696.0
EAS,1519,female,73485167.0
EAS,2024,male,77944203.0
EAS,2024,female,70242826.0
EAS,2534,male,168617742.0
EAS,2534,female,154099979.0
EAS,3544,male,185540786.0
EAS,3544,female,176045103.0
EAS,4554,male,167684179.0
EAS,4554,female,165504726.0
EAS,55plus,male,154667483.0
EAS,55plus,female,159844485.0
ECA,1014,male,10116401.0
ECA,1014,female,9658261.0
ECA,1519,male,9189967.0
ECA,1519,female,8777598.0
ECA,2024,male,8306693.0
ECA,2024,female,8013515.0
ECA,2534,male,18487424.0
ECA,2534,female,18011242.0
ECA,3544,male,19068870.0
ECA,3544,female,18890054.0
ECA,4554,male,15239796.0
ECA,4554,female,16018839.0
ECA,55plus,male,12489387.0
ECA,55plus,female,14033731.0
ECS,1014,male,29133876.0
ECS,1014,female,27696563.0
ECS,1519,male,28148545.0
ECS,1519,female,26807598.0
ECS,2024,male,26845391.0
ECS,2024,female,25636529.0
ECS,2534,male,58464097.0
ECS,2534,female,56210837.0
ECS,3544,male,65936801.0
ECS,3544,female,65496788.0
ECS,4554,male,61202916.0
ECS,4554,female,63103299.0
ECS,55plus,male,56154854.0
ECS,55plus,female,61412388.0
ECU,1014,male,797717.0
ECU,1014,female,765443.0
ECU,1519,male,809587.0
ECU,1519,female,777827.0
ECU,2024,male,789221.0
ECU,2024,female,762816.0
ECU,2534,male,1530768.0
ECU,2534,female,1503416.0
ECU,3544,male,1310527.0
ECU,3544,female,1311486.0
ECU,4554,male,1012585.0
ECU,4554,female,1038963.0
ECU,55plus,male,726332.0
ECU,55plus,female,772992.0
EGY,1014,male,6588179.0
EGY,1014,female,6290464.0
EGY,1519,male,5644245.0
EGY,1519,female,5390361.0
EGY,2024,male,5042469.0
EGY,2024,female,4848741.0
EGY,2534,male,9084764.0
EGY,2534,female,8691107.0
EGY,3544,male,8140037.0
EGY,3544,female,7945153.0
EGY,4554,male,5975901.0
EGY,4554,female,5797744.0
EGY,55plus,male,4054198.0
EGY,55plus,female,4160093.0
EMU,1014,male,8969588.0
EMU,1014,female,8505191.0
EMU,1519,male,9484743.0
EMU,1519,female,9000313.0
EMU,2024,male,9748176.0
EMU,2024,female,9215904.0
EMU,2534,male,20411420.0
EMU,2534,female,19380005.0
EMU,3544,male,22213753.0
EMU,3544,female,21968169.0
EMU,4554,male,23895179.0
EMU,4554,female,23980510.0
EMU,55plus,male,24789272.0
EMU,55plus,female,25789284.0
ERI,1014,male,222284.0
ERI,1014,female,218608.0
ERI,1519,male,216156.0
ERI,1519,female,213415.0
ERI,2024,male,188016.0
ERI,2024,female,186181.0
ERI,2534,male,268032.0
ERI,2534,female,265944.0
ERI,3544,male,158861.0
ERI,3544,female,165032.0
ERI,4554,male,118202.0
ERI,4554,female,135479.0
ERI,55plus,male,82211.0
ERI,55plus,female,99991.0
ESP,1014,male,1209970.0
ESP,1014,female,1140381.0
ESP,1519,male,1338690.0
ESP,1519,female,1264568.0
ESP,2024,male,1316716.0
ESP,2024,female,1245750.0
ESP,2534,male,2621150.0
ESP,2534,female,2535200.0
ESP,3544,male,3162322.0
ESP,3544,female,3133224.0
ESP,4554,male,4020627.0
ESP,4554,female,3927757.0
ESP,55plus,male,3536348.0
ESP,55plus,female,3649198.0
EST,1014,male,37785.0
EST,1014,female,35958.0
EST,1519,male,39719.0
EST,1519,female,37609.0
EST,2024,male,33269.0
EST,2024,female,31724.0
EST,2534,male,74925.0
EST,2534,female,69658.0
EST,3544,male,105094.0
EST,3544,female,96063.0
EST,4554,male,93916.0
EST,4554,female,90913.0
EST,55plus,male,80074.0
EST,55plus,female,88913.0
ETH,1014,male,7819587.0
ETH,1014,female,7570749.0
ETH,1519,male,7506613.0
ETH,1519,female,7308248.0
ETH,2024,male,6855759.0
ETH,2024,female,6757098.0
ETH,2534,male,10750422.0
ETH,2534,female,10659598.0
ETH,3544,male,6797601.0
ETH,3544,female,6808016.0
ETH,4554,male,4390173.0
ETH,4554,female,4625697.0
ETH,55plus,male,2816032.0
ETH,55plus,female,3196310.0
EUU,1014,male,11632277.0
EUU,1014,female,11033426.0
EUU,1519,male,12258828.0
EUU,1519,female,11640883.0
EUU,2024,male,12295106.0
EUU,2024,female,11640385.0
EUU,2534,male,26295998.0
EUU,2534,female,24965690.0
EUU,3544,male,29460062.0
EUU,3544,female,28889399.0
EUU,4554,male,31277614.0
EUU,4554,female,31216195.0
EUU,55plus,male,30691391.0
EUU,55plus,female,31986038.0
FCS,1014,male,66517672.0
FCS,1014,female,64591762.0
FCS,1519,male,59590608.0
FCS,1519,female,57929073.0
FCS,2024,male,51654569.0
FCS,2024,female,50515709.0
FCS,2534,male,80607412.0
FCS,2534,female,79782414.0
FCS,3544,male,58671024.0
FCS,3544,female,59311296.0
FCS,4554,male,40477749.0
FCS,4554,female,42510968.0
FCS,55plus,male,26122713.0
FCS,55plus,female,28984224.0
FIN,1014,male,158970.0
FIN,1014,female,151821.0
FIN,1519,male,163985.0
FIN,1519,female,156884.0
FIN,2024,male,161454.0
FIN,2024,female,153381.0
FIN,2534,male,355432.0
FIN,2534,female,333025.0
FIN,3544,male,377436.0
FIN,3544,female,352895.0
FIN,4554,male,342108.0
FIN,4554,female,327799.0
FIN,55plus,male,354460.0
FIN,55plus,female,358713.0
FJI,1014,male,42696.0
FJI,1014,female,42118.0
FJI,1519,male,40955.0
FJI,1519,female,41505.0
FJI,2024,male,37175.0
FJI,2024,female,37826.0
FJI,2534,male,72333.0
FJI,2534,female,72335.0
FJI,3544,male,68059.0
FJI,3544,female,68033.0
FJI,4554,male,51160.0
FJI,4554,female,50991.0
FJI,55plus,male,39216.0
FJI,55plus,female,41303.0
FRA,1014,male,2063006.0
FRA,1014,female,1968591.0
FRA,1519,male,2187697.0
FRA,1519,female,2084524.0
FRA,2024,male,2192279.0
FRA,2024,female,2084824.0
FRA,2534,male,3943909.0
FRA,2534,female,3895621.0
FRA,3544,male,4026014.0
FRA,3544,female,4204429.0
FRA,4554,male,4281636.0
FRA,4554,female,4374865.0
FRA,55plus,male,4174183.0
FRA,55plus,female,4481437.0
FRO,1014,male,1907.0
FRO,1014,female,1779.0
FRO,1519,male,1934.0
FRO,1519,female,1871.0
FRO,2024,male,2055.0
FRO,2024,female,1885.0
FRO,2534,male,3610.0
FRO,2534,female,3105.0
FRO,3544,male,3666.0
FRO,3544,female,3308.0
FRO,4554,male,3589.0
FRO,4554,female,3096.0
FRO,55plus,male,3463.0
FRO,55plus,female,3184.0
FSM,1014,male,6152.0
FSM,1014,female,5780.0
FSM,1519,male,5878.0
FSM,1519,female,5820.0
FSM,2024,male,5433.0
FSM,2024,female,5367.0
FSM,2534,male,9655.0
FSM,2534,female,9351.0
FSM,3544,male,6019.0
FSM,3544,female,5905.0
FSM,4554,male,4464.0
FSM,4554,female,4888.0
FSM,55plus,male,3645.0
FSM,55plus,female,4425.0
GAB,1014,male,144468.0
GAB,1014,female,143158.0
GAB,1519,male,123238.0
GAB,1519,female,122614.0
GAB,2024,male,106790.0
GAB,2024,female,106096.0
GAB,2534,male,193992.0
GAB,2534,female,186502.0
GAB,3544,male,180034.0
GAB,3544,female,162352.0
GAB,4554,male,120721.0
GAB,4554,female,109265.0
GAB,55plus,male,68180.0
GAB,55plus,female,66425.0
GBR,1014,male,2189492.0
GBR,1014,female,2083481.0
GBR,1519,male,2147283.0
GBR,1519,female,2044753.0
GBR,2024,male,2061253.0
GBR,2024,female,1957753.0
GBR,2534,male,4644573.0
GBR,2534,female,4444439.0
GBR,3544,male,4514570.0
GBR,3544,female,4593123.0
GBR,4554,male,4263887.0
GBR,4554,female,4360763.0
GBR,55plus,male,4199397.0
GBR,55plus,female,4564101.0
GEO,1014,male,141264.0
GEO,1014,female,132436.0
GEO,1519,male,121993.0
GEO,1519,female,116240.0
GEO,2024,male,105929.0
GEO,2024,female,99615.0
GEO,2534,male,235149.0
GEO,2534,female,233036.0
GEO,3544,male,261701.0
GEO,3544,female,278422.0
GEO,4554,male,212987.0
GEO,4554,female,247549.0
GEO,55plus,male,192286.0
GEO,55plus,female,254664.0
GHA,1014,male,2027533.0
GHA,1014,female,1987477.0
GHA,1519,male,1798423.0
GHA,1519,female,1769735.0
GHA,2024,male,1601918.0
GHA,2024,female,1582978.0
GHA,2534,male,2639795.0
GHA,2534,female,2625435.0
GHA,3544,male,2154122.0
GHA,3544,female,2162856.0
GHA,4554,male,1485798.0
GHA,4554,female,1529742.0
GHA,55plus,male,944433.0
GHA,55plus,female,1017747.0
GIB,1014,male,1239.0
GIB,1014,female,1151.0
GIB,1519,male,1230.0
GIB,1519,female,1198.0
GIB,2024,male,1306.0
GIB,2024,female,1285.0
GIB,2534,male,2771.0
GIB,2534,female,2678.0
GIB,3544,male,2678.0
GIB,3544,female,2687.0
GIB,4554,male,2619.0
GIB,4554,female,2599.0
GIB,55plus,male,2403.0
GIB,55plus,female,2457.0
GIN,1014,male,933341.0
GIN,1014,female,907587.0
GIN,1519,male,830756.0
GIN,1519,female,809869.0
GIN,2024,male,715924.0
GIN,2024,female,701228.0
GIN,2534,male,1181688.0
GIN,2534,female,1173422.0
GIN,3544,male,722047.0
GIN,3544,female,771093.0
GIN,4554,male,415186.0
GIN,4554,female,497313.0
GIN,55plus,male,285039.0
GIN,55plus,female,349053.0
GMB,1014,male,181998.0
GMB,1014,female,178648.0
GMB,1519,male,157998.0
GMB,1519,female,155492.0
GMB,2024,male,132595.0
GMB,2024,female,131072.0
GMB,2534,male,216768.0
GMB,2534,female,217022.0
GMB,3544,male,142759.0
GMB,3544,female,144999.0
GMB,4554,male,86419.0
GMB,4554,female,91028.0
GMB,55plus,male,62725.0
GMB,55plus,female,72304.0
GNB,1014,male,138808.0
GNB,1014,female,135738.0
GNB,1519,male,123809.0
GNB,1519,female,121756.0
GNB,2024,male,106902.0
GNB,2024,female,105840.0
GNB,2534,male,171625.0
GNB,2534,female,171876.0
GNB,3544,male,125202.0
GNB,3544,female,127560.0
GNB,4554,male,80169.0
GNB,4554,female,88058.0
GNB,55plus,male,40077.0
GNB,55plus,female,51687.0
GNQ,1014,male,110231.0
GNQ,1014,female,108540.0
GNQ,1519,male,94777.0
GNQ,1519,female,93265.0
GNQ,2024,male,80367.0
GNQ,2024,female,74270.0
GNQ,2534,male,146852.0
GNQ,2534,female,126568.0
GNQ,3544,male,147470.0
GNQ,3544,female,109386.0
GNQ,4554,male,97077.0
GNQ,4554,female,70019.0
GNQ,55plus,male,57174.0
GNQ,55plus,female,49344.0
GRC,1014,male,256009.0
GRC,1014,female,241767.0
GRC,1519,male,282479.0
GRC,1519,female,266616.0
GRC,2024,male,275038.0
GRC,2024,female,249384.0
GRC,2534,male,534615.0
GRC,2534,female,486979.0
GRC,3544,male,628283.0
GRC,3544,female,627371.0
GRC,4554,male,768642.0
GRC,4554,female,794509.0
GRC,55plus,male,696290.0
GRC,55plus,female,780361.0
GRD,1014,male,4317.0
GRD,1014,female,4144.0
GRD,1519,male,4410.0
GRD,1519,female,4230.0
GRD,2024,male,4142.0
GRD,2024,female,4012.0
GRD,2534,male,9546.0
GRD,2534,female,9188.0
GRD,3544,male,9955.0
GRD,3544,female,9872.0
GRD,4554,male,6475.0
GRD,4554,female,6089.0
GRD,55plus,male,6158.0
GRD,55plus,female,6114.0
GRL,1014,male,0.0
GRL,1014,female,0.0
GRL,1519,male,0.0
GRL,1519,female,0.0
GRL,2024,male,0.0
GRL,2024,female,0.0
GRL,2534,male,0.0
GRL,2534,female,0.0
GRL,3544,male,0.0
GRL,3544,female,0.0
GRL,4554,male,0.0
GRL,4554,female,0.0
GRL,55plus,male,0.0
GRL,55plus,female,0.0
GTM,1014,male,997975.0
GTM,1014,female,971127.0
GTM,1519,male,958330.0
GTM,1519,female,936564.0
GTM,2024,male,939890.0
GTM,2024,female,923662.0
GTM,2534,male,1654228.0
GTM,2534,female,1643694.0
GTM,3544,male,1194805.0
GTM,3544,female,1214797.0
GTM,4554,male,727927.0
GTM,4554,female,799820.0
GTM,55plus,male,435724.0
GTM,55plus,female,532811.0
GUM,1014,male,7387.0
GUM,1014,female,6931.0
GUM,1519,male,6276.0
GUM,1519,female,5998.0
GUM,2024,male,5900.0
GUM,2024,female,5534.0
GUM,2534,male,11967.0
GUM,2534,female,10664.0
GUM,3544,male,9776.0
GUM,3544,female,9273.0
GUM,4554,male,9299.0
GUM,4554,female,9405.0
GUM,55plus,male,9555.0
GUM,55plus,female,9509.0
GUY,1014,male,40145.0
GUY,1014,female,38976.0
GUY,1519,male,37262.0
GUY,1519,female,36049.0
GUY,2024,male,35306.0
GUY,2024,female,34116.0
GUY,2534,male,69515.0
GUY,2534,female,71839.0
GUY,3544,male,44388.0
GUY,3544,female,50539.0
GUY,4554,male,40590.0
GUY,4554,female,46200.0
GUY,55plus,male,32410.0
GUY,55plus,female,37536.0
HIC,1014,male,40215545.0
HIC,1014,female,38153079.0
HIC,1519,male,41109490.0
HIC,1519,female,38931334.0
HIC,2024,male,42364094.0
HIC,2024,female,39386825.0
HIC,2534,male,94146175.0
HIC,2534,female,84948766.0
HIC,3544,male,101543450.0
HIC,3544,female,94682136.0
HIC,4554,male,95132181.0
HIC,4554,female,93064858.0
HIC,55plus,male,88361552.0
HIC,55plus,female,91515256.0
HKG,1014,male,153768.0
HKG,1014,female,150149.0
HKG,1519,male,144959.0
HKG,1519,female,140132.0
HKG,2024,male,131946.0
HKG,2024,female,131304.0
HKG,2534,male,409750.0
HKG,2534,female,462046.0
HKG,3544,male,464532.0
HKG,3544,female,695915.0
HKG,4554,male,466678.0
HKG,4554,female,698599.0
HKG,55plus,male,531123.0
HKG,55plus,female,672661.0
HND,1014,male,549360.0
HND,1014,female,523732.0
HND,1519,male,543678.0
HND,1519,female,518693.0
HND,2024,male,541533.0
HND,2024,female,518665.0
HND,2534,male,970432.0
HND,2534,female,938480.0
HND,3544,male,752499.0
HND,3544,female,738369.0
HND,4554,male,516387.0
HND,4554,female,524156.0
HND,55plus,male,289647.0
HND,55plus,female,322751.0
HPC,1014,male,59751396.0
HPC,1014,female,58532043.0
HPC,1519,male,53011506.0
HPC,1519,female,52105986.0
HPC,2024,male,45535738.0
HPC,2024,female,45081791.0
HPC,2534,male,70977526.0
HPC,2534,female,71213885.0
HPC,3544,male,48120409.0
HPC,3544,female,49454452.0
HPC,4554,male,31066194.0
HPC,4554,female,32650273.0
HPC,55plus,male,18596004.0
HPC,55plus,female,20782483.0
HRV,1014,male,98673.0
HRV,1014,female,92449.0
HRV,1519,male,105133.0
HRV,1519,female,99870.0
HRV,2024,male,99291.0
HRV,2024,female,93885.0
HRV,2534,male,215795.0
HRV,2534,female,204018.0
HRV,3544,male,251453.0
HRV,3544,female,243260.0
HRV,4554,male,266011.0
HRV,4554,female,264534.0
HRV,55plus,male,261156.0
HRV,55plus,female,281732.0
HTI,1014,male,611228.0
HTI,1014,female,603747.0
HTI,1519,male,588629.0
HTI,1519,female,582883.0
HTI,2024,male,551436.0
HTI,2024,female,550365.0
HTI,2534,male,992981.0
HTI,2534,female,1001167.0
HTI,3544,male,783775.0
HTI,3544,female,799074.0
HTI,4554,male,539888.0
HTI,4554,female,561620.0
HTI,55plus,male,340678.0
HTI,55plus,female,377554.0
HUN,1014,male,234348.0
HUN,1014,female,221625.0
HUN,1519,male,254977.0
HUN,1519,female,242320.0
HUN,2024,male,258712.0
HUN,2024,female,244073.0
HUN,2534,male,594399.0
HUN,2534,female,557183.0
HUN,3544,male,641074.0
HUN,3544,female,610664.0
HUN,4554,male,780998.0
HUN,4554,female,772498.0
HUN,55plus,male,560855.0
HUN,55plus,female,612052.0
IBD,1014,male,0.0
IBD,1014,female,0.0
IBD,1519,male,0.0
IBD,1519,female,0.0
IBD,2024,male,0.0
IBD,2024,female,0.0
IBD,2534,male,0.0
IBD,2534,female,0.0
IBD,3544,male,0.0
IBD,3544,female,0.0
IBD,4554,male,0.0
IBD,4554,female,0.0
IBD,55plus,male,0.0
IBD,55plus,female,0.0
IBT,1014,male,319541232.0
IBT,1014,female,299680549.0
IBT,1519,male,303510750.0
IBT,1519,female,284450374.0
IBT,2024,male,282995433.0
IBT,2024,female,267173836.0
IBT,2534,male,532570268.0
IBT,2534,female,507799154.0
IBT,3544,male,494812546.0
IBT,3544,female,480729762.0
IBT,4554,male,391017625.0
IBT,4554,female,391010614.0
IBT,55plus,male,307726132.0
IBT,55plus,female,322899730.0
IDA,1014,male,0.0
IDA,1014,female,0.0
IDA,1519,male,0.0
IDA,1519,female,0.0
IDA,2024,male,0.0
IDA,2024,female,0.0
IDA,2534,male,0.0
IDA,2534,female,0.0
IDA,3544,male,0.0
IDA,3544,female,0.0
IDA,4554,male,0.0
IDA,4554,female,0.0
IDA,55plus,male,0.0
IDA,55plus,female,0.0
IDB,1014,male,0.0
IDB,1014,female,0.0
IDB,1519,male,0.0
IDB,1519,female,0.0
IDB,2024,male,0.0
IDB,2024,female,0.0
IDB,2534,male,0.0
IDB,2534,female,0.0
IDB,3544,male,0.0
IDB,3544,female,0.0
IDB,4554,male,0.0
IDB,4554,female,0.0
IDB,55plus,male,0.0
IDB,55plus,female,0.0
IDN,1014,male,12493320.0
IDN,1014,female,11860197.0
IDN,1519,male,12078273.0
IDN,1519,female,11475371.0
IDN,2024,male,11293209.0
IDN,2024,female,10740582.0
IDN,2534,male,22138771.0
IDN,2534,female,21129290.0
IDN,3544,male,21170774.0
IDN,3544,female,20386649.0
IDN,4554,male,18491770.0
IDN,4554,female,18391102.0
IDN,55plus,male,13448916.0
IDN,55plus,female,14145692.0
IDX,1014,male,0.0
IDX,1014,female,0.0
IDX,1519,male,0.0
IDX,1519,female,0.0
IDX,2024,male,0.0
IDX,2024,female,0.0
IDX,2534,male,0.0
IDX,2534,female,0.0
IDX,3544,male,0.0
IDX,3544,female,0.0
IDX,4554,male,0.0
IDX,4554,female,0.0
IDX,55plus,male,0.0
IDX,55plus,female,0.0
IMN,1014,male,2316.0
IMN,1014,female,2188.0
IMN,1519,male,2462.0
IMN,1519,female,2259.0
IMN,2024,male,2355.0
IMN,2024,female,2114.0
IMN,2534,male,4578.0
IMN,2534,female,4451.0
IMN,3544,male,4831.0
IMN,3544,female,5143.0
IMN,4554,male,5606.0
IMN,4554,female,5807.0
IMN,55plus,male,6468.0
IMN,55plus,female,6486.0
IND,1014,male,64429093.0
IND,1014,female,58806952.0
IND,1519,male,66369850.0
IND,1519,female,60339330.0
IND,2024,male,68036933.0
IND,2024,female,61765368.0
IND,2534,male,128269257.0
IND,2534,female,116951748.0
IND,3544,male,111624698.0
IND,3544,female,103586498.0
IND,4554,male,84668459.0
IND,4554,female,80690780.0
IND,55plus,male,60017269.0
IND,55plus,female,59376083.0
INX,1014,male,0.0
INX,1014,female,0.0
INX,1519,male,0.0
INX,1519,female,0.0
INX,2024,male,0.0
INX,2024,female,0.0
INX,2534,male,0.0
INX,2534,female,0.0
INX,3544,male,0.0
INX,3544,female,0.0
INX,4554,male,0.0
INX,4554,female,0.0
INX,55plus,male,0.0
INX,55plus,female,0.0
IRL,1014,male,185327.0
IRL,1014,female,176774.0
IRL,1519,male,192180.0
IRL,1519,female,183453.0
IRL,2024,male,181715.0
IRL,2024,female,175868.0
IRL,2534,male,329170.0
IRL,2534,female,322091.0
IRL,3544,male,363455.0
IRL,3544,female,388299.0
IRL,4554,male,388711.0
IRL,4554,female,400950.0
IRL,55plus,male,310927.0
IRL,55plus,female,319581.0
IRN,1014,male,3744275.0
IRN,1014,female,3527172.0
IRN,1519,male,3336120.0
IRN,1519,female,3162418.0
IRN,2024,male,3000272.0
IRN,2024,female,2866815.0
IRN,2534,male,6902121.0
IRN,2534,female,6658803.0
IRN,3544,male,8999936.0
IRN,3544,female,8689018.0
IRN,4554,male,6236098.0
IRN,4554,female,5970306.0
IRN,55plus,male,4167389.0
IRN,55plus,female,4145912.0
IRQ,1014,male,2959829.0
IRQ,1014,female,2816468.0
IRQ,1519,male,2520109.0
IRQ,1519,female,2402770.0
IRQ,2024,male,2208780.0
IRQ,2024,female,2115100.0
IRQ,2534,male,3761704.0
IRQ,2534,female,3654815.0
IRQ,3544,male,2686226.0
IRQ,3544,female,2684373.0
IRQ,4554,male,1947885.0
IRQ,4554,female,2013426.0
IRQ,55plus,male,1143645.0
IRQ,55plus,female,1319933.0
ISL,1014,male,12234.0
ISL,1014,female,11779.0
ISL,1519,male,13264.0
ISL,1519,female,12539.0
ISL,2024,male,13448.0
ISL,2024,female,13050.0
ISL,2534,male,33349.0
ISL,2534,female,30610.0
ISL,3544,male,31188.0
ISL,3544,female,27131.0
ISL,4554,male,25632.0
ISL,4554,female,23716.0
ISL,55plus,male,22035.0
ISL,55plus,female,22003.0
ISR,1014,male,452778.0
ISR,1014,female,429595.0
ISR,1519,male,413703.0
ISR,1519,female,394673.0
ISR,2024,male,388498.0
ISR,2024,female,372781.0
ISR,2534,male,676037.0
ISR,2534,female,653389.0
ISR,3544,male,605957.0
ISR,3544,female,604836.0
ISR,4554,male,540289.0
ISR,4554,female,551795.0
ISR,55plus,male,402842.0
ISR,55plus,female,425553.0
ITA,1014,male,1333768.0
ITA,1014,female,1259063.0
ITA,1519,male,1480806.0
ITA,1519,female,1397412.0
ITA,2024,male,1559724.0
ITA,2024,female,1465379.0
ITA,2534,male,3255173.0
ITA,2534,female,3013520.0
ITA,3544,male,3461335.0
ITA,3544,female,3405962.0
ITA,4554,male,4366674.0
ITA,4554,female,4403431.0
ITA,55plus,male,4509966.0
ITA,55plus,female,4720643.0
JAM,1014,male,96118.0
JAM,1014,female,92713.0
JAM,1519,male,110290.0
JAM,1519,female,106525.0
JAM,2024,male,117169.0
JAM,2024,female,113282.0
JAM,2534,male,262125.0
JAM,2534,female,254183.0
JAM,3544,male,232128.0
JAM,3544,female,226722.0
JAM,4554,male,178110.0
JAM,4554,female,182679.0
JAM,55plus,male,133806.0
JAM,55plus,female,157903.0
JOR,1014,male,611936.0
JOR,1014,female,590719.0
JOR,1519,male,580064.0
JOR,1519,female,579367.0
JOR,2024,male,499242.0
JOR,2024,female,492984.0
JOR,2534,male,965522.0
JOR,2534,female,883985.0
JOR,3544,male,810365.0
JOR,3544,female,715582.0
JOR,4554,male,617121.0
JOR,4554,female,550310.0
JOR,55plus,male,421845.0
JOR,55plus,female,377838.0
JPN,1014,male,2701428.0
JPN,1014,female,2554731.0
JPN,1519,male,2903961.0
JPN,1519,female,2750026.0
JPN,2024,male,3136998.0
JPN,2024,female,2986343.0
JPN,2534,male,6194414.0
JPN,2534,female,5953869.0
JPN,3544,male,6981661.0
JPN,3544,female,6787158.0
JPN,4554,male,9259254.0
JPN,4554,female,9116671.0
JPN,55plus,male,8183770.0
JPN,55plus,female,8036868.0
KAZ,1014,male,987009.0
KAZ,1014,female,950011.0
KAZ,1519,male,860694.0
KAZ,1519,female,821650.0
KAZ,2024,male,643748.0
KAZ,2024,female,618716.0
KAZ,2534,male,1375828.0
KAZ,2534,female,1338288.0
KAZ,3544,male,1496148.0
KAZ,3544,female,1496632.0
KAZ,4554,male,1105995.0
KAZ,4554,female,1204856.0
KAZ,55plus,male,878789.0
KAZ,55plus,female,1052580.0
KEN,1014,male,3432345.0
KEN,1014,female,3386998.0
KEN,1519,male,3327181.0
KEN,1519,female,3314668.0
KEN,2024,male,2836210.0
KEN,2024,female,2900422.0
KEN,2534,male,4374464.0
KEN,2534,female,4589867.0
KEN,3544,male,3385955.0
KEN,3544,female,3330779.0
KEN,4554,male,2165767.0
KEN,4554,female,2135874.0
KEN,55plus,male,1248806.0
KEN,55plus,female,1324462.0
KGZ,1014,male,391785.0
KGZ,1014,female,370915.0
KGZ,1519,male,331860.0
KGZ,1519,female,312047.0
KGZ,2024,male,268369.0
KGZ,2024,female,267978.0
KGZ,2534,male,543576.0
KGZ,2534,female,556942.0
KGZ,3544,male,481752.0
KGZ,3544,female,495016.0
KGZ,4554,male,346273.0
KGZ,4554,female,364954.0
KGZ,55plus,male,267742.0
KGZ,55plus,female,311054.0
KHM,1014,male,856440.0
KHM,1014,female,826113.0
KHM,1519,male,839222.0
KHM,1519,female,808145.0
KHM,2024,male,719794.0
KHM,2024,female,714325.0
KHM,2534,male,1328421.0
KHM,2534,female,1382721.0
KHM,3544,male,1302570.0
KHM,3544,female,1346169.0
KHM,4554,male,804147.0
KHM,4554,female,851486.0
KHM,55plus,male,621650.0
KHM,55plus,female,726479.0
KIR,1014,male,7532.0
KIR,1014,female,7512.0
KIR,1519,male,6371.0
KIR,1519,female,6600.0
KIR,2024,male,5388.0
KIR,2024,female,5323.0
KIR,2534,male,10814.0
KIR,2534,female,11351.0
KIR,3544,male,8207.0
KIR,3544,female,9133.0
KIR,4554,male,5182.0
KIR,4554,female,5979.0
KIR,55plus,male,4144.0
KIR,55plus,female,5120.0
KNA,1014,male,1431.0
KNA,1014,female,1472.0
KNA,1519,male,1412.0
KNA,1519,female,1545.0
KNA,2024,male,1490.0
KNA,2024,female,1605.0
KNA,2534,male,3421.0
KNA,2534,female,3715.0
KNA,3544,male,3572.0
KNA,3544,female,4024.0
KNA,4554,male,3072.0
KNA,4554,female,3314.0
KNA,55plus,male,2737.0
KNA,55plus,female,2913.0
KOR,1014,male,1163199.0
KOR,1014,female,1105302.0
KOR,1519,male,1186996.0
KOR,1519,female,1116139.0
KOR,2024,male,1407244.0
KOR,2024,female,1292288.0
KOR,2534,male,3761187.0
KOR,2534,female,3320203.0
KOR,3544,male,3708323.0
KOR,3544,female,3409962.0
KOR,4554,male,4149582.0
KOR,4554,female,4025828.0
KOR,55plus,male,4191824.0
KOR,55plus,female,4233539.0
KWT,1014,male,168195.0
KWT,1014,female,158420.0
KWT,1519,male,147368.0
KWT,1519,female,140802.0
KWT,2024,male,138302.0
KWT,2024,female,119848.0
KWT,2534,male,636324.0
KWT,2534,female,333489.0
KWT,3544,male,816745.0
KWT,3544,female,425275.0
KWT,4554,male,542936.0
KWT,4554,female,287548.0
KWT,55plus,male,247661.0
KWT,55plus,female,136415.0
LAC,1014,male,23916915.0
LAC,1014,female,22999071.0
LAC,1519,male,24033745.0
LAC,1519,female,23181001.0
LAC,2024,male,24280340.0
LAC,2024,female,23664336.0
LAC,2534,male,47886303.0
LAC,2534,female,47775951.0
LAC,3544,male,43306235.0
LAC,3544,female,44674570.0
LAC,4554,male,35326557.0
LAC,4554,female,37826320.0
LAC,55plus,male,27203292.0
LAC,55plus,female,30162756.0
LAO,1014,male,389044.0
LAO,1014,female,375310.0
LAO,1519,male,376281.0
LAO,1519,female,365329.0
LAO,2024,male,359264.0
LAO,2024,female,350750.0
LAO,2534,male,681388.0
LAO,2534,female,670681.0
LAO,3544,male,554038.0
LAO,3544,female,542368.0
LAO,4554,male,370856.0
LAO,4554,female,369646.0
LAO,55plus,male,242354.0
LAO,55plus,female,262263.0
LBN,1014,male,289275.0
LBN,1014,female,276780.0
LBN,1519,male,275198.0
LBN,1519,female,257650.0
LBN,2024,male,253410.0
LBN,2024,female,227905.0
LBN,2534,male,381295.0
LBN,2534,female,410512.0
LBN,3544,male,328060.0
LBN,3544,female,374605.0
LBN,4554,male,295621.0
LBN,4554,female,344876.0
LBN,55plus,male,277118.0
LBN,55plus,female,315586.0
LBR,1014,male,359899.0
LBR,1014,female,351352.0
LBR,1519,male,331276.0
LBR,1519,female,324260.0
LBR,2024,male,275984.0
LBR,2024,female,271841.0
LBR,2534,male,404748.0
LBR,2534,female,404386.0
LBR,3544,male,300012.0
LBR,3544,female,305227.0
LBR,4554,male,204449.0
LBR,4554,female,214959.0
LBR,55plus,male,123568.0
LBR,55plus,female,139588.0
LBY,1014,male,362812.0
LBY,1014,female,344058.0
LBY,1519,male,353064.0
LBY,1519,female,332647.0
LBY,2024,male,319537.0
LBY,2024,female,303076.0
LBY,2534,male,551404.0
LBY,2534,female,526575.0
LBY,3544,male,551237.0
LBY,3544,female,523747.0
LBY,4554,male,515426.0
LBY,4554,female,494866.0
LBY,55plus,male,294826.0
LBY,55plus,female,302521.0
LCA,1014,male,5378.0
LCA,1014,female,5240.0
LCA,1519,male,6288.0
LCA,1519,female,5966.0
LCA,2024,male,6827.0
LCA,2024,female,6562.0
LCA,2534,male,15968.0
LCA,2534,female,15495.0
LCA,3544,male,14069.0
LCA,3544,female,14254.0
LCA,4554,male,12049.0
LCA,4554,female,12390.0
LCA,55plus,male,10211.0
LCA,55plus,female,11053.0
LCN,1014,male,26451315.0
LCN,1014,female,25414852.0
LCN,1519,male,26589848.0
LCN,1519,female,25624529.0
LCN,2024,male,26710372.0
LCN,2024,female,25980259.0
LCN,2534,male,52388597.0
LCN,2534,female,52161875.0
LCN,3544,male,47577247.0
LCN,3544,female,49026530.0
LCN,4554,male,39180792.0
LCN,4554,female,41847027.0
LCN,55plus,male,30476290.0
LCN,55plus,female,33710543.0
LDC,1014,male,71255462.0
LDC,1014,female,69153638.0
LDC,1519,male,64840564.0
LDC,1519,female,63447032.0
LDC,2024,male,56282283.0
LDC,2024,female,56851155.0
LDC,2534,male,89440687.0
LDC,2534,female,92855414.0
LDC,3544,male,64384006.0
LDC,3544,female,67370121.0
LDC,4554,male,43191190.0
LDC,4554,female,45363478.0
LDC,55plus,male,27491560.0
LDC,55plus,female,30100813.0
LIC,1014,male,47532370.0
LIC,1014,female,46502952.0
LIC,1519,male,42502415.0
LIC,1519,female,41726437.0
LIC,2024,male,36786272.0
LIC,2024,female,36407992.0
LIC,2534,male,57099278.0
LIC,2534,female,57139067.0
LIC,3544,male,38027281.0
LIC,3544,female,38961924.0
LIC,4554,male,25003476.0
LIC,4554,female,26446907.0
LIC,55plus,male,15840150.0
LIC,55plus,female,17780423.0
LIE,1014,male,1020.0
LIE,1014,female,892.0
LIE,1519,male,1061.0
LIE,1519,female,946.0
LIE,2024,male,1109.0
LIE,2024,female,1070.0
LIE,2534,male,2407.0
LIE,2534,female,2405.0
LIE,3544,male,2581.0
LIE,3544,female,2582.0
LIE,4554,male,2742.0
LIE,4554,female,2776.0
LIE,55plus,male,3113.0
LIE,55plus,female,3213.0
LKA,1014,male,861963.0
LKA,1014,female,831431.0
LKA,1519,male,875490.0
LKA,1519,female,856169.0
LKA,2024,male,836957.0
LKA,2024,female,817169.0
LKA,2534,male,1555947.0
LKA,2534,female,1558165.0
LKA,3544,male,1451780.0
LKA,3544,female,1567175.0
LKA,4554,male,1336886.0
LKA,4554,female,1443168.0
LKA,55plus,male,1101829.0
LKA,55plus,female,1260487.0
LMC,1014,male,158216604.0
LMC,1014,female,148957424.0
LMC,1519,male,152509379.0
LMC,1519,female,143577518.0
LMC,2024,male,143516977.0
LMC,2024,female,136571038.0
LMC,2534,male,256295643.0
LMC,2534,female,246160088.0
LMC,3544,male,216349580.0
LMC,3544,female,209547465.0
LMC,4554,male,159160654.0
LMC,4554,female,156297308.0
LMC,55plus,male,110355029.0
LMC,55plus,female,112812106.0
LMY,1014,male,312046595.0
LMY,1014,female,292571358.0
LMY,1519,male,296534080.0
LMY,1519,female,277800972.0
LMY,2024,male,276783029.0
LMY,2024,female,261236046.0
LMY,2534,male,519600033.0
LMY,2534,female,495235449.0
LMY,3544,male,476763754.0
LMY,3544,female,462519338.0
LMY,4554,male,375836437.0
LMY,4554,female,374703598.0
LMY,55plus,male,295841409.0
LMY,55plus,female,308609739.0
LSO,1014,male,136216.0
LSO,1014,female,135186.0
LSO,1519,male,122677.0
LSO,1519,female,122219.0
LSO,2024,male,111924.0
LSO,2024,female,112336.0
LSO,2534,male,197446.0
LSO,2534,female,203053.0
LSO,3544,male,162314.0
LSO,3544,female,173601.0
LSO,4554,male,77139.0
LSO,4554,female,84229.0
LSO,55plus,male,42838.0
LSO,55plus,female,55900.0
LTE,1014,male,81001909.0
LTE,1014,female,72823897.0
LTE,1519,male,76845367.0
LTE,1519,female,68823695.0
LTE,2024,male,73451446.0
LTE,2024,female,65787083.0
LTE,2534,male,164172897.0
LTE,2534,female,148769762.0
LTE,3544,male,188296904.0
LTE,3544,female,178441569.0
LTE,4554,male,164435615.0
LTE,4554,female,163416253.0
LTE,55plus,male,151602861.0
LTE,55plus,female,159481124.0
LTU,1014,male,75099.0
LTU,1014,female,71506.0
LTU,1519,male,71593.0
LTU,1519,female,68992.0
LTU,2024,male,75148.0
LTU,2024,female,72752.0
LTU,2534,male,198806.0
LTU,2534,female,182747.0
LTU,3544,male,205335.0
LTU,3544,female,181909.0
LTU,4554,male,183634.0
LTU,4554,female,184351.0
LTU,55plus,male,181564.0
LTU,55plus,female,214728.0
LUX,1014,male,18706.0
LUX,1014,female,17669.0
LUX,1519,male,18395.0
LUX,1519,female,17452.0
LUX,2024,male,19458.0
LUX,2024,female,18105.0
LUX,2534,male,51750.0
LUX,2534,female,48870.0
LUX,3544,male,53701.0
LUX,3544,female,52544.0
LUX,4554,male,48957.0
LUX,4554,female,47480.0
LUX,55plus,male,46091.0
LUX,55plus,female,43404.0
LVA,1014,male,52606.0
LVA,1014,female,49196.0
LVA,1519,male,52338.0
LVA,1519,female,50024.0
LVA,2024,male,45682.0
LVA,2024,female,43405.0
LVA,2534,male,100100.0
LVA,2534,female,93203.0
LVA,3544,male,136272.0
LVA,3544,female,130398.0
LVA,4554,male,121199.0
LVA,4554,female,128522.0
LVA,55plus,male,113810.0
LVA,55plus,female,137521.0
MAC,1014,male,17946.0
MAC,1014,female,16709.0
MAC,1519,male,13731.0
MAC,1519,female,14057.0
MAC,2024,male,15531.0
MAC,2024,female,18818.0
MAC,2534,male,48107.0
MAC,2534,female,57228.0
MAC,3544,male,58129.0
MAC,3544,female,68913.0
MAC,4554,male,41849.0
MAC,4554,female,54130.0
MAC,55plus,male,36464.0
MAC,55plus,female,51993.0
MAF,1014,male,946.0
MAF,1014,female,943.0
MAF,1519,male,958.0
MAF,1519,female,920.0
MAF,2024,male,658.0
MAF,2024,female,631.0
MAF,2534,male,765.0
MAF,2534,female,990.0
MAF,3544,male,1179.0
MAF,3544,female,1589.0
MAF,4554,male,1429.0
MAF,4554,female,1805.0
MAF,55plus,male,1802.0
MAF,55plus,female,2063.0
MAR,1014,male,1713670.0
MAR,1014,female,1621407.0
MAR,1519,male,1664751.0
MAR,1519,female,1584878.0
MAR,2024,male,1510520.0
MAR,2024,female,1438990.0
MAR,2534,male,2944953.0
MAR,2534,female,2812845.0
MAR,3544,male,2804584.0
MAR,3544,female,2750550.0
MAR,4554,male,2253637.0
MAR,4554,female,2264311.0
MAR,55plus,male,1701598.0
MAR,55plus,female,1767288.0
MCO,1014,male,807.0
MCO,1014,female,800.0
MCO,1519,male,811.0
MCO,1519,female,768.0
MCO,2024,male,908.0
MCO,2024,female,876.0
MCO,2534,male,1874.0
MCO,2534,female,1793.0
MCO,3544,male,1717.0
MCO,3544,female,1769.0
MCO,4554,male,1655.0
MCO,4554,female,1876.0
MCO,55plus,male,2565.0
MCO,55plus,female,2642.0
MDA,1014,male,89459.0
MDA,1014,female,85313.0
MDA,1519,male,74470.0
MDA,1519,female,76367.0
MDA,2024,male,60303.0
MDA,2024,female,61173.0
MDA,2534,male,133620.0
MDA,2534,female,140105.0
MDA,3544,male,183417.0
MDA,3544,female,192241.0
MDA,4554,male,139284.0
MDA,4554,female,164426.0
MDA,55plus,male,125309.0
MDA,55plus,female,167364.0
MDG,1014,male,1925405.0
MDG,1014,female,1878986.0
MDG,1519,male,1760470.0
MDG,1519,female,1728090.0
MDG,2024,male,1553488.0
MDG,2024,female,1533959.0
MDG,2534,male,2530140.0
MDG,2534,female,2511154.0
MDG,3544,male,1684728.0
MDG,3544,female,1685069.0
MDG,4554,male,1186970.0
MDG,4554,female,1208441.0
MDG,55plus,male,718432.0
MDG,55plus,female,754230.0
MDV,1014,male,20821.0
MDV,1014,female,17778.0
MDV,1519,male,18547.0
MDV,1519,female,16076.0
MDV,2024,male,17332.0
MDV,2024,female,12881.0
MDV,2534,male,82327.0
MDV,2534,female,35670.0
MDV,3544,male,83332.0
MDV,3544,female,39175.0
MDV,4554,male,38936.0
MDV,4554,female,23103.0
MDV,55plus,male,19371.0
MDV,55plus,female,15830.0
MEA,1014,male,26012628.0
MEA,1014,female,24794726.0
MEA,1519,male,23231832.0
MEA,1519,female,22137203.0
MEA,2024,male,21567895.0
MEA,2024,female,19983831.0
MEA,2534,male,44758710.0
MEA,2534,female,38783668.0
MEA,3544,male,42897965.0
MEA,3544,female,37258976.0
MEA,4554,male,29674642.0
MEA,4554,female,26735328.0
MEA,55plus,male,18911867.0
MEA,55plus,female,18432090.0
MEX,1014,male,5693949.0
MEX,1014,female,5499592.0
MEX,1519,male,5658563.0
MEX,1519,female,5487934.0
MEX,2024,male,5598363.0
MEX,2024,female,5502324.0
MEX,2534,male,10370957.0
MEX,2534,female,10649238.0
MEX,3544,male,8718110.0
MEX,3544,female,9707153.0
MEX,4554,male,7065494.0
MEX,4554,female,8389238.0
MEX,55plus,male,5385968.0
MEX,55plus,female,6382383.0
MHL,1014,male,2277.0
MHL,1014,female,2164.0
MHL,1519,male,2481.0
MHL,1519,female,2202.0
MHL,2024,male,1760.0
MHL,2024,female,1537.0
MHL,2534,male,1595.0
MHL,2534,female,1576.0
MHL,3544,male,2197.0
MHL,3544,female,2252.0
MHL,4554,male,1981.0
MHL,4554,female,1959.0
MHL,55plus,male,1358.0
MHL,55plus,female,1318.0
MIC,1014,male,264514225.0
MIC,1014,female,246068406.0
MIC,1519,male,254031665.0
MIC,1519,female,236074535.0
MIC,2024,male,239996757.0
MIC,2024,female,224828054.0
MIC,2534,male,462500755.0
MIC,2534,female,438096382.0
MIC,3544,male,438736473.0
MIC,3544,female,423557414.0
MIC,4554,male,350832961.0
MIC,4554,female,348256691.0
MIC,55plus,male,280001259.0
MIC,55plus,female,290829316.0
MKD,1014,male,55649.0
MKD,1014,female,53824.0
MKD,1519,male,52752.0
MKD,1519,female,51231.0
MKD,2024,male,51975.0
MKD,2024,female,50969.0
MKD,2534,male,113845.0
MKD,2534,female,111026.0
MKD,3544,male,124639.0
MKD,3544,female,125501.0
MKD,4554,male,122361.0
MKD,4554,female,127511.0
MKD,55plus,male,117255.0
MKD,55plus,female,126234.0
MLI,1014,male,1712666.0
MLI,1014,female,1673445.0
MLI,1519,male,1456085.0
MLI,1519,female,1420039.0
MLI,2024,male,1169862.0
MLI,2024,female,1139802.0
MLI,2534,male,1653392.0
MLI,2534,female,1608813.0
MLI,3544,male,1181038.0
MLI,3544,female,1144969.0
MLI,4554,male,756867.0
MLI,4554,female,741212.0
MLI,55plus,male,389505.0
MLI,55plus,female,402240.0
MLT,1014,male,13005.0
MLT,1014,female,12006.0
MLT,1519,male,12650.0
MLT,1519,female,11700.0
MLT,2024,male,14050.0
MLT,2024,female,12651.0
MLT,2534,male,47836.0
MLT,2534,female,39104.0
MLT,3544,male,53602.0
MLT,3544,female,44597.0
MLT,4554,male,41377.0
MLT,4554,female,35766.0
MLT,55plus,male,32003.0
MLT,55plus,female,29960.0
MMR,1014,male,2242903.0
MMR,1014,female,2134766.0
MMR,1519,male,2235370.0
MMR,1519,female,2138765.0
MMR,2024,male,2281959.0
MMR,2024,female,2199642.0
MMR,2534,male,4393684.0
MMR,2534,female,4289390.0
MMR,3544,male,4075184.0
MMR,3544,female,4042912.0
MMR,4554,male,3344742.0
MMR,4554,female,3428880.0
MMR,55plus,male,2421099.0
MMR,55plus,female,2665748.0
MNA,1014,male,23388519.0
MNA,1014,female,22266886.0
MNA,1519,male,20845830.0
MNA,1519,female,19908828.0
MNA,2024,male,18458896.0
MNA,2024,female,17736187.0
MNA,2534,male,34730633.0
MNA,2534,female,33454830.0
MNA,3544,male,33227220.0
MNA,3544,female,32423817.0
MNA,4554,male,24285978.0
MNA,4554,female,23860555.0
MNA,55plus,male,16301037.0
MNA,55plus,female,16744296.0
MNE,1014,male,19751.0
MNE,1014,female,18234.0
MNE,1519,male,19576.0
MNE,1519,female,18560.0
MNE,2024,male,18706.0
MNE,2024,female,18101.0
MNE,2534,male,36780.0
MNE,2534,female,35698.0
MNE,3544,male,40630.0
MNE,3544,female,40792.0
MNE,4554,male,38352.0
MNE,4554,female,42178.0
MNE,55plus,male,36000.0
MNE,55plus,female,40602.0
MNG,1014,male,206007.0
MNG,1014,female,192583.0
MNG,1519,male,155638.0
MNG,1519,female,145674.0
MNG,2024,male,115292.0
MNG,2024,female,107730.0
MNG,2534,male,251380.0
MNG,2534,female,239066.0
MNG,3544,male,272265.0
MNG,3544,female,266121.0
MNG,4554,male,198007.0
MNG,4554,female,205863.0
MNG,55plus,male,131030.0
MNG,55plus,female,159349.0
MNP,1014,male,1841.0
MNP,1014,female,1686.0
MNP,1519,male,2027.0
MNP,1519,female,1841.0
MNP,2024,male,1558.0
MNP,2024,female,1375.0
MNP,2534,male,2109.0
MNP,2534,female,1793.0
MNP,3544,male,2647.0
MNP,3544,female,2281.0
MNP,4554,male,3594.0
MNP,4554,female,3232.0
MNP,55plus,male,3779.0
MNP,55plus,female,3368.0
MOZ,1014,male,2321487.0
MOZ,1014,female,2307432.0
MOZ,1519,male,1957039.0
MOZ,1519,female,1959257.0
MOZ,2024,male,1632663.0
MOZ,2024,female,1658369.0
MOZ,2534,male,2494933.0
MOZ,2534,female,2617117.0
MOZ,3544,male,1568011.0
MOZ,3544,female,1786580.0
MOZ,4554,male,932450.0
MOZ,4554,female,1144970.0
MOZ,55plus,male,497144.0
MOZ,55plus,female,671018.0
MRT,1014,male,341698.0
MRT,1014,female,332520.0
MRT,1519,male,291537.0
MRT,1519,female,289068.0
MRT,2024,male,234995.0
MRT,2024,female,243075.0
MRT,2534,male,353678.0
MRT,2534,female,384060.0
MRT,3544,male,243491.0
MRT,3544,female,275562.0
MRT,4554,male,161192.0
MRT,4554,female,187783.0
MRT,55plus,male,105073.0
MRT,55plus,female,120221.0
MUS,1014,male,31976.0
MUS,1014,female,32796.0
MUS,1519,male,39655.0
MUS,1519,female,40889.0
MUS,2024,male,46215.0
MUS,2024,female,45575.0
MUS,2534,male,103392.0
MUS,2534,female,95070.0
MUS,3544,male,98282.0
MUS,3544,female,89841.0
MUS,4554,male,88989.0
MUS,4554,female,87332.0
MUS,55plus,male,79291.0
MUS,55plus,female,82085.0
MWI,1014,male,1405288.0
MWI,1014,female,1412917.0
MWI,1519,male,1307932.0
MWI,1519,female,1328409.0
MWI,2024,male,1088128.0
MWI,2024,female,1111683.0
MWI,2534,male,1636184.0
MWI,2534,female,1729288.0
MWI,3544,male,1120893.0
MWI,3544,female,1299406.0
MWI,4554,male,680524.0
MWI,4554,female,687510.0
MWI,55plus,male,314913.0
MWI,55plus,female,421626.0
MYS,1014,male,1466501.0
MYS,1014,female,1354762.0
MYS,1519,male,1446877.0
MYS,1519,female,1339394.0
MYS,2024,male,1648275.0
MYS,2024,female,1486213.0
MYS,2534,male,3442245.0
MYS,2534,female,2897670.0
MYS,3544,male,3219642.0
MYS,3544,female,2742382.0
MYS,4554,male,2205854.0
MYS,4554,female,1984388.0
MYS,55plus,male,1517021.0
MYS,55plus,female,1491136.0
NAC,1014,male,11652136.0
NAC,1014,female,11022671.0
NAC,1519,male,12595475.0
NAC,1519,female,11897534.0
NAC,2024,male,12845326.0
NAC,2024,female,12104160.0
NAC,2534,male,26479493.0
NAC,2534,female,24726602.0
NAC,3544,male,26620997.0
NAC,3544,female,25165440.0
NAC,4554,male,23370464.0
NAC,4554,female,22571813.0
NAC,55plus,male,23213407.0
NAC,55plus,female,23226774.0
NAM,1014,male,169683.0
NAM,1014,female,172526.0
NAM,1519,male,145275.0
NAM,1519,female,146019.0
NAM,2024,male,130247.0
NAM,2024,female,128078.0
NAM,2534,male,251970.0
NAM,2534,female,259074.0
NAM,3544,male,183379.0
NAM,3544,female,193981.0
NAM,4554,male,122278.0
NAM,4554,female,127651.0
NAM,55plus,male,68774.0
NAM,55plus,female,85243.0
NCL,1014,male,10594.0
NCL,1014,female,10374.0
NCL,1519,male,10736.0
NCL,1519,female,10550.0
NCL,2024,male,10771.0
NCL,2024,female,10796.0
NCL,2534,male,19999.0
NCL,2534,female,20263.0
NCL,3544,male,20888.0
NCL,3544,female,21602.0
NCL,4554,male,19122.0
NCL,4554,female,20369.0
NCL,55plus,male,16273.0
NCL,55plus,female,16894.0
NER,1014,male,1910744.0
NER,1014,female,1845057.0
NER,1519,male,1618335.0
NER,1519,female,1560600.0
NER,2024,male,1316040.0
NER,2024,female,1267551.0
NER,2534,male,1858489.0
NER,2534,female,1784050.0
NER,3544,male,1192923.0
NER,3544,female,1137514.0
NER,4554,male,789200.0
NER,4554,female,757908.0
NER,55plus,male,499120.0
NER,55plus,female,499815.0
NGA,1014,male,15393344.0
NGA,1014,female,14883339.0
NGA,1519,male,13685202.0
NGA,1519,female,13173225.0
NGA,2024,male,11610583.0
NGA,2024,female,11187791.0
NGA,2534,male,16998814.0
NGA,2534,female,16420743.0
NGA,3544,male,12236486.0
NGA,3544,female,11920962.0
NGA,4554,male,8457920.0
NGA,4554,female,8354606.0
NGA,55plus,male,4902912.0
NGA,55plus,female,5041940.0
NIC,1014,male,339246.0
NIC,1014,female,329500.0
NIC,1519,male,332563.0
NIC,1519,female,323591.0
NIC,2024,male,314830.0
NIC,2024,female,307147.0
NIC,2534,male,597268.0
NIC,2534,female,592486.0
NIC,3544,male,473646.0
NIC,3544,female,507187.0
NIC,4554,male,342896.0
NIC,4554,female,373166.0
NIC,55plus,male,213413.0
NIC,55plus,female,246044.0
NLD,1014,male,472642.0
NLD,1014,female,450206.0
NLD,1519,male,509509.0
NLD,1519,female,488177.0
NLD,2024,male,589941.0
NLD,2024,female,570673.0
NLD,2534,male,1248008.0
NLD,2534,female,1217771.0
NLD,3544,male,1145215.0
NLD,3544,female,1127310.0
NLD,4554,male,1096492.0
NLD,4554,female,1106190.0
NLD,55plus,male,1256118.0
NLD,55plus,female,1261756.0
NOR,1014,male,164654.0
NOR,1014,female,156503.0
NOR,1519,male,175508.0
NOR,1519,female,166539.0
NOR,2024,male,177597.0
NOR,2024,female,169914.0
NOR,2534,male,391992.0
NOR,2534,female,373099.0
NOR,3544,male,387815.0
NOR,3544,female,372154.0
NOR,4554,male,372116.0
NOR,4554,female,356609.0
NOR,55plus,male,356753.0
NOR,55plus,female,344628.0
NPL,1014,male,1465168.0
NPL,1014,female,1374476.0
NPL,1519,male,1461798.0
NPL,1519,female,1436917.0
NPL,2024,male,1386293.0
NPL,2024,female,1476821.0
NPL,2534,male,2227673.0
NPL,2534,female,2712094.0
NPL,3544,male,1617873.0
NPL,3544,female,2125141.0
NPL,4554,male,1322773.0
NPL,4554,female,1556018.0
NPL,55plus,male,950334.0
NPL,55plus,female,1073957.0
NRU,1014,male,800.0
NRU,1014,female,747.0
NRU,1519,male,692.0
NRU,1519,female,611.0
NRU,2024,male,458.0
NRU,2024,female,439.0
NRU,2534,male,880.0
NRU,2534,female,818.0
NRU,3544,male,866.0
NRU,3544,female,839.0
NRU,4554,male,485.0
NRU,4554,female,479.0
NRU,55plus,male,305.0
NRU,55plus,female,321.0
NZL,1014,male,171222.0
NZL,1014,female,162386.0
NZL,1519,male,175265.0
NZL,1519,female,165838.0
NZL,2024,male,171775.0
NZL,2024,female,163546.0
NZL,2534,male,378197.0
NZL,2534,female,358618.0
NZL,3544,male,356236.0
NZL,3544,female,360722.0
NZL,4554,male,315616.0
NZL,4554,female,326296.0
NZL,55plus,male,312467.0
NZL,55plus,female,332063.0
OED,1014,male,42094170.0
OED,1014,female,40080652.0
OED,1519,male,43687948.0
OED,1519,female,41587457.0
OED,2024,male,44518270.0
OED,2024,female,42390638.0
OED,2534,male,93285608.0
OED,2534,female,89213077.0
OED,3544,male,94036462.0
OED,3544,female,92616505.0
OED,4554,male,91054387.0
OED,4554,female,91630612.0
OED,55plus,male,85563734.0
OED,55plus,female,88531701.0
OMN,1014,male,214734.0
OMN,1014,female,206297.0
OMN,1519,male,161282.0
OMN,1519,female,154902.0
OMN,2024,male,282025.0
OMN,2024,female,151686.0
OMN,2534,male,871609.0
OMN,2534,female,379817.0
OMN,3544,male,847017.0
OMN,3544,female,368042.0
OMN,4554,male,377168.0
OMN,4554,female,191625.0
OMN,55plus,male,138068.0
OMN,55plus,female,87478.0
OSS,1014,male,573668.0
OSS,1014,female,551329.0
OSS,1519,male,567971.0
OSS,1519,female,545351.0
OSS,2024,male,581516.0
OSS,2024,female,533001.0
OSS,2534,male,1291843.0
OSS,2534,female,1076655.0
OSS,3544,male,1312585.0
OSS,3544,female,1028762.0
OSS,4554,male,902573.0
OSS,4554,female,793193.0
OSS,55plus,male,625821.0
OSS,55plus,female,629178.0
PAK,1014,male,15300856.0
PAK,1014,female,14647314.0
PAK,1519,male,14000905.0
PAK,1519,female,13328582.0
PAK,2024,male,12065308.0
PAK,2024,female,11538231.0
PAK,2534,male,19794340.0
PAK,2534,female,18903549.0
PAK,3544,male,14642574.0
PAK,3544,female,14248505.0
PAK,4554,male,9730731.0
PAK,4554,female,9690455.0
PAK,55plus,male,6695295.0
PAK,55plus,female,6946714.0
PAN,1014,male,197523.0
PAN,1014,female,188284.0
PAN,1519,male,188454.0
PAN,1519,female,180632.0
PAN,2024,male,183117.0
PAN,2024,female,176351.0
PAN,2534,male,347437.0
PAN,2534,female,339770.0
PAN,3544,male,315651.0
PAN,3544,female,312434.0
PAN,4554,male,267375.0
PAN,4554,female,269646.0
PAN,55plus,male,209046.0
PAN,55plus,female,218697.0
PER,1014,male,1416614.0
PER,1014,female,1367727.0
PER,1519,male,1465750.0
PER,1519,female,1421673.0
PER,2024,male,1416004.0
PER,2024,female,1395512.0
PER,2534,male,2719277.0
PER,2534,female,2798106.0
PER,3544,male,2452403.0
PER,3544,female,2514760.0
PER,4554,male,2013794.0
PER,4554,female,2010707.0
PER,55plus,male,1457176.0
PER,55plus,female,1473324.0
PHL,1014,male,5940280.0
PHL,1014,female,5749601.0
PHL,1519,male,5788495.0
PHL,1519,female,5632729.0
PHL,2024,male,5409212.0
PHL,2024,female,5335112.0
PHL,2534,male,10046074.0
PHL,2534,female,9905863.0
PHL,3544,male,7954803.0
PHL,3544,female,7803067.0
PHL,4554,male,5911801.0
PHL,4554,female,5963113.0
PHL,55plus,male,4154562.0
PHL,55plus,female,4502584.0
PLW,1014,male,630.0
PLW,1014,female,550.0
PLW,1519,male,601.0
PLW,1519,female,598.0
PLW,2024,male,538.0
PLW,2024,female,497.0
PLW,2534,male,1265.0
PLW,2534,female,956.0
PLW,3544,male,1577.0
PLW,3544,female,1109.0
PLW,4554,male,1589.0
PLW,4554,female,1210.0
PLW,55plus,male,1302.0
PLW,55plus,female,1166.0
PNG,1014,male,592048.0
PNG,1014,female,544961.0
PNG,1519,male,555565.0
PNG,1519,female,503905.0
PNG,2024,male,517502.0
PNG,2024,female,468765.0
PNG,2534,male,898427.0
PNG,2534,female,839492.0
PNG,3544,male,691760.0
PNG,3544,female,699889.0
PNG,4554,male,494760.0
PNG,4554,female,505551.0
PNG,55plus,male,325671.0
PNG,55plus,female,307953.0
POL,1014,male,977659.0
POL,1014,female,927788.0
POL,1519,male,988181.0
POL,1519,female,939694.0
POL,2024,male,845397.0
POL,2024,female,807288.0
POL,2534,male,2176934.0
POL,2534,female,2085764.0
POL,3544,male,2975259.0
POL,3544,female,2886246.0
POL,4554,male,2682194.0
POL,4554,female,2667469.0
POL,55plus,male,2036308.0
POL,55plus,female,2178700.0
PRE,1014,male,72209206.0
PRE,1014,female,70610646.0
PRE,1519,male,63375156.0
PRE,1519,female,62091920.0
PRE,2024,male,53488750.0
PRE,2024,female,52721045.0
PRE,2534,male,81544559.0
PRE,2534,female,81462628.0
PRE,3544,male,56372045.0
PRE,3544,female,57340331.0
PRE,4554,male,37080112.0
PRE,4554,female,38303545.0
PRE,55plus,male,21666061.0
PRE,55plus,female,23757606.0
PRI,1014,male,76727.0
PRI,1014,female,72871.0
PRI,1519,male,92106.0
PRI,1519,female,86929.0
PRI,2024,male,104269.0
PRI,2024,female,99859.0
PRI,2534,male,197653.0
PRI,2534,female,204409.0
PRI,3544,male,177211.0
PRI,3544,female,198007.0
PRI,4554,male,196873.0
PRI,4554,female,221218.0
PRI,55plus,male,204418.0
PRI,55plus,female,240955.0
PRK,1014,male,838610.0
PRK,1014,female,797156.0
PRK,1519,male,833533.0
PRK,1519,female,794693.0
PRK,2024,male,893346.0
PRK,2024,female,856296.0
PRK,2534,male,1991965.0
PRK,2534,female,1923091.0
PRK,3544,male,1820134.0
PRK,3544,female,1780137.0
PRK,4554,male,1814146.0
PRK,4554,female,1814450.0
PRK,55plus,male,1782016.0
PRK,55plus,female,1860591.0
PRT,1014,male,235992.0
PRT,1014,female,224950.0
PRT,1519,male,266185.0
PRT,1519,female,257000.0
PRT,2024,male,291190.0
PRT,2024,female,278358.0
PRT,2534,male,573058.0
PRT,2534,female,557579.0
PRT,3544,male,619293.0
PRT,3544,female,645261.0
PRT,4554,male,761873.0
PRT,4554,female,830650.0
PRT,55plus,male,697716.0
PRT,55plus,female,795902.0
PRY,1014,male,326471.0
PRY,1014,female,312175.0
PRY,1519,male,302116.0
PRY,1519,female,289686.0
PRY,2024,male,291883.0
PRY,2024,female,281492.0
PRY,2534,male,595709.0
PRY,2534,female,580440.0
PRY,3544,male,504914.0
PRY,3544,female,496887.0
PRY,4554,male,339861.0
PRY,4554,female,340377.0
PRY,55plus,male,254983.0
PRY,55plus,female,273861.0
PSE,1014,male,325651.0
PSE,1014,female,316508.0
PSE,1519,male,277622.0
PSE,1519,female,278900.0
PSE,2024,male,233944.0
PSE,2024,female,240722.0
PSE,2534,male,415693.0
PSE,2534,female,426114.0
PSE,3544,male,304050.0
PSE,3544,female,312030.0
PSE,4554,male,183921.0
PSE,4554,female,200956.0
PSE,55plus,male,121132.0
PSE,55plus,female,133820.0
PSS,1014,male,152569.0
PSS,1014,female,145958.0
PSS,1519,male,136572.0
PSS,1519,female,132068.0
PSS,2024,male,117883.0
PSS,2024,female,115855.0
PSS,2534,male,200013.0
PSS,2534,female,204050.0
PSS,3544,male,171163.0
PSS,3544,female,175231.0
PSS,4554,male,130599.0
PSS,4554,female,127763.0
PSS,55plus,male,93315.0
PSS,55plus,female,95825.0
PST,1014,male,30941744.0
PST,1014,female,29307487.0
PST,1519,male,32632405.0
PST,1519,female,30895797.0
PST,2024,male,33463918.0
PST,2024,female,31594663.0
PST,2534,male,71461331.0
PST,2534,female,67369861.0
PST,3544,male,75175841.0
PST,3544,female,73029046.0
PST,4554,male,75047616.0
PST,4554,female,74718243.0
PST,55plus,male,74195185.0
PST,55plus,female,76393019.0
PYF,1014,male,10519.0
PYF,1014,female,9837.0
PYF,1519,male,11172.0
PYF,1519,female,10594.0
PYF,2024,male,10532.0
PYF,2024,female,10247.0
PYF,2534,male,19125.0
PYF,2534,female,18571.0
PYF,3544,male,21488.0
PYF,3544,female,21786.0
PYF,4554,male,19402.0
PYF,4554,female,19157.0
PYF,55plus,male,17652.0
PYF,55plus,female,16865.0
QAT,1014,male,64337.0
QAT,1014,female,62479.0
QAT,1519,male,62951.0
QAT,1519,female,51444.0
QAT,2024,male,108097.0
QAT,2024,female,50399.0
QAT,2534,male,575137.0
QAT,2534,female,173708.0
QAT,3544,male,605715.0
QAT,3544,female,182892.0
QAT,4554,male,288663.0
QAT,4554,female,86784.0
QAT,55plus,male,98368.0
QAT,55plus,female,36247.0
ROU,1014,male,517095.0
ROU,1014,female,494704.0
ROU,1519,male,556653.0
ROU,1519,female,533841.0
ROU,2024,male,513019.0
ROU,2024,female,492570.0
ROU,2534,male,1046933.0
ROU,2534,female,998628.0
ROU,3544,male,1328695.0
ROU,3544,female,1246591.0
ROU,4554,male,1487382.0
ROU,4554,female,1448788.0
ROU,55plus,male,1190989.0
ROU,55plus,female,1282126.0
RUS,1014,male,4784784.0
RUS,1014,female,4531560.0
RUS,1519,male,4132355.0
RUS,1519,female,3945901.0
RUS,2024,male,3754558.0
RUS,2024,female,3618268.0
RUS,2534,male,8059338.0
RUS,2534,female,7852532.0
RUS,3544,male,11847165.0
RUS,3544,female,12102263.0
RUS,4554,male,9413166.0
RUS,4554,female,10515835.0
RUS,55plus,male,7739406.0
RUS,55plus,female,9806918.0
RWA,1014,male,836468.0
RWA,1014,female,833757.0
RWA,1519,male,795806.0
RWA,1519,female,797850.0
RWA,2024,male,703342.0
RWA,2024,female,724350.0
RWA,2534,male,1044451.0
RWA,2534,female,1081767.0
RWA,3544,male,855110.0
RWA,3544,female,900961.0
RWA,4554,male,473459.0
RWA,4554,female,562788.0
RWA,55plus,male,289324.0
RWA,55plus,female,360351.0
SAS,1014,male,93275110.0
SAS,1014,female,86060955.0
SAS,1519,male,93925759.0
SAS,1519,female,86663943.0
SAS,2024,male,92297742.0
SAS,2024,female,86387103.0
SAS,2534,male,168429071.0
SAS,2534,female,159264370.0
SAS,3544,male,143155770.0
SAS,3544,female,136392069.0
SAS,4554,male,106980670.0
SAS,4554,female,103310460.0
SAS,55plus,male,75574908.0
SAS,55plus,female,75414341.0
SAU,1014,male,1367970.0
SAU,1014,female,1321249.0
SAU,1519,male,1275970.0
SAU,1519,female,1201691.0
SAU,2024,male,1539841.0
SAU,2024,female,1148715.0
SAU,2534,male,4814589.0
SAU,2534,female,2617454.0
SAU,3544,male,4672624.0
SAU,3544,female,2237675.0
SAU,4554,male,2549360.0
SAU,4554,female,1257870.0
SAU,55plus,male,1246086.0
SAU,55plus,female,705958.0
SDN,1014,male,3082082.0
SDN,1014,female,3017757.0
SDN,1519,male,2789853.0
SDN,1519,female,2742180.0
SDN,2024,male,2438490.0
SDN,2024,female,2419675.0
SDN,2534,male,3900060.0
SDN,2534,female,3958759.0
SDN,3544,male,2445619.0
SDN,3544,female,2717209.0
SDN,4554,male,1536858.0
SDN,4554,female,1864059.0
SDN,55plus,male,1081851.0
SDN,55plus,female,1242654.0
SEN,1014,male,1179104.0
SEN,1014,female,1081718.0
SEN,1519,male,1081203.0
SEN,1519,female,1007154.0
SEN,2024,male,924321.0
SEN,2024,female,896579.0
SEN,2534,male,1468317.0
SEN,2534,female,1473873.0
SEN,3544,male,1007016.0
SEN,3544,female,1029797.0
SEN,4554,male,674348.0
SEN,4554,female,674511.0
SEN,55plus,male,428699.0
SEN,55plus,female,430399.0
SGP,1014,male,116172.0
SGP,1014,female,110276.0
SGP,1519,male,163925.0
SGP,1519,female,146735.0
SGP,2024,male,285798.0
SGP,2024,female,237174.0
SGP,2534,male,664526.0
SGP,2534,female,549675.0
SGP,3544,male,505753.0
SGP,3544,female,462578.0
SGP,4554,male,389140.0
SGP,4554,female,375122.0
SGP,55plus,male,333770.0
SGP,55plus,female,325400.0
SLB,1014,male,50558.0
SLB,1014,female,47516.0
SLB,1519,male,44318.0
SLB,1519,female,41217.0
SLB,2024,male,39667.0
SLB,2024,female,37976.0
SLB,2534,male,61918.0
SLB,2534,female,60885.0
SLB,3544,male,50002.0
SLB,3544,female,49439.0
SLB,4554,male,37780.0
SLB,4554,female,35321.0
SLB,55plus,male,21809.0
SLB,55plus,female,20958.0
SLE,1014,male,523343.0
SLE,1014,female,517694.0
SLE,1519,male,483492.0
SLE,1519,female,477787.0
SLE,2024,male,430959.0
SLE,2024,female,425720.0
SLE,2534,male,684884.0
SLE,2534,female,683419.0
SLE,3544,male,482987.0
SLE,3544,female,481523.0
SLE,4554,male,320179.0
SLE,4554,female,329504.0
SLE,55plus,male,195383.0
SLE,55plus,female,213630.0
SLV,1014,male,286934.0
SLV,1014,female,269346.0
SLV,1519,male,287370.0
SLV,1519,female,268940.0
SLV,2024,male,297443.0
SLV,2024,female,282789.0
SLV,2534,male,599666.0
SLV,2534,female,588046.0
SLV,3544,male,360264.0
SLV,3544,female,432358.0
SLV,4554,male,274620.0
SLV,4554,female,390685.0
SLV,55plus,male,202859.0
SLV,55plus,female,299362.0
SMR,1014,male,832.0
SMR,1014,female,805.0
SMR,1519,male,915.0
SMR,1519,female,843.0
SMR,2024,male,943.0
SMR,2024,female,833.0
SMR,2534,male,1677.0
SMR,2534,female,1640.0
SMR,3544,male,1823.0
SMR,3544,female,1881.0
SMR,4554,male,2634.0
SMR,4554,female,2812.0
SMR,55plus,male,2927.0
SMR,55plus,female,2977.0
SOM,1014,male,1275671.0
SOM,1014,female,1243696.0
SOM,1519,male,1052280.0
SOM,1519,female,1025557.0
SOM,2024,male,895641.0
SOM,2024,female,884088.0
SOM,2534,male,1318384.0
SOM,2534,female,1319962.0
SOM,3544,male,850427.0
SOM,3544,female,865763.0
SOM,4554,male,536239.0
SOM,4554,female,561122.0
SOM,55plus,male,320634.0
SOM,55plus,female,360144.0
SRB,1014,male,160336.0
SRB,1014,female,159163.0
SRB,1519,male,162838.0
SRB,1519,female,162273.0
SRB,2024,male,170378.0
SRB,2024,female,171780.0
SRB,2534,male,371902.0
SRB,2534,female,372823.0
SRB,3544,male,437529.0
SRB,3544,female,447939.0
SRB,4554,male,452351.0
SRB,4554,female,473834.0
SRB,55plus,male,408392.0
SRB,55plus,female,461739.0
SSA,1014,male,81508601.0
SSA,1014,female,79865474.0
SSA,1519,male,72749488.0
SSA,1519,female,71450610.0
SSA,2024,male,62169278.0
SSA,2024,female,61446853.0
SSA,2534,male,96434587.0
SSA,2534,female,96694615.0
SSA,3544,male,68318100.0
SSA,3544,female,69645807.0
SSA,4554,male,44496261.0
SSA,4554,female,46441948.0
SSA,55plus,male,26540270.0
SSA,55plus,female,29565945.0
SSD,1014,male,827528.0
SSD,1014,female,810438.0
SSD,1519,male,783775.0
SSD,1519,female,772056.0
SSD,2024,male,647316.0
SSD,2024,female,641777.0
SSD,2534,male,736951.0
SSD,2534,female,748833.0
SSD,3544,male,551155.0
SSD,3544,female,618655.0
SSD,4554,male,505340.0
SSD,4554,female,575675.0
SSD,55plus,male,273051.0
SSD,55plus,female,329294.0
SSF,1014,male,81512680.0
SSF,1014,female,79869376.0
SSF,1519,male,72753396.0
SSF,1519,female,71454413.0
SSF,2024,male,62173571.0
SSF,2024,female,61450560.0
SSF,2534,male,96447338.0
SSF,2534,female,96703146.0
SSF,3544,male,68331714.0
SSF,3544,female,69654065.0
SSF,4554,male,44506101.0
SSF,4554,female,46449326.0
SSF,55plus,male,26546698.0
SSF,55plus,female,29572384.0
SST,1014,male,855259.0
SST,1014,female,822346.0
SST,1519,male,833962.0
SST,1519,female,803048.0
SST,2024,male,827488.0
SST,2024,female,773833.0
SST,2534,male,1748668.0
SST,2534,female,1537799.0
SST,3544,male,1694685.0
SST,3544,female,1423238.0
SST,4554,male,1213531.0
SST,4554,female,1112155.0
SST,55plus,male,871646.0
SST,55plus,female,891851.0
STP,1014,male,14569.0
STP,1014,female,14501.0
STP,1519,male,13787.0
STP,1519,female,13882.0
STP,2024,male,11444.0
STP,2024,female,11902.0
STP,2534,male,15811.0
STP,2534,female,16272.0
STP,3544,male,13033.0
STP,3544,female,13317.0
STP,4554,male,9898.0
STP,4554,female,9630.0
STP,55plus,male,5859.0
STP,55plus,female,5957.0
SUR,1014,male,28073.0
SUR,1014,female,27166.0
SUR,1519,male,27694.0
SUR,1519,female,26889.0
SUR,2024,male,27557.0
SUR,2024,female,26982.0
SUR,2534,male,49237.0
SUR,2534,female,48121.0
SUR,3544,male,44092.0
SUR,3544,female,41499.0
SUR,4554,male,36331.0
SUR,4554,female,35448.0
SUR,55plus,male,30460.0
SUR,55plus,female,31008.0
SVK,1014,male,146972.0
SVK,1014,female,140127.0
SVK,1519,male,142487.0
SVK,1519,female,135012.0
SVK,2024,male,130821.0
SVK,2024,female,123770.0
SVK,2534,male,323572.0
SVK,2534,female,309538.0
SVK,3544,male,424361.0
SVK,3544,female,405578.0
SVK,4554,male,428420.0
SVK,4554,female,414020.0
SVK,55plus,male,325103.0
SVK,55plus,female,344870.0
SVN,1014,male,57310.0
SVN,1014,female,54519.0
SVN,1519,male,56484.0
SVN,1519,female,53897.0
SVN,2024,male,51450.0
SVN,2024,female,48498.0
SVN,2534,male,122152.0
SVN,2534,female,105357.0
SVN,3544,male,155457.0
SVN,3544,female,137223.0
SVN,4554,male,164824.0
SVN,4554,female,148786.0
SVN,55plus,male,149063.0
SVN,55plus,female,146943.0
SWE,1014,male,325411.0
SWE,1014,female,306772.0
SWE,1519,male,326118.0
SWE,1519,female,307305.0
SWE,2024,male,315027.0
SWE,2024,female,293110.0
SWE,2534,male,713835.0
SWE,2534,female,660188.0
SWE,3544,male,726065.0
SWE,3544,female,688016.0
SWE,4554,male,665306.0
SWE,4554,female,643691.0
SWE,55plus,male,651369.0
SWE,55plus,female,638940.0
SWZ,1014,male,67757.0
SWZ,1014,female,67723.0
SWZ,1519,male,64999.0
SWZ,1519,female,65058.0
SWZ,2024,male,60263.0
SWZ,2024,female,59246.0
SWZ,2534,male,104636.0
SWZ,2534,female,103809.0
SWZ,3544,male,82763.0
SWZ,3544,female,84704.0
SWZ,4554,male,47676.0
SWZ,4554,female,50897.0
SWZ,55plus,male,26593.0
SWZ,55plus,female,36453.0
SXM,1014,male,1394.0
SXM,1014,female,1192.0
SXM,1519,male,1503.0
SXM,1519,female,1329.0
SXM,2024,male,1248.0
SXM,2024,female,1256.0
SXM,2534,male,2405.0
SXM,2534,female,2745.0
SXM,3544,male,2858.0
SXM,3544,female,3499.0
SXM,4554,male,3264.0
SXM,4554,female,3666.0
SXM,55plus,male,3464.0
SXM,55plus,female,3825.0
SYC,1014,male,4079.0
SYC,1014,female,3902.0
SYC,1519,male,3908.0
SYC,1519,female,3803.0
SYC,2024,male,4293.0
SYC,2024,female,3707.0
SYC,2534,male,12751.0
SYC,2534,female,8531.0
SYC,3544,male,13614.0
SYC,3544,female,8258.0
SYC,4554,male,9840.0
SYC,4554,female,7378.0
SYC,55plus,male,6428.0
SYC,55plus,female,6439.0
SYR,1014,male,1325974.0
SYR,1014,female,1261353.0
SYR,1519,male,1513283.0
SYR,1519,female,1451385.0
SYR,2024,male,1492939.0
SYR,2024,female,1456426.0
SYR,2534,male,2223724.0
SYR,2534,female,2148996.0
SYR,3544,male,1452430.0
SYR,3544,female,1460416.0
SYR,4554,male,1124127.0
SYR,4554,female,1196452.0
SYR,55plus,male,741225.0
SYR,55plus,female,832569.0
TCA,1014,male,1098.0
TCA,1014,female,1238.0
TCA,1519,male,1205.0
TCA,1519,female,1409.0
TCA,2024,male,1211.0
TCA,2024,female,1464.0
TCA,2534,male,3226.0
TCA,2534,female,3371.0
TCA,3544,male,4331.0
TCA,3544,female,3781.0
TCA,4554,male,4240.0
TCA,4554,female,3715.0
TCA,55plus,male,3045.0
TCA,55plus,female,2901.0
TCD,1014,male,1361195.0
TCD,1014,female,1326419.0
TCD,1519,male,1148985.0
TCD,1519,female,1120017.0
TCD,2024,male,952114.0
TCD,2024,female,938445.0
TCD,2534,male,1470661.0
TCD,2534,female,1466806.0
TCD,3544,male,919061.0
TCD,3544,female,932399.0
TCD,4554,male,608923.0
TCD,4554,female,633275.0
TCD,55plus,male,341109.0
TCD,55plus,female,373210.0
TEA,1014,male,79003869.0
TEA,1014,female,70924852.0
TEA,1519,male,74957051.0
TEA,1519,female,67025508.0
TEA,2024,male,70377730.0
TEA,2024,female,63132692.0
TEA,2534,male,151642195.0
TEA,2534,female,138113124.0
TEA,3544,male,167869868.0
TEA,3544,female,158714832.0
TEA,4554,male,147695103.0
TEA,4554,female,145432715.0
TEA,55plus,male,135952106.0
TEA,55plus,female,140829566.0
TEC,1014,male,16660326.0
TEC,1014,female,15861257.0
TEC,1519,male,15140666.0
TEC,1519,female,14456368.0
TEC,2024,male,13673537.0
TEC,2024,female,13171297.0
TEC,2534,male,30323119.0
TEC,2534,female,29471652.0
TEC,3544,male,35938795.0
TEC,3544,female,35808946.0
TEC,4554,male,29589532.0
TEC,4554,female,31396987.0
TEC,55plus,male,24135760.0
TEC,55plus,female,28023453.0
TGO,1014,male,589932.0
TGO,1014,female,577021.0
TGO,1519,male,527909.0
TGO,1519,female,515562.0
TGO,2024,male,439416.0
TGO,2024,female,428014.0
TGO,2534,male,705652.0
TGO,2534,female,686497.0
TGO,3544,male,539801.0
TGO,3544,female,525378.0
TGO,4554,male,382663.0
TGO,4554,female,380736.0
TGO,55plus,male,227940.0
TGO,55plus,female,238480.0
THA,1014,male,2036473.0
THA,1014,female,1921255.0
THA,1519,male,2179614.0
THA,1519,female,2068224.0
THA,2024,male,2382052.0
THA,2024,female,2276768.0
THA,2534,male,5082489.0
THA,2534,female,4947076.0
THA,3544,male,5069728.0
THA,3544,female,5130155.0
THA,4554,male,5103183.0
THA,4554,female,5493020.0
THA,55plus,male,4728702.0
THA,55plus,female,5363775.0
TJK,1014,male,610825.0
TJK,1014,female,620147.0
TJK,1519,male,490095.0
TJK,1519,female,495340.0
TJK,2024,male,408880.0
TJK,2024,female,444987.0
TJK,2534,male,837992.0
TJK,2534,female,875722.0
TJK,3544,male,675244.0
TJK,3544,female,703027.0
TJK,4554,male,422380.0
TJK,4554,female,455417.0
TJK,55plus,male,315296.0
TJK,55plus,female,354685.0
TKM,1014,male,391392.0
TKM,1014,female,379162.0
TKM,1519,male,298397.0
TKM,1519,female,281097.0
TKM,2024,male,257167.0
TKM,2024,female,243194.0
TKM,2534,male,654736.0
TKM,2534,female,646501.0
TKM,3544,male,538379.0
TKM,3544,female,537950.0
TKM,4554,male,382293.0
TKM,4554,female,440255.0
TKM,55plus,male,263438.0
TKM,55plus,female,330649.0
TLA,1014,male,26026379.0
TLA,1014,female,25013731.0
TLA,1519,male,26165670.0
TLA,1519,female,25220214.0
TLA,2024,male,26247901.0
TLA,2024,female,25536719.0
TLA,2534,male,51413605.0
TLA,2534,female,51218146.0
TLA,3544,male,46593229.0
TLA,3544,female,48048063.0
TLA,4554,male,38144162.0
TLA,4554,female,40761527.0
TLA,55plus,male,29336755.0
TLA,55plus,female,32449510.0
TLS,1014,male,78631.0
TLS,1014,female,76030.0
TLS,1519,male,78497.0
TLS,1519,female,76682.0
TLS,2024,male,76169.0
TLS,2024,female,74618.0
TLS,2534,male,114350.0
TLS,2534,female,114502.0
TLS,3544,male,80591.0
TLS,3544,female,80377.0
TLS,4554,male,53401.0
TLS,4554,female,50046.0
TLS,55plus,male,38684.0
TLS,55plus,female,36680.0
TMN,1014,male,23062868.0
TMN,1014,female,21950378.0
TMN,1519,male,20568208.0
TMN,1519,female,19629928.0
TMN,2024,male,18224952.0
TMN,2024,female,17495465.0
TMN,2534,male,34314940.0
TMN,2534,female,33028716.0
TMN,3544,male,32923170.0
TMN,3544,female,32111787.0
TMN,4554,male,24102057.0
TMN,4554,female,23659599.0
TMN,55plus,male,16179905.0
TMN,55plus,female,16610476.0
TON,1014,male,6656.0
TON,1014,female,6302.0
TON,1519,male,5963.0
TON,1519,female,5776.0
TON,2024,male,4670.0
TON,2024,female,5088.0
TON,2534,male,4625.0
TON,2534,female,6905.0
TON,3544,male,4095.0
TON,3544,female,6152.0
TON,4554,male,4236.0
TON,4554,female,5167.0
TON,55plus,male,3728.0
TON,55plus,female,4002.0
TSA,1014,male,93275110.0
TSA,1014,female,86060955.0
TSA,1519,male,93925759.0
TSA,1519,female,86663943.0
TSA,2024,male,92297742.0
TSA,2024,female,86387103.0
TSA,2534,male,168429071.0
TSA,2534,female,159264370.0
TSA,3544,male,143155770.0
TSA,3544,female,136392069.0
TSA,4554,male,106980670.0
TSA,4554,female,103310460.0
TSA,55plus,male,75574908.0
TSA,55plus,female,75414341.0
TSS,1014,male,81512680.0
TSS,1014,female,79869376.0
TSS,1519,male,72753396.0
TSS,1519,female,71454413.0
TSS,2024,male,62173571.0
TSS,2024,female,61450560.0
TSS,2534,male,96447338.0
TSS,2534,female,96703146.0
TSS,3544,male,68331714.0
TSS,3544,female,69654065.0
TSS,4554,male,44506101.0
TSS,4554,female,46449326.0
TSS,55plus,male,26546698.0
TSS,55plus,female,29572384.0
TTO,1014,male,43623.0
TTO,1014,female,42104.0
TTO,1519,male,44026.0
TTO,1519,female,42368.0
TTO,2024,male,43606.0
TTO,2024,female,41792.0
TTO,2534,male,96468.0
TTO,2534,female,92880.0
TTO,3544,male,120599.0
TTO,3544,female,119236.0
TTO,4554,male,95384.0
TTO,4554,female,95383.0
TTO,55plus,male,79946.0
TTO,55plus,female,85099.0
TUN,1014,male,546014.0
TUN,1014,female,511913.0
TUN,1519,male,472729.0
TUN,1519,female,441386.0
TUN,2024,male,411471.0
TUN,2024,female,390593.0
TUN,2534,male,873219.0
TUN,2534,female,873983.0
TUN,3544,male,897122.0
TUN,3544,female,968774.0
TUN,4554,male,769813.0
TUN,4554,female,818613.0
TUN,55plus,male,625732.0
TUN,55plus,female,668548.0
TUR,1014,male,3349509.0
TUR,1014,female,3233826.0
TUR,1519,male,3148027.0
TUR,1519,female,3025740.0
TUR,2024,male,3147425.0
TUR,2024,female,3011567.0
TUR,2534,male,6739944.0
TUR,2534,female,6457108.0
TUR,3544,male,6446088.0
TUR,3544,female,6310556.0
TUR,4554,male,5760318.0
TUR,4554,female,5763473.0
TUR,55plus,male,4357324.0
TUR,55plus,female,4484460.0
TUV,1014,male,538.0
TUV,1014,female,485.0
TUV,1519,male,458.0
TUV,1519,female,402.0
TUV,2024,male,374.0
TUV,2024,female,350.0
TUV,2534,male,705.0
TUV,2534,female,629.0
TUV,3544,male,519.0
TUV,3544,female,448.0
TUV,4554,male,457.0
TUV,4554,female,398.0
TUV,55plus,male,440.0
TUV,55plus,female,510.0
TZA,1014,male,4348111.0
TZA,1014,female,4279389.0
TZA,1519,male,3829374.0
TZA,1519,female,3793165.0
TZA,2024,male,3296712.0
TZA,2024,female,3290623.0
TZA,2534,male,5075722.0
TZA,2534,female,5089472.0
TZA,3544,male,3423412.0
TZA,3544,female,3595587.0
TZA,4554,male,2256454.0
TZA,4554,female,2396654.0
TZA,55plus,male,1160068.0
TZA,55plus,female,1323317.0
UGA,1014,male,3334319.0
UGA,1014,female,3299939.0
UGA,1519,male,2964185.0
UGA,1519,female,2961248.0
UGA,2024,male,2548638.0
UGA,2024,female,2569113.0
UGA,2534,male,3948742.0
UGA,2534,female,4012358.0
UGA,3544,male,2311258.0
UGA,3544,female,2388551.0
UGA,4554,male,1337291.0
UGA,4554,female,1421597.0
UGA,55plus,male,752061.0
UGA,55plus,female,872113.0
UKR,1014,male,1147969.0
UKR,1014,female,1085767.0
UKR,1519,male,1128894.0
UKR,1519,female,1075080.0
UKR,2024,male,1003431.0
UKR,2024,female,974012.0
UKR,2534,male,2425448.0
UKR,2534,female,2370639.0
UKR,3544,male,3302494.0
UKR,3544,female,3248276.0
UKR,4554,male,2535508.0
UKR,4554,female,2832335.0
UKR,55plus,male,2448926.0
UKR,55plus,female,2901953.0
UMC,1014,male,106297621.0
UMC,1014,female,97110982.0
UMC,1519,male,101522286.0
UMC,1519,female,92497017.0
UMC,2024,male,96479780.0
UMC,2024,female,88257016.0
UMC,2534,male,206205112.0
UMC,2534,female,191936294.0
UMC,3544,male,222386893.0
UMC,3544,female,214009949.0
UMC,4554,male,191672307.0
UMC,4554,female,191959383.0
UMC,55plus,male,169646230.0
UMC,55plus,female,178017210.0
URY,1014,male,119305.0
URY,1014,female,113810.0
URY,1519,male,119164.0
URY,1519,female,113909.0
URY,2024,male,122252.0
URY,2024,female,117352.0
URY,2534,male,253103.0
URY,2534,female,245124.0
URY,3544,male,224784.0
URY,3544,female,221079.0
URY,4554,male,213867.0
URY,4554,female,219312.0
URY,55plus,male,181681.0
URY,55plus,female,196211.0
USA,1014,male,10553355.0
USA,1014,female,9971458.0
USA,1519,male,11454686.0
USA,1519,female,10792499.0
USA,2024,male,11587245.0
USA,2024,female,10886816.0
USA,2534,male,23494305.0
USA,2534,female,21927231.0
USA,3544,male,23766429.0
USA,3544,female,22350890.0
USA,4554,male,20871095.0
USA,4554,female,20021867.0
USA,55plus,male,20612996.0
USA,55plus,female,20564704.0
UZB,1014,male,1691047.0
UZB,1014,female,1578360.0
UZB,1519,male,1486600.0
UZB,1519,female,1405257.0
UZB,2024,male,1263969.0
UZB,2024,female,1203465.0
UZB,2534,male,2971993.0
UZB,2534,female,2838996.0
UZB,3544,male,2753255.0
UZB,3544,female,2651599.0
UZB,4554,male,1889351.0
UZB,4554,female,1878103.0
UZB,55plus,male,1382690.0
UZB,55plus,female,1485069.0
VCT,1014,male,4004.0
VCT,1014,female,3894.0
VCT,1519,male,3859.0
VCT,1519,female,3651.0
VCT,2024,male,3609.0
VCT,2024,female,3334.0
VCT,2534,male,7373.0
VCT,2534,female,6745.0
VCT,3544,male,6536.0
VCT,3544,female,6529.0
VCT,4554,male,6679.0
VCT,4554,female,6331.0
VCT,55plus,male,6313.0
VCT,55plus,female,5866.0
VEN,1014,male,1380603.0
VEN,1014,female,1308209.0
VEN,1519,male,1404981.0
VEN,1519,female,1338081.0
VEN,2024,male,1237377.0
VEN,2024,female,1162397.0
VEN,2534,male,1838840.0
VEN,2534,female,1766262.0
VEN,3544,male,1754076.0
VEN,3544,female,1837497.0
VEN,4554,male,1631146.0
VEN,4554,female,1753523.0
VEN,55plus,male,1342546.0
VEN,55plus,female,1488010.0
VGB,1014,male,1058.0
VGB,1014,female,1042.0
VGB,1519,male,1369.0
VGB,1519,female,1314.0
VGB,2024,male,1234.0
VGB,2024,female,1268.0
VGB,2534,male,2746.0
VGB,2534,female,3105.0
VGB,3544,male,3402.0
VGB,3544,female,4124.0
VGB,4554,male,3101.0
VGB,4554,female,3645.0
VGB,55plus,male,2299.0
VGB,55plus,female,2515.0
VIR,1014,male,2995.0
VIR,1014,female,2689.0
VIR,1519,male,3110.0
VIR,1519,female,3065.0
VIR,2024,male,2899.0
VIR,2024,female,2821.0
VIR,2534,male,4920.0
VIR,2534,female,5234.0
VIR,3544,male,5527.0
VIR,3544,female,6014.0
VIR,4554,male,6235.0
VIR,4554,female,6675.0
VIR,55plus,male,7463.0
VIR,55plus,female,8364.0
VNM,1014,male,4432466.0
VNM,1014,female,4253167.0
VNM,1519,male,3772006.0
VNM,1519,female,3681317.0
VNM,2024,male,3276828.0
VNM,2024,female,3257978.0
VNM,2534,male,7327343.0
VNM,2534,female,7305275.0
VNM,3544,male,8292228.0
VNM,3544,female,8311252.0
VNM,4554,male,6330528.0
VNM,4554,female,6564223.0
VNM,55plus,male,4977826.0
VNM,55plus,female,5634038.0
VUT,1014,male,20419.0
VUT,1014,female,19269.0
VUT,1519,male,17020.0
VUT,1519,female,16104.0
VUT,2024,male,13568.0
VUT,2024,female,13320.0
VUT,2534,male,23658.0
VUT,2534,female,25727.0
VUT,3544,male,19569.0
VUT,3544,female,20838.0
VUT,4554,male,13471.0
VUT,4554,female,11804.0
VUT,55plus,male,9178.0
VUT,55plus,female,9000.0
WLD,1014,male,353642743.0
WLD,1014,female,332032646.0
WLD,1519,male,339048551.0
WLD,1519,female,318070387.0
WLD,2024,male,320384500.0
WLD,2024,female,301785268.0
WLD,2534,male,615585048.0
WLD,2534,female,581950477.0
WLD,3544,male,580061280.0
WLD,3544,female,559038971.0
WLD,4554,male,472599764.0
WLD,4554,female,469521979.0
WLD,55plus,male,385545507.0
WLD,55plus,female,401613005.0
WSM,1014,male,14311.0
WSM,1014,female,13515.0
WSM,1519,male,11835.0
WSM,1519,female,11233.0
WSM,2024,male,8852.0
WSM,2024,female,8132.0
WSM,2534,male,12565.0
WSM,2534,female,13517.0
WSM,3544,male,10053.0
WSM,3544,female,11083.0
WSM,4554,male,9794.0
WSM,4554,female,9567.0
WSM,55plus,male,8190.0
WSM,55plus,female,7702.0
XKX,1014,male,72813.0
XKX,1014,female,65976.0
XKX,1519,male,74009.0
XKX,1519,female,72241.0
XKX,2024,male,75343.0
XKX,2024,female,74008.0
XKX,2534,male,132609.0
XKX,2534,female,128230.0
XKX,3544,male,123385.0
XKX,3544,female,121335.0
XKX,4554,male,103868.0
XKX,4554,female,119966.0
XKX,55plus,male,84071.0
XKX,55plus,female,97364.0
YEM,1014,male,2466942.0
YEM,1014,female,2354494.0
YEM,1519,male,2184874.0
YEM,1519,female,2089424.0
YEM,2024,male,1908905.0
YEM,2024,female,1835856.0
YEM,2534,male,3253098.0
YEM,2534,female,3178782.0
YEM,3544,male,2424539.0
YEM,3544,female,2371376.0
YEM,4554,male,1402712.0
YEM,4554,female,1383896.0
YEM,55plus,male,748292.0
YEM,55plus,female,793022.0
ZAF,1014,male,2638630.0
ZAF,1014,female,2622890.0
ZAF,1519,male,2731294.0
ZAF,1519,female,2706494.0
ZAF,2024,male,2597837.0
ZAF,2024,female,2532950.0
ZAF,2534,male,5560225.0
ZAF,2534,female,5638288.0
ZAF,3544,male,5107335.0
ZAF,3544,female,5180467.0
ZAF,4554,male,3290462.0
ZAF,4554,female,3493533.0
ZAF,55plus,male,2119566.0
ZAF,55plus,female,2675794.0
ZMB,1014,male,1375400.0
ZMB,1014,female,1378279.0
ZMB,1519,male,1232866.0
ZMB,1519,female,1240877.0
ZMB,2024,male,1028128.0
ZMB,2024,female,1043580.0
ZMB,2534,male,1626136.0
ZMB,2534,female,1653652.0
ZMB,3544,male,1192917.0
ZMB,3544,female,1195427.0
ZMB,4554,male,747279.0
ZMB,4554,female,770090.0
ZMB,55plus,male,355209.0
ZMB,55plus,female,411087.0
ZWE,1014,male,1142288.0
ZWE,1014,female,1131147.0
ZWE,1519,male,980182.0
ZWE,1519,female,976099.0
ZWE,2024,male,818224.0
ZWE,2024,female,840161.0
ZWE,2534,male,1000895.0
ZWE,2534,female,1160194.0
ZWE,3544,male,898190.0
ZWE,3544,female,1105180.0
ZWE,4554,male,485918.0
ZWE,4554,female,713255.0
ZWE,55plus,male,227472.0
ZWE,55plus,female,312937.0
