iso3;Country;age_13_17_men;age_13_17_women;age_18_24_men;age_18_24_women;age_25_34_men;age_25_34_women;age_35_44_men;age_35_44_women;age_45_54_men;age_45_54_women;age_55_100_men;age_55_100_women;age_13_17_ratio;age_18_24_ratio;age_25_34_ratio;age_35_44_ratio;age_45_54_ratio;age_55_100_ratio;total_men;total_women;total_all;total_ratio
AND;AD;2000.0;2000.0;2000.0;2000.0;4053.333333333333;3966.666666666666;4370.0;4570.0;4400.0;4653.333333333333;4936.666666666667;5622.298850574713;1.0;1.0;0.9786184210526315;1.045766590389016;1.0575757575757576;1.13888565507928;21760.0;22812.298850574713;44572.29885057471;1.0483593221771468
ARE;AE;2000.0;2000.0;1090268.0;371341.6347381865;3316666.6666666665;1166260.0;2154440.0;843321.4559386973;771985.1724137932;302016.6666666666;298302.5287356322;143793.33333333334;1.0;0.3405966558114028;0.35163618090452264;0.3914341805474728;0.39122081285880206;0.48203860001726245;7633662.3678160915;2828733.0906768837;10462395.458492976;0.3705604144352737
AFG;AF;2000.0;2000.0;1553429.6296296297;348538.4259259259;1617719.2592592593;235600.0;502704.94505494507;53810.92307692308;126162.51851851851;14468.710089399745;139996.62108262107;32247.071428571428;1.0;0.22436705163723752;0.1456371361418293;0.10704275660356118;0.11468311079471662;0.23034178381734186;3942012.973544974;686665.1305208202;4628678.1040657945;0.17419149432765968
ATG;AG;2000.0;2000.0;4400.0;4360.0;8600.0;8860.0;6700.0;7636.666666666666;5100.0;6100.0;5425.402298850574;6453.333333333333;1.0;0.990909090909091;1.0302325581395348;1.1398009950248755;1.196078431372549;1.1894663248659987;32225.402298850575;35410.0;67635.40229885057;1.098822589447177
AIA;AI;2000.0;2000.0;2000.0;2000.0;2000.0;2000.0;2000.0;2000.0;2000.0;2000.0;3000.0;3000.0;1.0;1.0;1.0;1.0;1.0;1.0;13000.0;13000.0;26000.0;1.0
ALB;AL;2000.0;2000.0;95683.33333333334;56189.88505747127;214605.49169859517;136119.25925925927;160236.6666666667;107809.25925925927;110688.80952380951;75616.66666666667;184788.36296137644;126358.53448275864;1.0;0.5872484068016506;0.6342766822129292;0.6728126682985122;0.6831464444506586;0.6838013631257153;768002.6641837811;504093.6047254151;1272096.2689091964;0.6563696042137515
ARM;AM;2000.0;2000.0;127503.57142857143;117702.06896551725;228136.66666666663;197615.55555555556;205883.3333333333;205267.24137931038;123517.5;143900.8333333333;161723.0;258241.22605363987;1.0;0.9231276241658448;0.8662156699444292;0.9970075676158523;1.1650238495219973;1.5968119936783256;848764.0714285714;924726.9252873565;1773490.996715928;1.0894981967496935
ANT;AN;2000.0;2000.0;2000.0;2000.0;2000.0;2000.0;2000.0;2000.0;2000.0;2000.0;3000.0;3000.0;1.0;1.0;1.0;1.0;1.0;1.0;13000.0;13000.0;26000.0;1.0
AGO;AO;2000.0;2000.0;1275003.7037037038;1013044.4444444445;1082653.7037037038;827411.1111111112;488234.44444444444;296125.925925926;204802.22222222222;100588.17663817664;207898.9417989418;104967.85714285713;1.0;0.7945423542705758;0.764243551082474;0.6065240363425891;0.49114787694555706;0.5048984676620967;3260593.015873016;2344137.5152625157;5604730.531135531;0.7189298093478491
ATA;AQ;2000.0;2000.0;2000.0;2000.0;2000.0;2000.0;2000.0;2000.0;2000.0;2000.0;3000.0;3000.0;1.0;1.0;1.0;1.0;1.0;1.0;13000.0;13000.0;26000.0;1.0
ARG;AR;2037.037037037037;2273.333333333333;2102174.074074074;2244318.5185185187;4300000.0;4300000.0;3366666.666666667;3600000.0;2500000.0;2700000.0;2684779.3103448274;3509535.7142857146;1.1159999999999999;1.0676178277515165;1.0;1.0693069306930691;1.08;1.3071970946598799;14955657.088122606;16356127.566137567;31311784.654260173;1.093641521048726
ASM;AS;2000.0;2000.0;3373.333333333333;3453.333333333333;3700.0;4000.0;2900.0;3200.0;2400.0;2600.0;3000.0;3200.0;1.0;1.023715415019763;1.0810810810810811;1.103448275862069;1.0833333333333333;1.0666666666666667;17373.333333333332;18453.333333333332;35826.666666666664;1.0621642363775903
AUT;AT;2000.0;2000.0;138873.33333333334;144086.60477453578;445887.49999999994;440939.99999999994;414263.8461538461;445180.0;323755.1724137931;354073.3333333334;422080.0;447150.0;1.0;1.0375397588296464;0.9889041518320204;1.0746291382489421;1.0936453329641032;1.0593963229719485;1746859.8519009724;1833429.9381078691;3580289.7900088415;1.0495575452791415
AUS;AU;2000.0;3066.6666666666665;1188107.7011494252;1191168.5185185184;2200000.0;2170000.0;1800003.3333333335;1892827.0769230768;1324303.3333333335;1474376.6666666665;2132846.666666667;2633790.3703703703;1.5333333333333332;1.0025762120438508;0.9863636363636363;1.0515686509412445;1.1133224764719056;1.2348709410445367;8647261.034482758;9365229.2991453;18012490.33362806;1.0830284019181904
ABW;AW;2000.0;2000.0;5200.0;5150.0;9943.333333333332;9603.333333333332;8960.0;9436.666666666668;7600.0;8800.0;12700.0;15643.333333333332;1.0;0.9903846153846154;0.9658062353335568;1.0531994047619049;1.1578947368421053;1.2317585301837268;46403.33333333333;50633.33333333333;97036.66666666666;1.0911572444508297
AZE;AZ;2000.0;2000.0;141174.07407407407;79361.42857142857;365323.3333333333;165118.14814814815;338166.6666666666;161342.59259259258;185023.24393358876;93837.03703703704;189123.3333333333;124266.73163418291;1.0;0.5621529951015481;0.45197810564563307;0.47710968731175735;0.5071635057415727;0.6570671605875333;1220810.6513409961;625925.9379833892;1846736.5893243854;0.5127133657425438
BIH;BA;2000.0;2000.0;95574.13793103448;94655.8908045977;202761.68582375481;185212.63736263738;170717.24137931035;170258.37438423646;145065.5172413793;144082.15892053972;188587.48403575987;194714.40886699507;1.0;0.9903923054257693;0.9134498789067503;0.9973121227160979;0.9932212813938178;1.0324885018884573;804706.0664112389;790923.4703390063;1595629.5367502451;0.9828725087985244
BRB;BB;2000.0;2000.0;7633.333333333333;6800.0;19603.44827586207;18831.03448275862;16700.0;18472.41379310345;14644.827586206897;16730.0;20903.44827586207;24961.53846153846;1.0;0.8908296943231442;0.9605980650835532;1.1061325624612843;1.1423828584883446;1.1941349643428165;81485.05747126437;87794.98673740053;169280.0442086649;1.0774366425201498
BGD;BD;13883.333333333332;10452.173913043478;17400000.0;12933333.333333334;14810370.37037037;7324000.0;6117777.777777778;2295974.074074074;2246173.076923077;832256.8376068376;1306702.2893772894;524515.1181353767;0.7528576648050525;0.7432950191570882;0.494518355506652;0.37529543528272186;0.37052213213547447;0.40140368804690396;41894906.847781844;23920531.537062664;65815438.38484451;0.5709651443783829
BEL;BE;2000.0;2000.0;397019.45812807884;413233.3333333334;788776.6666666667;744035.9770114943;682726.6666666667;692116.6666666667;567230.0;601743.3333333333;953031.8390804597;1090371.3793103448;1.0;1.040838993841012;0.9432783808828367;1.0137536739934967;1.0608453948721563;1.144108029341809;3390784.6305418722;3543500.6896551726;6934285.320197045;1.0450385606144779
BFA;BF;2000.0;2000.0;865030.7407407407;456041.6666666666;964178.5714285714;415992.5925925926;487334.78835978836;178078.84615384616;176517.66381766382;52451.851851851854;124000.26455026456;52705.494505494506;1.0;0.5271970638594304;0.43144766428094206;0.3654137779763314;0.2971478928365643;0.4250434037108839;2619062.0288970284;1157270.4517704519;3776332.4806674803;0.4418644686539997
BGR;BG;2000.0;2000.0;226748.9655172414;225152.8571428572;397126.551724138;361891.724137931;412900.22988505743;399103.4482758621;379680.4187192118;398157.816091954;445965.5526083112;629560.0;1.0;0.9929609011853999;0.91127556837176;0.9665856770943526;1.048665657910599;1.411678539559621;1864421.7184539598;2015865.8456486042;3880287.564102564;1.081228471914727
BHR;BH;2000.0;2000.0;60203.44827586207;23660.0;239893.10344827586;81611.00795755969;193396.5517241379;73204.90716180371;85113.1299734748;33866.722408026755;41770.82228116711;16707.029177718832;1.0;0.3930007446016381;0.34019739118993103;0.3785222978857641;0.39790244370734806;0.39996888414742565;622377.0557029177;231049.66670510898;853426.7224080267;0.3712374429423006
BDI;BI;2000.0;2000.0;289877.01149425283;215227.43628185906;273096.551724138;141949.4752623688;122406.89655172414;49380.434782608696;39336.82266009852;13312.962962962964;31337.98787419477;17841.379310344826;1.0;0.7424784572340128;0.5197776184510586;0.4034121946857998;0.3384351369198668;0.5693211504825518;758055.2703044083;439711.68860014435;1197766.9589045527;0.5800522809155745
BEN;BJ;2000.0;2000.0;688524.367816092;479079.94505494507;596479.9489144317;338534.4827586207;239282.75862068965;118882.75862068965;84765.5172413793;41568.85057471265;73034.9571246123;52831.2643678161;1.0;0.6958068115650331;0.5675538354218598;0.4968296057182384;0.49039812328804283;0.7233695540845647;1684087.5497172049;1032897.3013767842;2716984.851093989;0.6133275562486228
BLM;BL;2000.0;2000.0;2000.0;2000.0;2000.0;2000.0;2000.0;2000.0;2000.0;2000.0;3000.0;3000.0;1.0;1.0;1.0;1.0;1.0;1.0;13000.0;13000.0;26000.0;1.0
BMU;BM;2000.0;2000.0;2000.0;2000.0;3300.0;3400.0;4156.666666666666;4500.0;3900.0;4100.0;5300.0;7700.0;1.0;1.0;1.0303030303030303;1.0825982357658381;1.0512820512820513;1.4528301886792452;20656.666666666664;23700.0;44356.666666666664;1.1473293529126998
BRN;BN;2000.0;2000.0;27616.32183908047;16593.10344827586;65037.93103448275;42040.17094017094;49467.68837803321;37973.07692307692;26503.448275862065;23014.687100894;19241.379310344826;16800.0;1.0;0.6008440785475853;0.6463946541885145;0.7676339478991984;0.8683657636298804;0.8731182795698925;189866.76883780333;138421.03841241772;328287.807250221;0.7290429982018921
BOL;BO;2000.0;2000.0;1208396.2864721487;1094329.7573435504;1357953.7135278513;1219806.7733990147;811124.1379310344;743575.8620689656;470090.6768837803;426989.6551724138;440511.44372868515;389987.90549169853;1.0;0.9056050317221599;0.8982682997567404;0.9167226412046289;0.9083133875424161;0.8853070925710059;4290076.2585435;3876689.953475643;8166766.212019143;0.9036412687898925
BES;BQ;2000.0;2000.0;2000.0;2000.0;2483.333333333333;2400.0;2500.0;2373.333333333333;2000.0;2000.0;3165.5172413793102;3300.0;1.0;1.0;0.9664429530201344;0.9493333333333333;1.0;1.042483660130719;14148.850574712642;14073.333333333332;28222.183908045976;0.9946626589219709
BRA;BR;4970.238095238095;5157.142857142857;8166666.666666667;8251724.137931035;15565517.24137931;15561034.48275862;12813793.103448275;14532142.857142858;9242857.142857142;11527586.206896551;9651724.137931034;14227454.844006568;1.0376047904191616;1.0104152005629838;0.9997120070890563;1.1341015685068432;1.247188615892981;1.4740842818013238;55445528.53037766;64105099.67159278;119550628.20197044;1.1561815960771424
BHS;BS;2000.0;2000.0;17051.851851851854;18558.51851851852;36452.988505747126;35494.166666666664;26408.88888888889;26720.689655172413;18610.34482758621;21300.0;19233.333333333332;26155.1724137931;1.0;1.0883579496090354;0.9736970306582876;1.0118066597801738;1.1445247359644244;1.3598876471642862;119757.4074074074;130228.5472541507;249985.9546615581;1.0874362602984642
BTN;BT;2000.0;2000.0;79033.33333333333;76337.52012882449;88606.66666666667;81303.70370370371;54131.481481481474;48049.07407407408;25246.666666666664;20408.333333333332;20756.46551724138;16106.666666666664;1.0;0.9658901745528193;0.9175799831130506;0.8876364133967366;0.8083575389490362;0.7759831100958708;269774.6136653895;244205.29790660227;513979.91157199175;0.9052197113309495
BWA;BW;2000.0;2000.0;189025.0;184955.55555555553;205792.96296296295;213100.0;153060.7142857143;156926.85185185185;79076.92307692308;78958.48806366048;72618.27586206897;76306.83229813664;1.0;0.9784713956119854;1.0355067390635322;1.0252588496282642;0.9985022809606869;1.050793775978291;701573.8761876693;712247.7277692045;1413821.603956874;1.0152141519857276
BLR;BY;2000.0;2000.0;17516.666666666664;18954.615384615383;49577.32095490716;68775.86206896552;103886.20689655172;140053.31564986735;73385.0985221675;109450.36945812807;61217.6724137931;119503.07692307692;1.0;1.0820903169142941;1.3872444243512132;1.3481415852378773;1.4914522384277553;1.952100957307083;307582.96545408614;458737.2394846533;766320.2049387394;1.4914260248691515
BLZ;BZ;2000.0;2000.0;32341.49425287356;31286.206896551725;39031.034482758616;39552.89855072463;24927.58620689655;26669.704433497536;15053.333333333332;16268.965517241379;14658.620689655172;16131.03448275862;1.0;0.9673704823880216;1.0133704903003926;1.0698871608402665;1.0807550166457958;1.1004469536579629;128012.06896551722;131908.8098807739;259920.8788462911;1.030440418210148
CAN;CA;2000.0;2000.0;1289593.3333333333;1186838.6206896552;3000000.0;2800000.0;2553333.333333333;2700000.0;1898362.0689655172;2098251.8518518517;3290518.9655172415;4214317.36453202;1.0;0.9203200652580311;0.9333333333333333;1.0574412532637076;1.1052959212334355;1.2807455020608172;12033807.701149425;13001407.837073527;25035215.538222954;1.080406813865879
COD;CD;2000.0;2000.0;1851279.1666666667;1267047.2222222222;1733343.3333333335;975016.6666666667;760211.3756613757;398822.2222222222;339773.01587301586;152347.5;485300.4424375114;271379.6296296296;1.0;0.6844171560054947;0.5625063701555568;0.5246201714296252;0.44838022115604725;0.5591992215514479;5171907.333971903;3066613.2407407407;8238520.574712643;0.592936617521655
CAF;CF;2000.0;2000.0;38282.87037037037;22678.333333333336;48294.16666666666;27290.833333333336;28800.925925925927;14292.816091954024;13383.333333333332;5120.0;9281.666666666666;4723.333333333333;1.0;0.5923885307953708;0.5650958535364866;0.4962623815885017;0.3825653798256538;0.508888489854552;140042.96296296295;76105.31609195402;216148.279054917;0.5434426299026645
COG;CG;2000.0;2000.0;187636.21794871797;160343.91025641025;229149.33862433862;180390.5172413793;144955.4376657825;99361.68091168092;74766.40211640211;39356.682769726256;75712.13282247764;42372.90008841733;1.0;0.854546696844173;0.7872181448322081;0.6854636329047198;0.5263953013073002;0.5596579901898833;714219.5291777189;523825.6912676141;1238045.220445333;0.7334239262131277
CHE;CH;2000.0;2000.0;113726.66666666669;99462.18390804598;403495.4022988506;398250.91954022984;421728.6206896552;444741.3793103448;331613.7931034483;351448.275862069;427645.0957854406;447122.7586206896;1.0;0.8745722249960076;0.9870023729421917;1.0545676947015281;1.0598119956742367;1.0455463257434885;1700209.5785440614;1743025.5172413792;3443235.095785441;1.0251827417264536
CIV;CI;2000.0;2000.0;1419651.7241379311;983207.5351213282;1764420.91954023;1165086.4367816092;1112989.2857142857;615171.264367816;516787.14285714284;207087.1264367816;353950.0;177702.14559386973;1.0;0.6925695354741818;0.6603222756422575;0.5527198439947391;0.4007203532422775;0.502054373764288;5169799.0722495895;3150254.5083014052;8320053.580550995;0.6093572427623578
COK;CK;2000.0;2000.0;2000.0;2000.0;2000.0;2000.0;2000.0;2000.0;2000.0;2000.0;3000.0;3000.0;1.0;1.0;1.0;1.0;1.0;1.0;13000.0;13000.0;26000.0;1.0
CHL;CL;2000.0;2000.0;834357.8703703703;821916.2962962963;1911293.3333333335;1861732.727272727;1503600.0;1534662.9629629632;1053736.896551724;1191416.2962962962;1375061.7753623188;1725163.3333333335;1.0;0.9850884440407432;0.9740695971694875;1.020659060230755;1.1306582318557106;1.2546078759834374;6680049.875617746;7136891.6161616165;13816941.491779363;1.0683889714972559
CMR;CM;2000.0;2000.0;1092232.5281803543;793306.9444444445;1197505.9523809524;921855.5555555556;653808.3333333333;486438.51851851854;280999.3103448276;178493.33333333337;219277.40740740742;152637.03703703702;1.0;0.7263169004553306;0.7698129213660004;0.7440078287752812;0.6352091509203198;0.696091033005714;3445823.5316468747;2534731.388888889;5980554.920535764;0.7355952403277761
CHN;CN;2113.793103448276;2000.0;174255.55555555556;204218.88888888888;434844.4444444445;435574.81481481483;302266.6666666667;189908.51851851854;90460.64814814815;39960.95238095239;35188.88888888889;15457.343550447;0.9461663947797716;1.1719505196709812;1.0016796129735621;0.6282813801891879;0.4417495695532494;0.43926773588261125;1039129.996807152;887120.5181536217;1926250.5149607738;0.8537146659988671
COL;CO;3087.5;3636.3636363636365;4244269.230769231;4054314.814814815;5700000.0;5500000.0;3800000.0;3900000.0;2400000.0;2662068.9655172415;2864386.666666667;3267572.4137931033;1.1777695988222305;0.9552444942518434;0.9649122807017544;1.0263157894736843;1.1091954022988506;1.1407581426831699;19011743.3974359;19387592.557761524;38399335.95519742;1.0197693158627585
CRI;CR;2000.0;2000.0;322815.92592592584;304470.37037037034;533824.8148148148;502986.6666666666;426541.48148148146;430431.90476190473;273903.5714285714;286036.6666666666;325261.81818181823;382346.6666666666;1.0;0.9431702277298267;0.942231707308612;1.0091208556478748;1.0442969588706488;1.175504302361547;1884347.6118326117;1908272.2751322747;3792619.8869648864;1.0126965232685465
CPV;CV;2000.0;2000.0;32048.005698005698;28326.666666666668;40968.80341880342;40486.66666666667;33473.33333333333;33444.444444444445;18940.74074074074;18526.38888888889;21385.507246376812;22650.0;1.0;0.8838823524182472;0.9882316125465489;0.9991369581092745;0.9781237778646853;1.0591284901057196;148816.39043726;145434.1666666667;294250.55710392667;0.9772725049931966
CUW;CW;2000.0;2000.0;5700.0;5733.333333333333;11360.0;12316.666666666666;10033.333333333332;12073.333333333332;8800.0;11133.333333333332;17066.666666666664;23148.148148148146;1.0;1.0058479532163742;1.084213615023474;1.2033222591362127;1.265151515151515;1.3563368055555556;54959.99999999999;66404.8148148148;121364.8148148148;1.2082389886247236
CXR;CX;2000.0;2000.0;2000.0;2000.0;2000.0;2000.0;2000.0;2000.0;2000.0;2000.0;3000.0;3000.0;1.0;1.0;1.0;1.0;1.0;1.0;13000.0;13000.0;26000.0;1.0
CYP;CY;2000.0;2000.0;59846.666666666664;41086.666666666664;133334.2857142857;100153.33333333331;107475.18518518517;101779.16666666666;70147.38095238095;77307.35632183908;93380.02554278416;95215.40229885056;1.0;0.6865322490809848;0.7511446346811808;0.9470015472994628;1.1020704589714994;1.01965491811978;466183.5440613027;417541.92528735625;883725.4693486589;0.8956599403956007
CZE;CZ;2000.0;2000.0;322300.0;359040.0;646685.5172413792;634210.0;608953.3333333334;653060.0;536122.7586206896;622662.2988505748;512627.2413793103;669560.9195402298;1.0;1.1139931740614335;0.980708525382481;1.072430290224757;1.161417397113545;1.3061360487567202;2628688.8505747127;2940533.2183908042;5569222.068965517;1.118631144856841
DEU;DE;2000.0;2000.0;923580.1149425288;889723.3333333333;3300000.0;3073333.333333333;3366666.666666667;3450000.0;2500000.0;2566666.666666667;3359353.333333333;3482203.571428572;1.0;0.9633418032053426;0.9313131313131312;1.0247524752475246;1.0266666666666668;1.0365696090602474;13451600.114942528;13463926.904761903;26915527.01970443;1.0009163809297068
DJI;DJ;2000.0;2000.0;13960.0;10660.0;24206.089743589742;14710.74074074074;13810.0;7213.333333333333;4923.333333333333;2346.666666666667;3310.0;3000.0;1.0;0.7636103151862464;0.6077289184898788;0.5223268163166788;0.4766418415707516;0.9063444108761329;62209.42307692308;39930.74074074074;102140.16381766382;0.6418760818817698
DNK;DK;2000.0;2000.0;243756.41379310345;238835.7471264368;412620.6896551724;403306.8965517241;310009.4252873563;322820.6896551724;312781.5649867374;335464.9014778325;582957.775041051;693396.551724138;1.0;0.979813180748371;0.9774277118502424;1.0413254027871603;1.0725213344720523;1.1894455849316188;1864125.8687634205;1995824.7865353038;3859950.6552987243;1.070649155177084
DMA;DM;2000.0;2000.0;3200.0;3200.0;5700.0;5433.333333333333;4056.666666666667;4200.0;2600.0;2963.333333333333;3400.0;3870.0;1.0;1.0;0.9532163742690057;1.0353327855382086;1.1397435897435897;1.138235294117647;20956.666666666668;21666.666666666664;42623.33333333333;1.0338794337521868
DOM;DO;2000.0;2000.0;775537.9629629629;701101.404853129;1183054.0740740742;1074966.6666666667;679485.7142857143;649167.3789173788;423739.08045977005;404516.2037037037;405762.22222222225;405925.459770115;1.0;0.9040194527351735;0.9086369678478113;0.9553804668282002;0.9546351100417527;1.000402298535824;3469579.0540047437;3237677.1139109936;6707256.167915737;0.9331613615126946
DZA;DZ;3233.333333333333;2836.666666666667;4053827.5862068967;3910408.3333333335;5630000.0;4100000.0;4000000.0;2166374.074074074;1862616.6666666665;916006.6666666666;1361747.7777777778;717993.6147186148;0.8773195876288662;0.9646212746290578;0.7282415630550622;0.5415935185185186;0.49178485463997784;0.5272588848210211;16911425.363984674;11813619.355459355;28725044.71944403;0.6985584657233072
ECU;EC;2000.0;2000.0;1695007.6923076923;1607911.111111111;2047369.0476190476;1951974.0740740742;1327143.5185185187;1345453.7037037038;862238.6904761905;846289.08045977;871370.0;866852.3563218392;1.0;0.9486158195081685;0.9534060683119581;1.0137966880971734;0.9815020942662501;0.9948154702615871;6805128.948921449;6620480.3256704975;13425609.274591945;0.9728662565196188
EST;EE;2000.0;2000.0;46065.632183908034;52353.33333333332;79955.28735632182;77756.66666666667;86630.0;93326.66666666667;62400.0;77940.0;64793.333333333336;121100.11494252874;1.0;1.1364944070304488;0.9725018724545762;1.0773019354342221;1.2490384615384615;1.8690212204320724;341844.25287356315;424476.7816091954;766321.0344827585;1.2417256631960851
EGY;EG;9353.333333333332;5653.333333333334;8600000.0;6600000.0;10027586.206896551;6834615.384615385;7100000.0;4100000.0;3558620.6896551726;1898633.3333333335;3032933.3333333335;1660572.7586206896;0.6044191019244478;0.7674418604651163;0.6815813141466512;0.5774647887323944;0.5335306847545219;0.5475137683938617;32328493.563218392;21099474.809902743;53427968.373121135;0.6526587689167361
ESH;EH;2000.0;2000.0;2000.0;2000.0;2000.0;2000.0;2000.0;2000.0;2000.0;2000.0;3000.0;3000.0;1.0;1.0;1.0;1.0;1.0;1.0;13000.0;13000.0;26000.0;1.0
ERI;ER;2000.0;2000.0;2500.0;2507.4074074074074;3860.344827586207;2634.4827586206898;2575.862068965517;2000.0;2000.0;2000.0;3000.0;3000.0;1.0;1.002962962962963;0.6824475212148281;0.7764390896921017;1.0;1.0;15936.206896551725;14141.890166028097;30078.09706257982;0.8874062854372278
ESP;ES;2000.0;2000.0;580936.6666666667;604311.1111111111;1948610.0;2135846.6666666665;2300000.0;2600000.0;2400000.0;2766666.666666667;3081426.666666667;3751433.3333333335;1.0;1.0402357877986317;1.0960872964147093;1.1304347826086956;1.152777777777778;1.217433915891773;10312973.333333334;11860257.777777778;22173231.111111112;1.1500328173489356
ETH;ET;2000.0;2000.0;1179087.5;730414.8148148148;2863333.333333333;1422718.5185185187;1748567.8571428573;670837.0370370371;370746.6666666667;120369.62962962964;257181.85185185185;149124.94252873564;1.0;0.6194746486709551;0.49687491915664217;0.38364941589008633;0.3246681371726326;0.5798424012229223;6420917.208994709;3095464.942528736;9516382.151523445;0.48209077329208816
FIN;FI;2000.0;2000.0;128993.40659340662;139750.0;284676.6666666667;304868.9655172414;263891.62561576354;305735.9820089955;217771.42857142858;254596.42857142858;349395.6896551724;485626.6009852217;1.0;1.0833887071491854;1.070930642426758;1.1585664429312317;1.1690993177643663;1.3899043845231722;1246728.8171024378;1492577.9770828872;2739306.794185325;1.197195377701973
FJI;FJ;2000.0;2000.0;69444.8275862069;68157.93103448275;86760.82621082621;82236.42857142858;66008.97435897436;61936.666666666664;42214.285714285725;40188.461538461546;41634.18803418803;42378.11671087533;1.0;0.9814687918963205;0.9478520683009233;0.9383067570454677;0.9520109332292073;1.0178682162860104;308063.1019044813;296897.60452191485;604960.7064263962;0.9637558106974186
FLK;FK;2000.0;2000.0;2000.0;2000.0;2000.0;2000.0;2000.0;2000.0;2000.0;2000.0;3000.0;3000.0;1.0;1.0;1.0;1.0;1.0;1.0;13000.0;13000.0;26000.0;1.0
FSM;FM;2000.0;2000.0;6181.481481481482;7663.333333333333;5500.0;6300.0;4000.0;4275.862068965516;2766.666666666667;2900.0;3100.0;3300.0;1.0;1.2397243858597962;1.1454545454545455;1.068965517241379;1.0481927710843373;1.064516129032258;23548.14814814815;26439.19540229885;49987.343550446996;1.1227717456150816
FRO;FO;2000.0;2000.0;2900.0;2700.0;3900.0;3300.0;3500.0;3230.0;3200.0;3000.0;6200.0;7000.0;1.0;0.9310344827586207;0.8461538461538461;0.9228571428571428;0.9375;1.1290322580645162;21700.0;21230.0;42930.0;0.9783410138248848
FRA;FR;2000.0;2000.0;1602741.3793103448;1744230.0;4200000.0;3965517.2413793104;3631034.4827586208;3800000.0;2922183.9080459774;3104597.7011494255;4122679.177718833;5300000.0;1.0;1.0882791338116804;0.9441707717569786;1.0465337132003798;1.062423789481965;1.2855717778487443;16480638.947833776;17916344.942528736;34396983.890362516;1.0871147046688787
GAB;GA;2000.0;2000.0;103218.85057471265;96507.40740740742;159538.14814814815;135163.42592592593;119615.55555555556;79623.33333333334;60445.0;32270.370370370372;49086.66666666666;32968.23116219668;1.0;0.9349785128400815;0.8472169665678475;0.6656603563267506;0.5338798969372218;0.6716331215984657;493904.22094508307;378532.76819923375;872436.9891443169;0.7664092594206086
GBR;GB;2257.142857142857;2760.0;2176645.8333333335;2326115.0;4650000.0;4800000.0;4100000.0;4566666.666666666;3300000.0;3600000.0;5473333.333333333;6600000.0;1.2227848101265824;1.0686694933910164;1.032258064516129;1.113821138211382;1.0909090909090908;1.2058465286236297;19702236.30952381;21895541.666666664;41597777.97619048;1.1113226601633357
GRD;GD;2000.0;2000.0;5300.0;5000.0;10500.0;10500.0;8400.0;8996.666666666666;4800.0;4950.0;5400.0;5900.0;1.0;0.9433962264150944;1.0;1.071031746031746;1.03125;1.0925925925925926;36400.0;37346.666666666664;73746.66666666666;1.026007326007326
GEO;GE;2000.0;2000.0;274302.2792022792;275270.0;403006.6666666666;381306.6666666666;327432.5;332503.908045977;229402.85714285716;257057.03703703705;276150.44973544974;453700.0;1.0;1.0035279356793354;0.9461547368943442;1.015488407674794;1.120548541716543;1.6429449976802193;1512294.7527472526;1701837.6117496807;3214132.3644969333;1.1253346007172889
GUF;GF;2000.0;2000.0;7093.333333333333;7693.333333333333;13723.333333333334;15636.666666666666;11207.407407407407;12566.666666666668;7586.666666666666;7711.494252873564;8350.689655172413;8029.343185550081;1.0;1.0845864661654134;1.1394219091571531;1.12128222075347;1.016453548269802;0.9615185711729461;49961.43039591315;53637.50410509032;103598.93450100347;1.07357823184898
GGY;GG;2000.0;2000.0;2500.0;2450.0;3866.666666666667;3766.6666666666665;3666.666666666667;3900.0;3200.0;3766.666666666667;5853.333333333333;7356.666666666666;1.0;0.98;0.9741379310344827;1.0636363636363635;1.1770833333333335;1.2568337129840546;21086.666666666668;23240.0;44326.66666666667;1.10211824217515
GHA;GH;2000.0;2000.0;1361823.076923077;982155.0925925926;1834422.8663446053;1456122.222222222;1035539.2857142857;703974.0740740742;445193.38624338625;233296.6666666667;436307.4074074074;247036.60256410256;1.0;0.7212060870724031;0.7937767506811498;0.6798139711218129;0.5240344395842482;0.5661985067638998;5115286.022632762;3624584.6581196575;8739870.680752419;0.7085790788789827
GIB;GI;2000.0;2000.0;2000.0;2000.0;2375.862068965517;2365.5172413793102;2200.0;2400.0;2100.0;2200.0;3900.0;4100.0;1.0;1.0;0.9956458635703919;1.0909090909090908;1.0476190476190477;1.0512820512820513;14575.862068965518;15065.51724137931;29641.379310344826;1.0335935651762478
GRL;GL;2000.0;2000.0;3400.0;3300.0;5055.172413793104;4900.0;4200.0;4100.0;3100.0;2700.0;5963.333333333333;5568.9655172413795;1.0;0.9705882352941176;0.9693042291950885;0.9761904761904762;0.8709677419354839;0.9338678899789905;23718.505747126437;22568.96551724138;46287.47126436782;0.9515340366656814
GMB;GM;2000.0;2000.0;84022.07977207977;49877.77777777777;118121.48148148147;66962.35632183908;74550.76923076923;30404.24403183024;30789.655172413797;8784.615384615385;20577.928297755883;9481.432360742707;1.0;0.593627031288411;0.5668939762860756;0.40783273392813685;0.2853106127828941;0.4607573815764875;330061.91395450017;167510.42587680515;497572.3398313053;0.5075121327082193
GIN;GN;2000.0;2000.0;635050.5291005292;557537.4074074074;734594.367816092;550654.5092838196;351715.0;204056.6666666667;125441.66666666667;63682.38095238095;101341.11111111112;60351.724137931036;1.0;0.8779418044058486;0.7496035001205967;0.5801761843158998;0.5076652969033225;0.595530515466334;1950142.674694399;1438282.6884482056;3388425.3631426045;0.7375269036013453
GLP;GP;2000.0;2000.0;6593.103448275862;6468.96551724138;19106.190476190477;21465.51724137931;16565.51724137931;21586.206896551725;16592.175066312997;20168.96551724138;27120.689655172413;30620.443349753696;1.0;0.9811715481171549;1.1234849389850348;1.3030807660283097;1.2155709204268415;1.1290436835891382;87977.67588733105;102310.0985221675;190287.77440949855;1.1629097664865724
GNQ;GQ;2000.0;2000.0;18096.666666666664;17541.190476190477;37173.33333333333;27813.333333333332;30187.499999999993;15146.666666666668;9221.481481481482;3663.333333333333;5239.080459770115;3500.0;1.0;0.9693050548640899;0.748206599713056;0.5017529330572811;0.3972608241625833;0.6680561649846424;101918.06194125158;69664.5238095238;171582.58575077538;0.6835346206806835
GRC;GR;2000.0;2000.0;272939.99999999994;258356.66666666663;640556.6666666667;550786.6666666666;615775.2873563219;596293.3333333333;616866.6666666666;588274.1379310344;730836.6666666667;742796.6666666666;1.0;0.9465694536039667;0.8598562708477521;0.9683619098995843;0.9536487700168073;1.0163648056337256;2878975.2873563217;2738507.4712643675;5617482.758620689;0.9512090927946305
SGS;GS;2000.0;2000.0;2000.0;2000.0;2000.0;2000.0;2000.0;2000.0;2000.0;2000.0;3000.0;3000.0;1.0;1.0;1.0;1.0;1.0;1.0;13000.0;13000.0;26000.0;1.0
GTM;GT;2000.0;2030.0;1598507.4074074074;1614003.7037037038;1634956.091954023;1647420.8994708995;857796.6666666667;860763.7037037037;454706.41025641025;439234.44444444444;395006.01851851854;388331.92528735637;1.015;1.0096942286438506;1.007623940225807;1.0034589048341336;0.9659737240052518;0.9831038188830804;4942972.594803026;4951784.676610108;9894757.271413134;1.0017827494767717
GUM;GU;2000.0;2000.0;7530.0;8073.333333333333;15232.183908045978;14745.833333333334;13071.481481481482;11350.0;10500.0;9453.333333333332;13373.333333333332;14376.666666666668;1.0;1.0721558211598052;0.9680708572290975;0.8683024962457144;0.9003174603174602;1.0750249252243271;61706.99872286079;59999.16666666667;121706.16538952746;0.9723235274516533
GNB;GW;2000.0;2000.0;52644.444444444445;38385.18518518518;81951.85185185184;57966.66666666667;49363.33333333333;28151.851851851854;21194.04761904762;10654.871794871795;14395.833333333336;7782.9629629629635;1.0;0.7291402842268185;0.7073258914448413;0.5702988422956011;0.5027294449077295;0.540639974272391;221549.51058201058;144941.53846153844;366491.049043549;0.6542173714614715
GUY;GY;2000.0;2000.0;64561.11111111111;64075.46296296296;91451.85185185185;89809.25925925924;53733.33333333333;53355.63218390805;36666.66666666667;39200.0;38153.57142857143;45421.48148148148;1.0;0.9924776984195279;0.982038716993358;0.9929708222811673;1.0690909090909089;1.1904909496222797;286566.5343915344;293861.8358876117;580428.3702791461;1.0254576184604647
HKG;HK;2000.0;2000.0;145388.63346104725;176273.3333333333;526688.4615384615;697399.0716180371;561693.103448276;827466.4827586208;375943.58620689646;434418.3023872679;492219.33883485605;517169.45812807884;1.0;1.2124285725579829;1.3241206567938253;1.47316475434493;1.155541199067539;1.0506890268722127;2103933.1234895373;2654726.6482253377;4758659.7717148755;1.2617923158233597
HND;HN;2000.0;2000.0;695305.4232804233;709911.1111111111;749679.3650793652;793323.7037037037;427712.9629629629;475761.48148148146;237385.18518518517;271648.9942528736;217851.85185185185;256457.80423280422;1.0;1.021006146855261;1.0582173401821164;1.112338233065616;1.1443384474096776;1.1772119541458201;2329934.7883597882;2509103.094781974;4839037.883141762;1.076898421070538
HRV;HR;2000.0;2000.0;103433.95225464189;101772.64367816091;269524.1379310345;241089.6551724138;228077.13920817367;219862.06896551722;178107.881773399;185682.75862068965;218564.47776111946;246355.1724137931;1.0;0.9839384598551253;0.8945011642486118;0.9639811764073457;1.04252971161;1.1271510125403248;999707.5889283685;996762.2988505748;1996469.8877789434;0.9970538484348699
HTI;HT;2000.0;2000.0;464236.6666666666;426085.18518518517;531407.1428571427;529663.3333333333;317914.35185185185;280105.18518518517;142777.5;99474.94252873561;112584.84126984127;78979.04761904763;1.0;0.9178188966515324;0.996718505674512;0.8810712179351822;0.6967130152071273;0.701506941149849;1570920.5026455023;1416307.6938514868;2987228.196496989;0.9015782093787429
HUN;HU;2000.0;2000.0;392173.3333333334;399540.0;674190.0;634263.3333333333;586860.0;595036.6666666667;597833.3333333333;664716.6666666667;667056.6666666666;995526.6666666666;1.0;1.0187842110631353;0.9407783166960846;1.0139329084733442;1.1118762196821859;1.492416936092386;2920113.3333333335;3291083.3333333335;6211196.666666667;1.1270395897876109
IDN;ID;2693.333333333333;2155.5555555555557;14391523.333333332;11304635.714285715;29785185.185185187;22614444.444444444;18203333.333333336;13194942.528735632;8486666.666666666;5966666.666666666;5070000.0;3211433.3333333335;0.8003300330033004;0.7855065410693644;0.7592514299925391;0.7248640832486155;0.7030636292223095;0.6334188034188034;75939401.85185185;56294278.24302135;132233680.09487319;0.7413052627520605
IRL;IE;2000.0;2000.0;148049.99999999997;163024.36781609195;325900.0;336826.6666666667;311458.14814814815;365553.3333333334;254503.33333333334;305904.367816092;286052.2988505747;374216.6666666666;1.0;1.101143990652428;1.0335276669735094;1.1736836409861857;1.2019660560415395;1.3082106599749663;1327963.780332056;1547525.4022988505;2875489.182630907;1.165337056039204
ISR;IL;2000.0;2000.0;320053.7037037037;271337.29246487876;777634.4827586206;650629.9261083745;585220.0;539122.4776500639;409894.1379310345;430189.6551724138;551439.0344827586;664495.0476190476;1.0;0.8477867599247495;0.8366783373601134;0.9212304392366357;1.0495140460993713;1.2050199678779248;2646241.3588761175;2557774.3990147784;5204015.757890896;0.9665688242818063
IMN;IM;2000.0;2000.0;3100.0;3000.0;4800.0;4837.931034482759;4600.0;5370.0;4600.0;5300.0;8736.666666666668;10407.029177718832;1.0;0.967741935483871;1.0079022988505748;1.1673913043478261;1.1521739130434783;1.1911899096969283;27836.666666666668;30914.960212201593;58751.626878868265;1.1105841292851728
IND;IN;73318.7356321839;26695.925925925927;84044712.64367816;30851719.57671958;118098978.28863347;43287241.37931034;59051839.08045977;20923333.333333332;24620000.0;9200000.0;18208620.689655174;7966666.666666666;0.36410783268073044;0.36708697794614026;0.3665335806167305;0.3543214514424302;0.3736799350121852;0.4375216993340276;304097469.43805873;112255656.88195585;416353126.3200146;0.36914367320909613
IOT;IO;2000.0;2000.0;2000.0;2000.0;2000.0;2000.0;2000.0;2000.0;2000.0;2000.0;3000.0;3000.0;1.0;1.0;1.0;1.0;1.0;1.0;13000.0;13000.0;26000.0;1.0
IRQ;IQ;2866.666666666667;2000.0;4195474.074074074;1586904.1666666667;5900000.0;2300000.0;3063333.333333333;1056863.3333333333;1568000.0;560065.5172413792;1095385.1635720602;429986.2068965517;0.6976744186046511;0.3782419194228702;0.3898305084745763;0.3450043525571273;0.3571846410978184;0.39254339130754984;15825059.237646135;5935819.224137931;21760878.461784065;0.375089858116755
ISL;IS;2000.0;2000.0;16200.0;16489.333333333332;32496.296296296296;29882.142857142855;26570.919540229886;25034.48275862069;21543.589743589742;21710.80459770115;37952.41379310344;44955.1724137931;1.0;1.0178600823045267;0.9195553420821257;0.9421760026301331;1.007761698774512;1.1845141829150843;136763.21937321938;140071.93596059113;276835.1553338105;1.0241930294017314
ITA;IT;2000.0;2000.0;1125426.6666666667;1025596.6666666666;3200000.0;2900000.0;3000000.0;2970000.0;3243333.333333333;3366666.666666667;5200000.0;5366666.666666667;1.0;0.9112958640871017;0.90625;0.99;1.038026721479959;1.0320512820512822;15770760.0;15630930.0;31401690.0;0.9911335915326845
JEY;JE;2000.0;2000.0;2900.0;3036.666666666667;5800.0;5800.0;6166.666666666666;6746.666666666666;5670.0;6400.0;9153.333333333332;11350.0;1.0;1.0471264367816093;1.0;1.094054054054054;1.128747795414462;1.2399854333576112;31689.999999999996;35333.333333333336;67023.33333333333;1.1149679183759338
JAM;JM;2000.0;2000.0;54265.24216524216;49957.40740740741;147343.16730523627;166639.33588761173;108020.6896551724;125779.3103448276;75680.90185676393;90683.99014778325;81425.90311986863;101669.51566951568;1.0;0.9206152117645207;1.1309607288568835;1.1644001787652432;1.198241404673198;1.248613914909191;468735.9041022834;536729.5594571456;1005465.463559429;1.145057493483634
JOR;JO;2000.0;2000.0;796172.4137931034;680169.2307692308;1083357.824933687;858457.0370370371;683015.5172413792;499124.1379310345;410187.6117496807;298139.46488294314;337672.4137931034;264004.3811427619;1.0;0.8542989169001556;0.7924039659653391;0.7307654443151441;0.7268368335435845;0.7818357981251055;3312405.781510954;2601894.2517630076;5914300.033273961;0.785499852187842
JPN;JP;2000.0;2000.0;461002.2068965517;429403.7037037037;1721093.3333333335;1530681.4814814813;2200000.0;2200000.0;2466666.666666667;1946581.4814814816;2878750.5291005294;1794958.3333333333;1.0;0.9314569372550994;0.8893657606103956;1.0;0.7891546546546546;0.6235199317164072;9729512.73599708;7903625.0;17633137.73599708;0.8123351306955288
KEN;KE;2543.7037037037035;2043.3333333333333;3229459.2592592593;2453348.1481481483;3300000.0;2600000.0;1467577.6455026455;1145312.962962963;621183.3333333334;406602.2988505747;634546.6666666667;507204.44444444444;0.8032906231799651;0.7596776894193961;0.7878787878787878;0.7804104719588401;0.6545608631653157;0.7993177981831298;9255310.608465608;7114511.187739463;16369821.79620507;0.7686950215622145
KGZ;KG;2000.0;2000.0;62103.33333333332;40807.40740740741;141482.75862068965;111820.0;157959.1666666667;132943.33333333334;92583.92857142858;94006.54761904762;75877.24137931035;104651.1111111111;1.0;0.657088842371436;0.7903436509870826;0.8416310122341744;1.0153657235069853;1.3792160759767236;532006.4285714285;486228.3994708995;1018234.828042328;0.9139521129031193
KHM;KH;2593.333333333333;2736.6666666666665;2265625.925925926;2288450.0;3230000.0;2800000.0;1313683.3333333335;940211.9047619049;388296.6666666666;274430.0;304882.96296296304;242680.09031198686;1.0552699228791775;1.0100740699569575;0.8668730650154799;0.7157066554054666;0.7067534273622402;0.7959778662393394;7505082.222222223;6548508.661740558;14053590.88396278;0.8725432270882667
KIR;KI;2000.0;2000.0;8853.333333333332;9326.666666666666;8900.0;9416.666666666668;5660.0;5416.666666666666;2700.0;2550.0;3000.0;3000.0;1.0;1.0534638554216869;1.0580524344569289;0.9570082449941106;0.9444444444444444;1.0;31113.333333333332;31710.0;62823.33333333333;1.019177201628455
COM;KM;2000.0;2000.0;50873.218390804584;41486.66666666667;53467.989417989425;40020.83333333333;35116.666666666664;23400.0;13555.833333333334;8346.666666666668;11825.0;7800.0;1.0;0.815491293433982;0.7485008089694173;0.6663502610346465;0.615725087600664;0.6596194503171248;166838.70780879402;123054.16666666667;289892.8744754607;0.7375636522412607
KNA;KN;2000.0;2000.0;2700.0;2900.0;5136.666666666666;5600.0;4000.0;4440.0;2600.0;3100.0;3100.0;3400.0;1.0;1.0740740740740742;1.0902011680726802;1.11;1.1923076923076923;1.096774193548387;19536.666666666664;21440.0;40976.666666666664;1.0974236478416655
KOR;KR;2000.0;2000.0;612371.8518518519;417137.037037037;1593521.83908046;1033511.1111111111;1163187.7777777778;738653.3333333334;906392.9629629629;521603.7037037036;848069.9735449734;397244.31216931215;1.0;0.6811825784865646;0.648570409118144;0.6350250126806697;0.5754719255526892;0.46840983003891973;5125544.405218026;3110149.4973544967;8235693.902572522;0.6067939815696904
KWT;KW;2000.0;2000.0;149886.66666666666;75387.47126436782;690287.9227053141;285874.44444444444;605145.8333333333;276191.0600255428;278600.7407407408;117863.70370370371;116266.38888888888;45735.92592592591;1.0;0.5029631583709991;0.4141379778514321;0.4564041340319501;0.423055959543858;0.39337186234995136;1842187.5523349438;803052.6053639847;2645240.1576989284;0.4359233696624039
CYM;KY;2000.0;2000.0;2400.0;2400.0;8200.0;7900.0;8443.333333333332;8060.0;5866.666666666666;6100.0;4700.0;5800.0;1.0;1.0;0.9634146341463414;0.9545992893801818;1.0397727272727273;1.2340425531914894;31610.0;32260.0;63870.0;1.0205631129389434
KAZ;KZ;2000.0;2000.0;97702.1711366539;98016.20689655172;264901.4778325123;270762.0689655172;435203.448275862;415352.2435897435;297306.8965517241;324801.1936339523;248706.66666666663;352330.03831417626;1.0;1.0032142147533099;1.0221236634123663;0.9543863800602622;1.0924778314970733;1.4166489504939273;1345820.6604634188;1463261.7513999408;2809082.4118633596;1.087263551813867
LAO;LA;2000.0;2000.0;783096.2962962963;755344.8275862068;850478.7994891442;741995.8620689656;450948.275862069;353496.0113960114;210768.9655172414;159834.4827586207;172533.4482758621;130734.48275862067;1.0;0.9645618695410235;0.8724448657799102;0.7838948063838141;0.7583397411776255;0.7577341325120365;2469825.785440613;2143405.666568425;4613231.452009038;0.8678367839560169
LBN;LB;2000.0;2000.0;405798.51851851854;297651.6666666666;591730.0;468784.1666666666;396158.33333333326;303317.6666666666;237904.1666666667;201181.85185185185;258020.83333333337;234503.7037037037;1.0;0.7334961885847382;0.7922264658994248;0.7656475735711732;0.845642405808439;0.9088556946126586;1891611.8518518517;1507439.0555555555;3399050.907407407;0.796907174206908
LCA;LC;2000.0;2000.0;5733.333333333333;5430.0;14606.896551724138;14733.333333333334;11133.333333333332;12236.666666666668;7500.0;8500.0;7570.0;8802.183908045976;1.0;0.947093023255814;1.0086559647466165;1.0991017964071859;1.1333333333333333;1.1627719825688212;48543.5632183908;51702.183908045976;100245.74712643678;1.065067755233479
LIE;LI;2000.0;2000.0;2000.0;2000.0;2000.0;2000.0;2000.0;2000.0;2000.0;2000.0;3000.0;3000.0;1.0;1.0;1.0;1.0;1.0;1.0;13000.0;13000.0;26000.0;1.0
LKA;LK;2383.333333333333;2000.0;1255466.6666666667;836917.4074074074;1615022.6851851852;1134648.888888889;1260451.8518518517;811555.0925925926;688763.7037037037;444258.59788359795;482234.7826086956;352292.85714285716;0.8391608391608393;0.6666185806664778;0.7025591029136445;0.6438604468709047;0.6450087243196422;0.7305421961416697;5304323.023349436;3581672.843915344;8885995.867264781;0.6752365623565818
LBR;LR;2000.0;2000.0;184100.0;168663.4482758621;177743.51851851854;166860.0;115827.24867724867;86142.52873563218;57177.38095238095;36966.20370370371;44845.23809523809;29692.857142857145;1.0;0.9161512671149489;0.938768408495387;0.743715574006833;0.6465179602138524;0.6621183966020707;581693.3862433862;490325.03785805515;1072018.4241014414;0.8429269602403531
LSO;LS;2000.0;2000.0;120456.66666666667;133926.66666666666;98906.66666666666;106576.66666666667;61553.333333333336;67650.0;20932.758620689656;25263.333333333336;32030.0;40731.851851851854;1.0;1.111824445858815;1.077547856565112;1.0990468969998917;1.2068802679625512;1.2716781720840415;335879.4252873563;376148.5185185185;712027.9438058748;1.1198915152266637
LTU;LT;2000.0;2000.0;112576.66666666669;125546.66666666667;218406.6666666667;203286.43678160917;196973.33333333337;199726.6666666667;147466.6666666667;173458.85057471262;189356.6666666667;340999.7701149425;1.0;1.1152103751517484;0.9307702914209387;1.0139782034793203;1.1762580283095339;1.8008331901787233;866780.0000000002;1045018.3908045976;1911798.3908045979;1.205632791255679
LUX;LU;2000.0;2000.0;15489.420289855072;15503.333333333334;43002.820512820515;40968.620689655174;41233.80952380952;42602.380952380954;34099.61685823755;33950.95785440613;40040.51724137931;40127.58620689655;1.0;1.000898228805075;0.9526961301861844;1.033190516335416;0.9956404494382023;1.002174521497621;175866.18442610194;175152.87903667215;351019.0634627741;0.9959440446623807
LVA;LV;2000.0;2000.0;48881.48148148148;57991.25615763547;98157.88177339901;97235.18518518518;114290.0;120296.42857142858;78889.6551724138;103755.1724137931;90193.10344827586;176955.1724137931;1.0;1.1863645372451566;0.9905998726587855;1.0525542792145295;1.3151936358073257;1.9619590151399298;432412.12187557016;558233.2147418354;990645.3366174055;1.2909749438117537
LBY;LY;2000.0;2000.0;1042250.0;699129.6296296295;1393499.3103448276;860205.2362707534;936916.6666666666;570150.7407407408;489390.0;320200.11494252866;346782.183908046;211588.71794871794;1.0;0.670788802714924;0.6172986451338048;0.6085394368841848;0.6542841393214587;0.6101487555220644;4210838.16091954;2663274.4395323703;6874112.60045191;0.6324808358226665
MAR;MA;3220.689655172414;2803.333333333333;3963814.814814815;3378565.3846153845;4950000.0;3200000.0;2900000.0;1455324.8148148148;1266800.0;610031.6666666667;1178368.0332056193;565353.6909323116;0.8704139900071376;0.8523519746654026;0.6464646464646465;0.5018361430395913;0.4815532575518367;0.4797768396638609;14262203.537675606;9212078.89036251;23474282.428038117;0.6459085278111139
MCO;MC;2000.0;2000.0;2000.0;2000.0;2000.0;2000.0;2000.0;2000.0;2000.0;2000.0;3000.0;3000.0;1.0;1.0;1.0;1.0;1.0;1.0;13000.0;13000.0;26000.0;1.0
MDA;MD;2000.0;2000.0;91390.42145593869;113603.7037037037;134826.30906768836;154889.55026455026;157442.22222222222;182124.1379310345;114275.35121328224;141753.908045977;150179.99999999997;254048.1527093596;1.0;1.2430591947589882;1.1488080578308297;1.1567680852089024;1.2404591763748694;1.6916244021131952;650114.3039591315;848419.452654625;1498533.7566137565;1.3050312037249987
MNE;ME;2000.0;2000.0;19100.0;14753.333333333334;51046.693121693126;41100.0;45295.833333333336;40626.66666666667;32457.69230769231;28800.0;34620.0;31700.0;1.0;0.7724258289703316;0.8051452011204597;0.8969184067703064;0.8873089228581585;0.9156556903523975;184520.21876271878;158980.0;343500.2187627188;0.8615857983803831
MAF;MF;2000.0;2000.0;2000.0;2000.0;2000.0;2000.0;2000.0;2000.0;2000.0;2000.0;3000.0;3000.0;1.0;1.0;1.0;1.0;1.0;1.0;13000.0;13000.0;26000.0;1.0
MDG;MG;2000.0;2000.0;981885.1851851852;896035.6125356125;763433.3333333333;619610.7142857143;296408.9285714286;235881.01851851854;117155.55555555556;91666.66666666667;134487.29474548443;113448.76373626373;1.0;0.9125665872701998;0.8116107683959058;0.7957959284673706;0.7824355083459787;0.843564917793641;2295370.297390987;1958642.7757427758;4254013.073133763;0.8533014381030591
MHL;MH;2000.0;2000.0;3660.0;4300.0;3000.0;3200.0;2363.333333333333;2400.0;2000.0;2000.0;3000.0;3000.0;1.0;1.174863387978142;1.0666666666666667;1.0155148095909734;1.0;1.0;16023.333333333332;16900.0;32923.33333333333;1.0547118785105056
MKD;MK;2000.0;2000.0;74050.57471264368;57436.66666666666;150111.11111111112;113420.47619047618;128703.33333333333;102703.09523809524;104034.99361430397;84442.52873563218;129582.37274220033;122690.02463054187;1.0;0.7756410654414503;0.7555768214021359;0.7979831802188125;0.8116742819122162;0.9468110672323422;588482.3855135925;482692.79146141215;1071175.1769750046;0.8202332021206489
MLI;ML;2000.0;2000.0;448796.8965517242;194481.8302387268;770169.0883190883;248044.44444444444;414084.0476190476;100048.14814814815;138075.8333333333;25317.037037037036;108637.26190476191;40580.83333333333;1.0;0.43334040795068784;0.32206491821920186;0.24161314284724936;0.18335603288316474;0.37354433112378127;1881763.127727955;610472.2932016898;2492235.420929645;0.32441505745666055
MMR;MM;2066.666666666667;2136.666666666667;2455259.2592592593;2509033.3333333335;3053333.333333333;2800000.0;1074679.6296296297;1012200.0;426518.51851851854;440056.5476190476;363851.8518518519;375737.5;1.0338709677419355;1.021901586918482;0.9170305676855897;0.9418620880986065;1.0317407768074232;1.032666174674267;7375709.259259259;7139164.047619048;14514873.306878306;0.9679291572748397
MNG;MN;2000.0;2000.0;341419.7956577267;376055.1724137931;379272.4137931034;391779.575596817;288826.724137931;306449.07407407404;174900.5128205128;197855.55555555553;157016.89655172414;223589.6993810787;1.0;1.1014451335176487;1.0329767242458514;1.0610135713332653;1.1312462860449115;1.4239849614364548;1343436.342960998;1497729.0770213185;2841165.4199823164;1.1148493077984267
MAC;MO;2000.0;2000.0;12096.153846153846;13191.494252873563;53960.79182630907;59981.48148148148;55821.48148148148;63331.851851851854;22433.703703703704;27615.1724137931;20286.666666666664;24037.06896551724;1.0;1.0905527840213438;1.1115752651397708;1.1345426558208045;1.2309680460491221;1.1848703072059108;166598.79752431475;190157.06896551725;356755.866489832;1.141407211764324
MNP;MP;2000.0;2000.0;2600.0;3036.666666666667;3588.2758620689656;6792.9629629629635;2630.0;3950.0;2500.0;2530.0;3300.0;3300.0;1.0;1.167948717948718;1.8930994226977316;1.5019011406844107;1.012;1.0;16618.275862068964;21609.62962962963;38227.90549169859;1.3003532862848532
MTQ;MQ;2000.0;2000.0;5526.666666666667;5226.666666666667;15879.19540229885;17430.0;14580.0;18540.0;14123.333333333334;17690.0;26420.0;30320.229885057473;1.0;0.9457177322074789;1.0976626685679955;1.271604938271605;1.252537172527732;1.1476241440218575;78529.19540229885;91206.89655172414;169736.091954023;1.1614393358352704
MRT;MR;2000.0;2000.0;334716.5242165242;246018.80341880344;312298.7179487179;167014.61538461538;159108.79629629632;63140.74074074074;60104.497354497355;16867.857142857145;48629.62962962963;18457.037037037036;1.0;0.7350064476041726;0.5347912296330355;0.3968400378264348;0.2806421796254319;0.37954303122619953;916858.1654456654;513499.0537240537;1430357.2191697191;0.5600637842107811
MSR;MS;2000.0;2000.0;2000.0;2000.0;2000.0;2000.0;2000.0;2000.0;2000.0;2000.0;3000.0;3000.0;1.0;1.0;1.0;1.0;1.0;1.0;13000.0;13000.0;26000.0;1.0
MLT;MT;2000.0;2000.0;23162.068965517243;19483.333333333336;68566.66666666666;47350.0;53306.25798212005;42919.885057471256;32433.33333333333;30813.333333333332;46216.666666666664;50503.33333333333;1.0;0.8411741352786463;0.6905687894992709;0.8051565929063604;0.9500513874614596;1.0927515326361341;225684.9936143039;193069.88505747129;418754.8786717752;0.8554839290175761
MUS;MU;2000.0;2000.0;76821.5;68632.30769230769;139287.94871794872;117444.28571428571;102750.0;91781.8302387268;73316.66666666667;68530.0;87893.01587301587;88658.69731800766;1.0;0.893399734349208;0.8431762172914516;0.8932538222747134;0.9347124346442373;1.0087115163518567;482069.1312576313;437047.1209633279;919116.2522209592;0.9066067346464415
MDV;MV;2000.0;2000.0;39596.666666666664;24366.666666666668;107755.1724137931;50482.22222222222;70094.59770114943;41517.61904761905;27210.0;17960.714285714286;16953.333333333332;11959.999999999998;1.0;0.6153716642815052;0.4684900139026671;0.5923084004937265;0.660077702525332;0.7054659850570192;263609.7701149425;148287.22222222222;411896.9923371647;0.562525517007826
MWI;MW;2000.0;2000.0;547183.3333333334;345601.268115942;425020.5;268278.2407407408;177104.1666666667;100582.60869565216;74942.59259259258;32999.99999999999;79482.83333333334;51952.5;1.0;0.6316005021764953;0.6312124726707083;0.5679290927410073;0.44033704811089963;0.6536317066368628;1305733.4259259258;801414.6175523349;2107148.0434782607;0.6137658741362413
MEX;MX;4768.181818181818;4710.0;10931034.48275862;11546666.666666666;14803448.275862068;15046666.666666668;9853333.333333332;10473333.333333332;6566666.666666666;7372413.793103448;6200000.0;7100000.0;0.9877979027645377;1.0563196635120924;1.0164298470378137;1.0629228687415426;1.1227026080868197;1.1451612903225807;48359250.94043887;51543790.45977012;99903041.40020898;1.0658517131138665
MYS;MY;2093.333333333333;2032.0;2353103.703703704;1722433.3333333333;4800000.0;3500000.0;3100000.0;2700000.0;1662738.16091954;1574236.6666666665;1758799.0740740742;1645728.4656084655;0.9707006369426753;0.7319836055768739;0.7291666666666666;0.8709677419354839;0.9467736434196411;0.9357114691880679;13676734.272030652;11144430.465608466;24821164.737639118;0.814845872117233
MOZ;MZ;2000.0;2000.0;994425.9259259261;707578.6324786325;768951.8518518519;586333.3333333334;354980.74074074073;254370.37037037036;127585.1851851852;87967.03703703704;121570.37037037036;74793.24786324787;1.0;0.7115448361020903;0.7625098137435758;0.7165751297931656;0.6894768927078494;0.6152259603667112;2369514.074074074;1713042.6210826212;4082556.6951566953;0.7229510218258653
;;2000.0;2000.0;63392.30769230769;70362.49999999999;138559.25925925927;149959.25925925927;91122.0;87846.37037037036;45820.7671957672;43271.703296703294;47696.66666666667;53717.129629629635;1.0;1.1099532823686444;1.0822752666328086;0.9640522636725529;0.9443688079648875;1.1262239771394849;388591.00081400084;407156.9625559626;795747.9633699635;1.0477776420531375
NCL;NC;2000.0;2000.0;12482.758620689656;13375.185185185184;20475.977011494255;21026.666666666664;17492.5;19656.55172413793;13576.666666666666;16020.0;17116.666666666668;19756.551724137928;1.0;1.0714927358297524;1.026894426325214;1.1237131184300662;1.1799656273017431;1.1542289225397036;83144.56896551725;91834.95530012771;174979.52426564496;1.1045213949959214
NER;NE;2000.0;2000.0;166293.3333333333;52426.053639846745;242882.6436781609;55115.07024265645;115143.33333333333;21839.080459770114;51334.04761904762;6957.241379310345;36082.91562238931;10500.0;1.0;0.31526250986116955;0.22692057945354205;0.18966864887042337;0.1355287903837305;0.2909964402512083;613736.2735862645;148837.44572158364;762573.7193078481;0.24251042691655997
NFK;NF;2000.0;2000.0;2000.0;2000.0;2000.0;2000.0;2000.0;2000.0;2000.0;2000.0;3000.0;3000.0;1.0;1.0;1.0;1.0;1.0;1.0;13000.0;13000.0;26000.0;1.0
NGA;NG;4371.4285714285725;3670.0;7166666.666666667;5800714.285714285;8415517.24137931;6776190.476190476;4863333.333333333;3100000.0;2203385.185185185;1155216.2068965517;2423754.4444444445;1708541.7624521074;0.8395424836601305;0.8094019933554817;0.8052019004692638;0.6374228923920494;0.5242915377047253;0.7049153706013016;25077028.29958037;18544332.73125342;43621361.03083379;0.7394948280839055
NIC;NI;2000.0;2000.0;664288.888888889;617811.1111111112;647727.5;648337.0370370371;400495.95238095237;404638.98550724634;207730.8333333333;218480.3703703704;197490.74074074073;219170.8333333333;1.0;0.9300337871742549;1.0009410393059381;1.0103447565491326;1.05174743134924;1.1097777673589948;2119733.9153439156;2110438.3373590983;4230172.252703014;0.9956147430026333
NLD;NL;2000.0;2000.0;340463.3333333333;441013.3333333333;932736.6666666667;991386.2068965517;764893.3333333333;869361.1904761905;685928.5507246377;810375.0;1301925.615763547;1556071.527093596;1.0;1.295332830750252;1.0628789907439595;1.1365783339849442;1.1814277145103422;1.1952077048434129;4027947.4998215176;4670207.257799671;8698154.757621188;1.1594508761612738
NOR;NO;2000.0;2000.0;193262.96296296298;199464.2528735632;350823.3333333333;352770.0;314486.6666666667;334151.724137931;289173.3333333334;311046.091954023;528113.3333333333;604536.6666666667;1.0;1.032087316760163;1.0055488517487434;1.0625306556862961;1.075638919981175;1.1447101001047757;1677859.6296296294;1803968.735632184;3481828.3652618136;1.0751607010357547
NPL;NP;3115.3846153846152;2730.0;2762138.4615384615;2252592.307692308;2968965.5172413792;2271597.7832512315;1625470.0;1236052.2546419099;579820.6896551724;444686.20689655177;653757.3307790549;531752.2988505746;0.8762962962962964;0.8155247606369648;0.7651142359382778;0.7604276022577531;0.766937459856793;0.8133787168656418;8593267.383829452;6739410.851332576;15332678.235162027;0.7842663972046993
NRU;NR;2000.0;2000.0;2000.0;2000.0;2000.0;2000.0;2000.0;2000.0;2000.0;2000.0;3000.0;3000.0;1.0;1.0;1.0;1.0;1.0;1.0;13000.0;13000.0;26000.0;1.0
NIU;NU;2000.0;2000.0;2000.0;2000.0;2000.0;2000.0;2000.0;2000.0;2000.0;2000.0;3000.0;3000.0;1.0;1.0;1.0;1.0;1.0;1.0;13000.0;13000.0;26000.0;1.0
NZL;NZ;2000.0;2000.0;240104.44444444444;242229.0598290598;429927.2435897435;411834.7381864623;349973.3333333333;363369.0932311622;254306.6666666667;288550.0;399570.606060606;532643.076923077;1.0;1.0088487132736395;0.9579172856034546;1.0382765160140646;1.1346536989461542;1.3330386891429316;1675882.294094794;1840625.9681697614;3516508.2622645553;1.0983026520749486
OMN;OM;2000.0;2000.0;201791.57088122607;89485.55555555556;631169.7619047619;191716.19047619047;416968.3333333334;123415.83333333333;145616.66666666666;41547.49999999999;53833.33333333333;18789.166666666664;1.0;0.44345536914535694;0.3037474258868548;0.295983707795556;0.28532104841478767;0.3490247678018576;1451379.6661193212;466954.24603174604;1918333.9121510673;0.3217312857085023
PAN;PA;2000.0;2000.0;193148.14814814815;162949.7150997151;337546.6666666666;305459.5238095238;243085.1851851852;236506.6666666667;158365.27777777778;161064.1666666667;154400.0;172872.59259259258;1.0;0.843651449221919;0.904940128208022;0.9729373942985998;1.0170421757013937;1.1196411437344078;1088545.2777777778;1040852.6648351648;2129397.9426129423;0.9561868358475859
PER;PE;2670.0;2751.7241379310344;3118291.6666666665;2899351.8518518517;4157142.8571428573;3768965.5172413792;2900000.0;2666666.666666667;1835417.2413793104;1716348.3516483516;1935470.2898550727;1795954.0229885057;1.030608291359938;0.9297885386555732;0.9066240075838369;0.9195402298850576;0.93512707244622;0.9279160896460912;13948992.055043908;12850038.134534685;26799030.189578593;0.9212162487316174
PYF;PF;2000.0;2000.0;17306.666666666668;18509.655172413793;22113.333333333336;24403.333333333332;20320.0;23544.022988505745;14834.074074074073;17303.333333333336;17980.344827586207;20871.954022988506;1.0;1.0695101216725997;1.103557431413928;1.1586625486469362;1.1664586038150406;1.1608205639619253;94554.41890166028;106632.2988505747;201186.71775223498;1.1277346959476937
PNG;PG;2000.0;2000.0;319662.962962963;230537.03703703702;319139.0211640211;188500.0;153065.27777777778;83907.97720797721;75637.03703703705;33664.81481481482;58116.20370370369;24604.637681159424;1.0;0.7211878251399042;0.5906516831206318;0.5481842676939177;0.4450837332288708;0.42336966479438837;927620.5026455027;563214.4667409884;1490834.969386491;0.6071604337493014
PHL;PH;10326.666666666666;11600.0;15081481.48148148;17003448.27586207;15046666.666666666;15028148.14814815;8550000.0;8651724.137931034;4700000.0;5273333.333333333;4200000.0;5900000.0;1.1233053582956747;1.1274388591558842;0.9987692610643432;1.0118975599919338;1.1219858156028368;1.4047619047619047;47588474.81481481;51868253.89527459;99456728.7100894;1.0899331003381396
PAK;PK;8358.48275862069;2713.333333333333;14672413.793103447;3849296.296296296;16869731.800766286;4256666.666666666;7281481.481481481;1496780.7407407407;2556733.3333333335;516032.6666666667;1699263.3333333335;482992.5925925925;0.32462031826707805;0.2623492187840014;0.2523256870315693;0.20555991861648015;0.2018328074887226;0.2842364588925353;43087982.22477651;10604482.296296297;53692464.521072805;0.24611229741453278
POL;PL;2000.0;2000.0;1711742.3076923077;1768086.6666666667;2400000.0;2433333.3333333335;2300000.0;2578571.4285714286;1559496.6748768473;1944993.103448276;1536945.8128078817;2355508.3743842365;1.0;1.0329163792477152;1.013888888888889;1.1211180124223603;1.2471928506047447;1.5325903846153848;9510184.795377037;11082492.90640394;20592677.701780975;1.1653288705589835
SPM;PM;2000.0;2000.0;2000.0;2000.0;2000.0;2000.0;2000.0;2000.0;2000.0;2000.0;3000.0;3000.0;1.0;1.0;1.0;1.0;1.0;1.0;13000.0;13000.0;26000.0;1.0
PCN;PN;2000.0;2000.0;2000.0;2000.0;2000.0;2000.0;2000.0;2000.0;2000.0;2000.0;3000.0;3000.0;1.0;1.0;1.0;1.0;1.0;1.0;13000.0;13000.0;26000.0;1.0
PRI;PR;2000.0;2000.0;92940.83333333334;97744.9074074074;213806.6666666667;225283.3333333333;186889.16666666663;203689.6551724138;171605.291005291;197175.8333333333;292157.2619047619;410333.33333333326;1.0;1.0516895954315817;1.053677777431324;1.089895464811571;1.1490078900146146;1.4044947254027;959399.2195767194;1136227.062579821;2095626.2821565405;1.1843110140126203
PSE;PS;2000.0;2000.0;364763.7037037037;334479.6296296296;474148.9942528735;422429.99999999994;253189.1666666667;215581.11111111112;143723.3333333333;116278.51851851851;121640.74074074073;97251.66666666666;1.0;0.916976185496039;0.8909224845359668;0.8514626196267393;0.8090441254158582;0.7994991322351794;1359465.9386973178;1188020.9259259258;2547486.864623244;0.8738879674060271
PRT;PT;2000.0;2000.0;259503.3333333333;264436.6666666666;753980.7407407407;690580.0;664245.5555555555;695083.3333333333;670830.0;742840.0;905361.8390804597;1094420.3448275863;1.0;1.019010674236683;0.9159119891067068;1.0464252677640966;1.1073446327683616;1.2088209349967145;3255921.468710089;3489360.3448275863;6745281.813537676;1.0716967157718271
PLW;PW;2000.0;2000.0;2000.0;2000.0;2470.0;2000.0;2200.0;2000.0;2000.0;2000.0;3000.0;3000.0;1.0;1.0;0.8097165991902834;0.9090909090909091;1.0;1.0;13670.0;13000.0;26670.0;0.9509875640087784
PRY;PY;2000.0;2000.0;432476.00644122384;414144.44444444444;675588.888888889;620713.3333333334;456745.8333333333;427035.8620689655;263237.0370370371;248159.62962962964;255513.3333333333;260236.66666666663;1.0;0.9576125340510173;0.9187737447165435;0.9349529451696488;0.942723077355995;1.0184856628486445;2085561.0990338165;1972289.9361430397;4057851.0351768564;0.9456879192159596
QAT;QA;2000.0;2000.0;227907.1264367816;78512.69565217392;815162.2222222222;290051.4285714286;595229.2592592592;220991.11111111112;215046.6666666667;73153.33333333334;84723.33333333333;30290.0;1.0;0.3444942546539996;0.35582049887041667;0.3712705779721353;0.3401742257494497;0.35751662273281665;1940068.607918263;694998.568668047;2635067.17658631;0.35823401596802085
REU;RE;2000.0;2000.0;42416.66666666667;44030.0;74001.14942528735;75356.66666666666;60285.05747126437;66368.96551724138;46055.28735632184;49423.33333333333;53249.99999999999;61619.999999999985;1.0;1.0380353634577602;1.01831751603734;1.100919005491153;1.0731304953316978;1.1571830985915492;278008.1609195402;298798.96551724133;576807.1264367816;1.074784871526553
ROU;RO;2000.0;2000.0;692436.6666666667;693110.3448275862;1163759.08045977;1058151.264367816;1170191.6256157635;1143963.5278514589;1078915.7471264368;1095390.6896551724;1212880.0;1577178.9983579637;1.0;1.0009729094274606;0.9092528532192151;0.9775864933655604;1.0152699064524868;1.3003586491309642;5320183.119868637;5569794.825059998;10889977.944928635;1.046917878495416
SRB;RS;2000.0;2000.0;152011.74968071518;156528.6079182631;416039.8860398859;388960.37037037034;392424.1379310345;381974.0229885057;336327.3307790549;333703.6945812808;391868.9655172414;430027.12143928034;1.0;1.0297138757170752;0.9349112511127852;0.9733703563760767;0.9921991585052073;1.097374784123751;1690672.069947932;1693193.8172977003;3383865.8872456322;1.0014915650377108
RWA;RW;2000.0;2000.0;426885.0;319875.0;287639.62962962966;158563.3333333333;109803.70370370371;45906.666666666664;30450.833333333336;10880.0;29783.703703703704;16762.5;1.0;0.7493235883200393;0.5512569096876621;0.41807940095119234;0.35729728250458387;0.5628077745722244;886562.8703703705;553987.5;1440550.3703703703;0.6248710819217662
SAU;SA;2000.0;2000.0;2115885.185185185;784675.3561253562;6063862.068965517;1843272.4137931033;3703448.275862069;1037327.5862068966;1293367.9045092838;339358.8761174968;589483.768115942;194186.66666666666;1.0;0.37084968580498867;0.30397663944680753;0.2800977653631285;0.26238386999888696;0.3294181742905485;13768047.202637997;4200820.898909519;17968868.101547517;0.3051137780893597
SLB;SB;2000.0;2000.0;40170.37037037037;39313.40996168582;30661.941251596425;28661.43039591315;17394.031830238728;13105.968169761274;8669.893899204244;4975.862068965517;5372.413793103448;3165.5172413793102;1.0;0.978666853185983;0.934755896918982;0.7534750020968197;0.5739242171605146;0.5892169448010269;104268.65114451322;91222.18783770506;195490.8389822183;0.8748764545853177
SYC;SC;2000.0;2000.0;5910.0;4800.0;13529.62962962963;9110.0;11438.518518518518;8000.0;6203.333333333333;5951.724137931034;4763.333333333333;6166.666666666667;1.0;0.8121827411167513;0.6733369833013961;0.6993912705608082;0.9594396783338583;1.2946116165150456;43844.81481481482;36028.3908045977;79873.20561941252;0.8217252360802306
SWE;SE;2000.0;2000.0;294949.2592592593;327106.091954023;694576.6666666667;642426.6666666667;573073.3333333333;585130.0;496747.77777777775;523133.3333333333;927368.1481481481;1093930.0;1.0;1.1090249650923785;0.924918295556526;1.0210386105326836;1.0531166051181797;1.1796070440681594;2988715.185185185;3173726.0919540226;6162441.277139207;1.0619031574791473
SGP;SG;2000.0;2000.0;145316.71087533157;120563.70370370371;591318.5185185185;530918.5185185185;515208.73563218396;509150.0;321397.5;330605.0;402316.6666666666;400495.8333333333;1.0;0.8296616609161787;0.8978553890865361;0.9882402311662095;1.0286483248936287;0.9954741290028585;1977558.1316927006;1893733.0555555555;3871291.187248256;0.9576118270336789
SHN;SH;2000.0;2000.0;2000.0;2000.0;2000.0;2000.0;2000.0;2000.0;2000.0;2000.0;3000.0;3000.0;1.0;1.0;1.0;1.0;1.0;1.0;13000.0;13000.0;26000.0;1.0
SVN;SI;2000.0;2000.0;57130.01277139208;55636.66666666667;127661.49425287356;111013.33333333331;122780.0;119528.62068965516;104764.03940886699;106316.66666666667;124992.32804232804;143589.99999999997;1.0;0.9738605676371701;0.8695913672562586;0.9735186568631304;1.0148202309357335;1.1487905077771967;539327.8744754606;538085.2873563218;1077413.1618317824;0.9976960450628529
SJM;SJ;2000.0;2000.0;2000.0;2000.0;2000.0;2000.0;2000.0;2000.0;2000.0;2000.0;3000.0;3000.0;1.0;1.0;1.0;1.0;1.0;1.0;13000.0;13000.0;26000.0;1.0
SVK;SK;2000.0;2000.0;169156.2068965517;177971.0344827586;346863.3333333334;330830.0;322703.3333333333;332005.4761904762;250570.45977011498;291883.3333333334;249863.33333333334;368306.6666666667;1.0;1.0521105772464954;0.9537762231042004;1.0288256794903767;1.1648752754060505;1.4740324710841928;1341156.6666666667;1502996.510673235;2844153.1773399017;1.1206718409779879
SLE;SL;2000.0;2000.0;210144.44444444447;196513.3333333333;249029.99999999997;220495.18518518517;133709.96168582374;86498.21428571429;59879.202279202276;34262.5;55315.277777777774;37791.12318840579;1.0;0.935134563527732;0.885416155423785;0.6469092743363267;0.5721936615027405;0.6831950359216655;710078.8861872483;577560.3559926385;1287639.242179887;0.8133749182345572
SMR;SM;2000.0;2000.0;2000.0;2000.0;2000.0;2000.0;2000.0;2000.0;2000.0;2000.0;3000.0;3000.0;1.0;1.0;1.0;1.0;1.0;1.0;13000.0;13000.0;26000.0;1.0
SEN;SN;2000.0;2000.0;685795.3703703703;395700.7122507122;864359.1168091169;480413.3333333333;522823.3333333333;255562.96296296298;229033.33333333334;90055.1724137931;192959.62962962964;91097.77777777778;1.0;0.5769953098939853;0.5558029342096089;0.4888132312947579;0.3931967941222228;0.47210796347729617;2496970.7834757837;1314829.9587385794;3811800.742214363;0.526570021339351
SOM;SO;2000.0;2000.0;515686.7521367522;490028.4615384615;672111.7816091954;510459.1666666667;231510.2380952381;138630.1404853129;62953.33333333333;34875.71428571429;85879.3103448276;69698.51851851851;1.0;0.9502444255316326;0.7594855210609552;0.5988078178567792;0.553993131722667;0.8115868448251502;1570141.4155193465;1245692.001494674;2815833.4170140205;0.7933629348173354
SUR;SR;2000.0;2000.0;38336.66666666667;37459.44827586207;55282.22222222222;50232.592592592584;41576.206896551725;38284.444444444445;29073.333333333336;26680.0;31121.666666666664;31956.66666666667;1.0;0.977118031715383;0.9086572603877744;0.9208258112555165;0.9176794313230909;1.0268301826166124;197390.09578544062;186613.1519795658;384003.2477650064;0.9454028138393065
SSD;SS;2000.0;2000.0;251769.6551724138;130437.03703703705;252003.70370370368;99988.88888888888;111740.74074074074;31293.997445721583;37638.148148148146;8566.666666666668;24891.48148148148;9091.481481481482;1.0;0.5180808503221437;0.39677547361149895;0.28005897614666314;0.22760595534475467;0.3652446917731784;680043.729246488;281378.07151979563;961421.8007662836;0.4137646733858899
STP;ST;2000.0;2000.0;14746.666666666666;11579.166666666668;10010.0;10076.666666666666;6823.333333333334;7303.333333333333;3873.333333333333;3743.333333333333;3872.4137931034484;3300.0;1.0;0.7852056962025318;1.0066600066600067;1.0703468490473862;0.9664371772805508;0.8521816562778273;41325.747126436785;38002.5;79328.24712643679;0.9195841005301306
SLV;SV;2000.0;2000.0;486642.91187739465;490583.7606837606;651748.4084880636;702221.4285714286;393441.13300492615;435293.1034482758;265070.9549071618;296048.89162561577;270406.157635468;314725.12315270933;1.0;1.0080980298082691;1.077442490731129;1.1063741610433642;1.116866582871381;1.1638977673614495;2069309.5659130143;2240872.30748179;4310181.873394804;1.0829082049369831
SXM;SX;2000.0;2000.0;2300.0;2200.0;3631.0344827586205;3772.4137931034484;3550.0;4000.0;3265.5172413793102;3500.0;4200.0;4600.0;1.0;0.9565217391304348;1.0389363722697056;1.1267605633802817;1.0718057022175291;1.0952380952380953;18946.551724137928;20072.41379310345;39018.96551724138;1.0594230594230596
SWZ;SZ;2000.0;2000.0;82329.62962962964;75077.77777777778;92285.09316770185;85384.74801061008;49474.26108374384;45420.30651340996;20267.032967032967;16591.00985221675;20552.74584929757;23017.241379310348;1.0;0.9119168653560664;0.9252279548057414;0.9180593205127034;0.8186205587766222;1.1199107675482205;266908.7626974059;247491.0835333249;514399.84623073076;0.9272497501848797
TCA;TC;2000.0;2000.0;3100.0;2700.0;6831.0344827586205;5168.9655172413795;5841.379310344828;4278.571428571429;3700.0;2562.0689655172414;3000.0;3000.0;1.0;0.8709677419354839;0.7566885411408381;0.7324590993422163;0.6924510717614166;1.0;24472.41379310345;19709.60591133005;44182.0197044335;0.8053805430866161
TCD;TD;2000.0;2000.0;266213.7931034483;105821.55172413793;296733.68700265256;86419.17989417989;142003.57142857142;33128.57142857143;49796.428571428565;8964.285714285714;33864.25518925519;12956.878306878307;1.0;0.3975058936296987;0.2912348131656767;0.23329393123915396;0.1800186473499247;0.3826122332963461;790611.735295356;249290.46706805326;1039902.2023634093;0.3153133908073393
TGO;TG;2000.0;2000.0;210365.09971509973;100262.96296296295;251899.25925925927;122331.1724137931;145066.2393162393;61479.2328042328;57805.687830687835;20618.51851851852;40799.48717948718;18526.666666666664;1.0;0.4766140538461485;0.48563530029235874;0.4238011069564589;0.35668667379081986;0.4540906748450835;707935.7733007732;325218.55336617405;1033154.3266669472;0.45938991308467453
THA;TH;2110.0;3816.6666666666665;3905190.0;4045416.6666666665;9400000.0;9300000.0;5870000.0;6000000.0;3800000.0;4300000.0;4000000.0;4600000.0;1.8088467614533965;1.0359077705992965;0.9893617021276596;1.0221465076660987;1.131578947368421;1.15;26977300.0;28249233.333333332;55226533.33333333;1.0471482814563848
TJK;TJ;2000.0;2000.0;79580.76923076923;24060.0;149823.3333333333;44076.66666666666;122417.40740740742;42244.8275862069;55590.0;28548.148148148146;43151.42857142857;25206.666666666664;1.0;0.3023343482673626;0.2941909359912786;0.34508840271069724;0.5135482667412871;0.5841444304663532;452562.93854293856;166136.30906768836;618699.247610627;0.3671010039014177
TKL;TK;2000.0;2000.0;2000.0;2000.0;2000.0;2000.0;2000.0;2000.0;2000.0;2000.0;3000.0;3000.0;1.0;1.0;1.0;1.0;1.0;1.0;13000.0;13000.0;26000.0;1.0
TLS;TL;2000.0;2000.0;153118.51851851854;131588.14814814815;123523.33333333333;97643.70370370371;55711.11111111111;37662.83068783069;17736.666666666668;9398.888888888889;14684.444444444445;8291.666666666668;1.0;0.8593875477722411;0.7904879270073432;0.6760380458525652;0.529912923635908;0.5646564769975787;366774.0740740741;286585.2380952381;653359.3121693123;0.7813672185492561
TKM;TM;2000.0;2000.0;2000.0;2000.0;4656.666666666666;2600.0;6550.0;3375.862068965517;2700.0;2100.0;3000.0;3000.0;1.0;1.0;0.5583392984967789;0.5153987891550408;0.7777777777777778;1.0;20906.666666666664;15075.862068965518;35982.52873563218;0.7211030964109784
TUN;TN;2000.0;2000.0;899932.5925925926;942677.0370370371;1268120.238095238;1139526.5700483092;982842.9487179487;810038.4615384615;549842.4403183024;407103.448275862;573625.3101623792;443185.4885057471;1.0;1.047497384577775;0.8985950510181264;0.8241789419104051;0.7404001918080221;0.7726044870305535;4276363.529886461;3744531.0054054167;8020894.535291878;0.875634398066442
TON;TO;2000.0;2000.0;11153.846153846154;12055.172413793103;8285.467980295567;10084.615384615385;5931.034482758621;7000.0;4144.827586206897;4572.413793103448;4200.0;4463.333333333333;1.0;1.080808561236623;1.217144934794092;1.1802325581395348;1.103161397670549;1.0626984126984127;35715.17620310724;40175.53492484527;75890.71112795251;1.1248869303170335
TUR;TR;2693.1034482758623;2000.0;2753925.925925926;1004931.2899106003;6500000.0;3000000.0;5700000.0;3400000.0;4400000.0;2672413.793103448;4668965.517241379;2947134.4827586208;0.7426376440460947;0.3649086129913687;0.46153846153846156;0.5964912280701754;0.6073667711598746;0.6312178729689808;24025584.54661558;13026479.56577267;37052064.112388246;0.542191992893995
TTO;TT;2000.0;2000.0;49474.444444444445;47462.96296296296;105363.70370370371;103954.37665782493;106523.33333333334;115373.21839080458;70151.11111111111;75837.96296296296;76641.85185185185;97135.55555555556;1.0;0.959343020339719;0.9866241694593236;1.0830793102369238;1.0810657416793377;1.2673957271194058;410154.44444444444;441764.076530111;851918.5209745555;1.0770676327266961
TUV;TV;2000.0;2000.0;2000.0;2000.0;2000.0;2000.0;2000.0;2000.0;2000.0;2000.0;3000.0;3000.0;1.0;1.0;1.0;1.0;1.0;1.0;13000.0;13000.0;26000.0;1.0
TWN;TW;2000.0;2000.0;998036.6666666666;1053113.3333333333;2400000.0;2366666.666666667;2200000.0;2300000.0;1723204.7126436783;1760873.3333333335;2116786.6666666665;2243413.333333333;1.0;1.0551850132426663;0.9861111111111113;1.0454545454545454;1.0218596318900877;1.0598202306640883;9440028.045977011;9726066.666666668;19166094.71264368;1.0303006113219713
TZA;TZ;2000.0;2000.0;1205036.6666666665;925970.3703703703;1791440.7407407407;1264922.962962963;772548.5221674878;506166.71087533154;326540.7407407408;193392.59259259258;245559.25925925927;138524.8148148148;1.0;0.7684167594101179;0.7060925512054234;0.6551908344283844;0.5922464442075175;0.5641196965354971;4343125.929574895;3030977.4516160716;7374103.381190967;0.6978792465989453
UKR;UA;2000.0;2000.0;490140.5172413793;865092.5287356322;1190768.4350132626;1626282.2281167107;1626562.0689655172;2045555.172413793;1246566.1803713527;1756888.8095238095;1477647.2763618191;2738182.7586206896;1.0;1.764988810973161;1.3657418019302783;1.2575942913231417;1.4093827004037855;1.8530692692524637;6033684.477953331;9034001.497410636;15067685.975363966;1.4972611727411764
UGA;UG;2000.0;2000.0;503614.81481481483;286200.0000000001;773621.072796935;467618.51851851854;271236.9458128079;138090.25641025638;78200.0;33066.666666666664;60247.1164021164;42281.01851851851;1.0;0.5682914631993884;0.6044542153277953;0.5091130044855995;0.422847399829497;0.7017932316679846;1688919.949826674;969256.4601139602;2658176.4099406344;0.5738912967505834
UMI;UM;2000.0;2000.0;2000.0;2000.0;2000.0;2000.0;2000.0;2000.0;2000.0;2000.0;3000.0;3000.0;1.0;1.0;1.0;1.0;1.0;1.0;13000.0;13000.0;26000.0;1.0
USA;US;4042.9487179487173;4621.4285714285725;10358620.689655172;11253333.333333334;23541379.31034483;23848275.862068966;21126666.666666664;22446428.57142857;15870000.0;18200000.0;26020000.0;37203333.333333336;1.1430836485537617;1.0863737239236575;1.013036472828475;1.0624690077987649;1.146817895400126;1.4297975915962082;96920709.61538461;112955992.52873564;209876702.14412025;1.1654474361257223
URY;UY;2000.0;2000.0;128613.33333333331;140806.0025542784;290978.9124668435;302185.67639257293;224945.55555555556;244532.05128205128;184311.53846153844;214854.2068965517;249136.89655172414;340957.037037037;1.0;1.094800973623355;1.038514007186024;1.0870721614308951;1.165712188666836;1.3685529592612944;1079986.236368995;1245334.9741624915;2325321.210531486;1.1531026342978343
UZB;UZ;2000.0;2000.0;266176.2962962963;115406.66666666667;549917.0370370371;221361.60919540227;539083.3333333333;239160.98901098903;236260.83333333334;129969.99999999999;135629.62962962964;116450.57971014493;1.0;0.4335722912689446;0.4025363723737359;0.4436438194669762;0.5501123405275947;0.858592477382281;1729067.1296296294;824349.8445832029;2553416.9742128323;0.47675988425028976
VAT;VA;2000.0;2000.0;2000.0;2000.0;2000.0;2000.0;2000.0;2000.0;2000.0;2000.0;3000.0;3000.0;1.0;1.0;1.0;1.0;1.0;1.0;13000.0;13000.0;26000.0;1.0
VCT;VC;2000.0;2000.0;4940.0;4863.333333333334;9400.0;10100.0;7158.620689655173;7960.0;4900.0;5655.172413793104;5353.333333333333;5936.666666666667;1.0;0.984480431848853;1.074468085106383;1.111946050096339;1.15411681914145;1.108966376089664;33751.95402298851;36515.17241379311;70267.12643678162;1.0818683975725543
VEN;VE;2000.0;2000.0;1876996.153846154;1963992.5925925926;2066008.3333333335;2300000.0;1463013.7362637362;1697806.5134099615;1059788.4615384615;1213894.708994709;1126742.8571428573;1416466.687016687;1.0;1.0463487570649381;1.1132578522997245;1.1604856956065512;1.1454122714570192;1.257133939689219;7594549.542124542;8594160.50201395;16188710.044138491;1.1316221527484789
VGB;VG;2000.0;2000.0;2000.0;2000.0;2943.333333333333;3093.333333333333;2900.0;3066.666666666667;2500.0;2400.0;3000.0;3000.0;1.0;1.0;1.0509626274065684;1.0574712643678161;0.96;1.0;15343.333333333332;15560.0;30903.333333333332;1.0141212252878558
VIR;VI;2000.0;2000.0;3100.0;3500.0;4780.0;5656.666666666666;3941.379310344828;5063.333333333333;3240.0;4370.0;5030.0;7100.0;1.0;1.1290322580645162;1.1834030683403067;1.2846602508019829;1.3487654320987654;1.411530815109344;22091.379310344826;27690.0;49781.379310344826;1.2534301100444862
VNM;VN;7448.148148148148;8050.0;10250000.0;11413333.333333334;11916666.666666668;12236666.666666668;9100000.0;8695517.24137931;5260000.0;5300000.0;4700000.0;4700000.0;1.0808055693684735;1.1134959349593496;1.0268531468531468;0.9555513452065175;1.0076045627376427;1.0;41234114.81481481;42353567.241379306;83587682.05619413;1.027148695481691
VUT;VU;2000.0;2000.0;24581.494252873563;25233.333333333332;19736.666666666668;21158.3908045977;12350.0;11908.16091954023;6800.0;5400.0;5190.0;3800.0;1.0;1.0265174717921621;1.0720346632966238;0.9642235562380753;0.7941176470588235;0.7321772639691715;70658.16091954023;69499.88505747126;140158.0459770115;0.9836073307457306
WLF;WF;2000.0;2000.0;2000.0;2000.0;2000.0;2000.0;2000.0;2000.0;2000.0;2000.0;3000.0;3000.0;1.0;1.0;1.0;1.0;1.0;1.0;13000.0;13000.0;26000.0;1.0
WSM;WS;2000.0;2000.0;16671.519795657725;17300.0;16400.0;18118.3908045977;10826.666666666668;11646.666666666668;7430.0;7373.333333333334;6800.0;8100.0;1.0;1.0376978351131472;1.104779927109616;1.0757389162561577;0.9923732615522657;1.1911764705882353;60128.18646232439;64538.39080459771;124666.5772669221;1.0733467047943763
XKX;XK;2000.0;2000.0;100430.11494252874;76010.83333333333;168462.22222222222;118151.64835164836;117071.66666666666;79102.59259259258;84450.83333333334;51601.481481481474;89763.33333333334;47336.66666666667;1.0;0.7568529955066826;0.701353970006355;0.6756766589632498;0.6110239466531587;0.5273496973522968;562178.1704980844;374203.2224257224;936381.3929238068;0.6656310082160999
YEM;YE;2000.0;2000.0;1275088.888888889;193074.53703703702;1354628.2967032967;236475.14285714287;641035.1648351649;88572.0;226203.11111111112;26573.384615384617;124376.23076923077;19366.666666666668;1.0;0.15142045289507775;0.174568288166313;0.13817026718460182;0.11747576982852262;0.15571035194497754;3623331.6923076925;566061.7311762312;4189393.4234839235;0.15622685948901013
MYT;YT;2000.0;2000.0;9390.689655172413;10596.666666666668;13403.333333333332;15230.0;8800.0;8966.091954022988;5600.0;4565.517241379311;4163.333333333333;3000.0;1.0;1.1284226245119282;1.1362845063417062;1.0188740856844305;0.8152709359605912;0.7205764611689351;43357.356321839085;44358.275862068964;87715.63218390805;1.0230853452595243
ZAF;ZA;3586.6666666666665;3553.333333333333;4300000.0;4153333.333333333;4573333.333333333;4600000.0;3128571.428571429;3066666.666666667;1340639.0313390312;1308568.1216931217;1402154.2200328407;1623733.4975369459;0.9907063197026021;0.965891472868217;1.0058309037900874;0.9802130898021308;0.976077893529717;1.158027750684169;14748284.6799433;14755854.9525634;29504139.6325067;1.0005132985146667
ZMB;ZM;2000.0;2000.0;721946.1538461539;660993.5185185185;732725.9259259258;628035.0529100529;341570.51282051275;260822.22222222225;162440.74074074073;103498.0;177179.6923076923;159631.4814814815;1.0;0.9155717708267973;0.8571213747028564;0.7635970097901226;0.6371431177181422;0.9009581143433956;2137863.0256410255;1814980.2751322752;3952843.3007733007;0.8489693929703771
ZWE;ZW;2000.0;2000.0;335704.62962962966;305540.74074074073;414018.51851851854;358643.3333333333;265074.60317460314;195422.7513227513;135684.4827586207;84222.22222222222;115430.90676883781;97909.09961685824;1.0;0.9101475337943131;0.8662494968018964;0.7372367966690021;0.6207211061271571;0.8482052368602736;1267913.1408502099;1043738.1472359058;2311651.2880861154;0.8231937296083376
