iso3;age_13_17_men;age_13_17_women;age_18_24_men;age_18_24_women;age_25_34_men;age_25_34_women;age_35_44_men;age_35_44_women;age_45_54_men;age_45_54_women;age_55_100_men;age_55_100_women;age_13_17_ratio;age_18_24_ratio;age_25_34_ratio;age_35_44_ratio;age_45_54_ratio;age_55_100_ratio;total_men;total_women;total_all;total_ratio
AND;2000;2000;3933;3992;6375;6038;4867;5367;4223;5090;3617;4529;1.0;1.015;0.9471;1.1027;1.2053;1.2521;25015;27016;52031;1.08
ARE;2392;2000;934247;500230;2300869;1086827;1243526;686855;408348;234035;163253;104214;0.8361;0.5354;0.4724;0.5523;0.5731;0.6384;5052635;2614161;7666796;0.5174
AFG;2000;2000;481483;161772;421663;91690;124445;17245;29209;5925;27518;6820;1.0;0.336;0.2174;0.1386;0.2028;0.2478;1086318;285452;1371770;0.2628
ATG;2000;2000;5301;6213;6791;7542;3756;4745;2143;2528;3000;3000;1.0;1.172;1.1106;1.2633;1.1797;1.0;22991;26028;49019;1.1321
AIA;2000;2000;2000;2000;2000;2000;2000;2000;2000;2000;3000;3000;1.0;1.0;1.0;1.0;1.0;1.0;13000;13000;26000;1.0
ALB;2000;2000;142359;138529;222934;185521;129792;106031;66146;60854;66533;62934;1.0;0.9731;0.8322;0.8169;0.92;0.9459;629764;555869;1185633;0.8827
ARM;2000;2000;176230;177337;206008;200064;122696;164350;52104;96833;40307;103991;1.0;1.0063;0.9711;1.3395;1.8585;2.58;599345;744575;1343920;1.2423
ANT;2000;2000;2000;2000;2000;2000;2000;2000;2000;2000;3000;3000;1.0;1.0;1.0;1.0;1.0;1.0;13000;13000;26000;1.0
AGO;2000;2000;201370;158671;175717;154062;77753;66120;27162;22529;28162;21067;1.0;0.788;0.8768;0.8504;0.8294;0.7481;512164;424449;936613;0.8287
ATA;2000;2000;2000;2000;2000;2000;2000;2000;2000;2000;3000;3000;1.0;1.0;1.0;1.0;1.0;1.0;13000;13000;26000;1.0
ARG;2905;2133;3138254;3688712;3931341;4300000;2506028;3116666;1591483;2191637;1324922;2318500;0.7343;1.1754;1.0938;1.2437;1.3771;1.7499;12494933;15617648;28112581;1.2499
ASM;2000;2000;2900;3646;2000;2317;2000;2000;2000;2000;3000;3000;1.0;1.2572;1.1585;1.0;1.0;1.0;13900;14963;28863;1.0765
AUT;2000;2000;395692;407917;522384;524175;321792;383916;207671;266108;183646;224284;1.0;1.0309;1.0034;1.1931;1.2814;1.2213;1633185;1808400;3441585;1.1073
AUS;2000;2817;1505749;1685058;1971408;2198000;1252529;1557308;736134;1061216;736246;1234692;1.4085;1.1191;1.1149;1.2433;1.4416;1.677;6204066;7739091;13943157;1.2474
ABW;2000;2000;5733;6392;8372;8666;6246;7355;4087;5664;4475;6570;1.0;1.1149;1.0351;1.1776;1.3859;1.4682;30913;36647;67560;1.1855
AZE;2000;2225;569321;496125;738934;576192;427291;351216;176863;175554;154887;187546;1.1125;0.8714;0.7798;0.822;0.9926;1.2109;2069296;1788858;3858154;0.8645
BIH;2000;2000;142233;159250;190841;183809;107704;125604;60438;75525;44026;58426;1.0;1.1196;0.9632;1.1662;1.2496;1.3271;547242;604614;1151856;1.1048
BRB;2000;2000;17388;21337;24417;27091;16688;20447;11424;14916;11384;15750;1.0;1.2271;1.1095;1.2253;1.3057;1.3835;83301;101541;184842;1.219
BGD;3392;2554;2919569;1539797;1682270;658637;418586;192645;123325;60634;54142;26078;0.7529;0.5274;0.3915;0.4602;0.4917;0.4817;5201284;2480345;7681629;0.4769
BEL;2000;2000;548862;599021;694535;720821;438088;541425;317887;414748;334445;481766;1.0;1.0914;1.0378;1.2359;1.3047;1.4405;2335817;2759781;5095598;1.1815
BFA;2000;2000;58346;19764;53985;17835;21056;6666;7129;2274;5913;3389;1.0;0.3387;0.3304;0.3166;0.319;0.5731;148429;51928;200357;0.3499
BGR;2000;2000;233446;255883;287204;277909;174481;218196;110360;157721;69000;112521;1.0;1.0961;0.9676;1.2505;1.4292;1.6307;876491;1024230;1900721;1.1686
BHR;2000;2000;106867;88174;236476;144001;156321;99996;71646;47916;49712;33430;1.0;0.8251;0.6089;0.6397;0.6688;0.6725;623022;415517;1038539;0.6669
BDI;2000;2000;32712;20996;25254;13240;6910;3513;2229;2000;4604;4467;1.0;0.6418;0.5243;0.5084;0.8973;0.9702;73709;46216;119925;0.627
BEN;2000;2000;51950;28022;54312;30879;16606;8808;5552;3182;5295;3733;1.0;0.5394;0.5685;0.5304;0.5731;0.705;135715;76624;212339;0.5646
BLM;2000;2000;2000;2000;2000;2000;2000;2000;2000;2000;3000;3000;1.0;1.0;1.0;1.0;1.0;1.0;13000;13000;26000;1.0
BMU;2000;2000;2725;3042;4040;4416;3654;4475;2754;3377;3079;4354;1.0;1.1163;1.0931;1.2247;1.2262;1.4141;18252;21664;39916;1.1869
BRN;2000;2000;31313;40854;48242;50996;28465;32529;13117;17399;9233;12017;1.0;1.3047;1.0571;1.1428;1.3264;1.3015;132370;155795;288165;1.177
BOL;2000;2000;471463;516517;392064;389126;160019;174438;67701;80008;49157;57296;1.0;1.0956;0.9925;1.0901;1.1818;1.1656;1142404;1219385;2361789;1.0674
BES;2000;2000;2000;2000;2000;2152;2000;2000;2000;2000;3000;3000;1.0;1.0;1.076;1.0;1.0;1.0;13000;13152;26152;1.0117
BRA;5441;5229;14654166;18070833;18751268;21741667;12625000;17075000;7291667;11466667;6141667;11762500;0.961;1.2332;1.1595;1.3525;1.5726;1.9152;59469209;80121896;139591105;1.3473
BHS;2000;2000;12975;16300;20628;23674;11450;14848;5642;8272;4320;6392;1.0;1.2563;1.1477;1.2968;1.4661;1.4796;57015;71486;128501;1.2538
BTN;2000;2000;26417;33133;26071;27563;11100;11163;3617;3082;3175;3254;1.0;1.2542;1.0572;1.0057;0.8521;1.0249;72380;80195;152575;1.108
BWA;2000;2000;39741;42858;33853;39425;15770;19487;5968;6726;6579;8408;1.0;1.0784;1.1646;1.2357;1.127;1.278;103911;118904;222815;1.1443
BLR;2000;2000;329651;500359;427864;575949;325706;573008;130311;341509;85326;314404;1.0;1.5178;1.3461;1.7593;2.6207;3.6847;1300858;2307229;3608087;1.7736
BLZ;2000;2000;26236;28562;19996;23032;8565;11426;3514;4879;3000;3508;1.0;1.0887;1.1518;1.334;1.3884;1.1693;63311;73407;136718;1.1595
CAN;2046;2000;2049805;2215788;2958333;3079167;1769201;2184721;1077335;1397917;1075672;1703896;0.9775;1.081;1.0408;1.2349;1.2976;1.584;8932392;10583489;19515881;1.1848
COD;2000;2000;228669;114133;184750;79963;53576;22562;18496;8034;43658;25704;1.0;0.4991;0.4328;0.4211;0.4344;0.5888;531149;252396;783545;0.4752
CAF;2000;2000;2629;2000;3009;2000;2000;2000;2000;2000;3000;3000;1.0;0.7607;0.6647;1.0;1.0;1.0;14638;13000;27638;0.8881
COG;2000;2000;50071;28775;32830;19475;11300;6550;4059;2354;6946;5075;1.0;0.5747;0.5932;0.5796;0.5799;0.7306;107206;64229;171435;0.5991
CHE;2000;2000;403563;392317;546458;538992;383481;437666;264834;314355;256354;303788;1.0;0.9721;0.9863;1.1413;1.187;1.185;1856690;1989118;3845808;1.0713
CIV;2000;2000;210008;118516;229670;129309;108250;62171;47575;17587;31604;14513;1.0;0.5643;0.563;0.5743;0.3697;0.4592;629107;344096;973203;0.547
COK;2000;2000;2000;2000;2000;2000;2000;2000;2000;2000;3000;3000;1.0;1.0;1.0;1.0;1.0;1.0;13000;13000;26000;1.0
CHL;2000;2058;1369608;1500537;1988038;2003975;1247742;1436083;671421;938712;607767;1017517;1.029;1.0956;1.008;1.1509;1.3981;1.6742;5886576;6898882;12785458;1.172
CMR;2000;2000;146200;90138;134913;88954;53273;33305;16815;8992;15446;10883;1.0;0.6165;0.6593;0.6252;0.5348;0.7046;368647;234272;602919;0.6355
CHN;2233;2000;631325;779109;949251;813045;321516;183821;56979;26784;21154;11234;0.8957;1.2341;0.8565;0.5717;0.4701;0.5311;1982458;1815993;3798451;0.916
COL;2209;8621;2464166;2913900;3245833;3722645;1762242;2271829;887229;1325658;830217;1385467;3.9027;1.1825;1.1469;1.2892;1.4942;1.6688;9191896;11628120;20820016;1.265
CRI;2000;2000;327429;366413;394271;410562;247341;293112;120058;153045;92716;136475;1.0;1.1191;1.0413;1.1851;1.2748;1.472;1183815;1361607;2545422;1.1502
CPV;2000;2000;22495;21273;22028;22687;12591;14692;5030;5946;4205;4306;1.0;0.9457;1.0299;1.1669;1.1821;1.024;68349;70904;139253;1.0374
CUW;2000;2000;5221;5981;8378;9835;6226;8578;4304;6227;5021;8173;1.0;1.1456;1.1739;1.3778;1.4468;1.6278;31150;40794;71944;1.3096
CXR;2000;2000;2000;2000;2000;2000;2000;2000;2000;2000;3000;3000;1.0;1.0;1.0;1.0;1.0;1.0;13000;13000;26000;1.0
CYP;2000;2000;108400;102770;141387;117983;84573;93421;47521;61446;41925;54208;1.0;0.9481;0.8345;1.1046;1.293;1.293;425806;431828;857634;1.0141
CZE;2000;2000;506066;578058;556741;573712;313663;407874;210684;324674;127666;199804;1.0;1.1423;1.0305;1.3004;1.541;1.5651;1716820;2086122;3802942;1.2151
DEU;2000;2000;3574579;3624917;4658333;4566667;2981924;3500000;1832262;2309680;1797267;2197428;1.0;1.0141;0.9803;1.1737;1.2606;1.2226;14846365;16200692;31047057;1.0912
DJI;2000;2000;7509;5025;7766;5017;2608;2012;2000;2000;3000;3000;1.0;0.6692;0.646;0.7715;1.0;1.0;24883;19054;43937;0.7657
DNK;2000;2000;271770;299191;334680;395245;192318;268783;167600;251256;193120;362094;1.0;1.1009;1.181;1.3976;1.4991;1.875;1161488;1578569;2740057;1.3591
DMA;2000;2000;3850;4141;4250;4079;2117;2154;2000;2000;3000;3000;1.0;1.0756;0.9598;1.0175;1.0;1.0;17217;17374;34591;1.0091
DOM;2000;2062;621833;694613;823725;918230;420035;510371;214308;275931;178021;231688;1.031;1.117;1.1147;1.2151;1.2875;1.3015;2259922;2632895;4892817;1.165
DZA;2429;2417;2327083;2240058;2299425;1791284;1068655;819909;431984;367034;288283;252878;0.9951;0.9626;0.779;0.7672;0.8496;0.8772;6417859;5473580;11891439;0.8529
ECU;2000;2000;974958;1085129;1049227;1132187;534529;659483;269117;364438;213120;312991;1.0;1.113;1.0791;1.2338;1.3542;1.4686;3042951;3556228;6599179;1.1687
EST;2000;2000;50933;64862;66340;76845;49581;73438;22771;42838;13280;35142;1.0;1.2735;1.1584;1.4812;1.8813;2.6462;204905;295125;500030;1.4403
EGY;6938;3271;4283333;3880367;3600906;2900000;1673921;1425375;689579;611662;471188;448513;0.4715;0.9059;0.8054;0.8515;0.887;0.9519;10725865;9269188;19995053;0.8642
ESH;2000;2000;2000;2000;2000;2000;2000;2000;2000;2000;3000;3000;1.0;1.0;1.0;1.0;1.0;1.0;13000;13000;26000;1.0
ERI;2000;2000;3862;3067;3521;2683;2000;2000;2000;2000;3000;3000;1.0;0.7941;0.762;1.0;1.0;1.0;16383;14750;31133;0.9003
ESP;2000;2000;2642557;2868719;3152174;3167787;2191400;2721739;1861122;2525200;1584656;2443048;1.0;1.0856;1.005;1.242;1.3568;1.5417;11433909;13728493;25162402;1.2007
ETH;2417;2000;271229;189300;313059;204700;106688;64029;24387;13142;15908;9913;0.8275;0.6979;0.6539;0.6002;0.5389;0.6231;733688;483084;1216772;0.6584
FIN;2000;2000;239642;280380;289573;338957;205095;275948;148891;213958;148432;276907;1.0;1.17;1.1705;1.3455;1.437;1.8655;1033633;1388150;2421783;1.343
FJI;2000;2000;50096;56800;35759;41280;15662;20442;6753;8925;4434;5284;1.0;1.1338;1.1544;1.3052;1.3216;1.1917;114704;134731;249435;1.1746
FLK;2000;2000;2000;2000;2000;2000;2000;2000;2000;2000;3000;3000;1.0;1.0;1.0;1.0;1.0;1.0;13000;13000;26000;1.0
FSM;2000;2000;2375;3450;2000;2012;2000;2000;2000;2000;3000;3000;1.0;1.4526;1.006;1.0;1.0;1.0;13375;14462;27837;1.0813
FRO;2000;2000;2904;3238;3125;3277;2179;2733;2000;2158;3000;3246;1.0;1.115;1.0486;1.2542;1.079;1.082;15208;16652;31860;1.095
FRA;2000;2000;3387534;3590596;4025000;4191667;2333096;2929166;1537429;2136351;1427471;2184513;1.0;1.0599;1.0414;1.2555;1.3896;1.5303;12712530;15034293;27746823;1.1826
GAB;2000;2000;30601;25863;27754;22525;13113;9312;4883;2847;5454;5108;1.0;0.8452;0.8116;0.7101;0.583;0.9366;83805;67655;151460;0.8073
GBR;5100;2262;3475038;4010654;4641667;5204167;3077717;3879167;1908146;2566666;1857571;2910975;0.4435;1.1541;1.1212;1.2604;1.3451;1.5671;14965239;18573891;33539130;1.2411
GRD;2000;2000;7922;8371;8698;8683;4266;5008;2000;2062;3000;3000;1.0;1.0567;0.9983;1.1739;1.031;1.0;27886;29124;57010;1.0444
GEO;2000;2000;235225;275175;276066;308183;142342;209858;62438;115655;43948;102186;1.0;1.1698;1.1163;1.4743;1.8523;2.3252;762019;1013057;1775076;1.3294
GUF;2000;2000;14962;15479;13183;14430;7001;8838;3696;4826;3471;3835;1.0;1.0346;1.0946;1.2624;1.3057;1.1049;44313;49408;93721;1.115
GGY;2000;2000;2696;2762;3092;3479;2325;2787;2000;2300;3000;3075;1.0;1.0245;1.1252;1.1987;1.15;1.025;15113;16403;31516;1.0854
GHA;2000;2000;475854;302692;480091;389883;183630;144221;54798;38971;67801;45867;1.0;0.6361;0.8121;0.7854;0.7112;0.6765;1264174;923634;2187808;0.7306
GIB;2000;2000;2139;2257;2413;2552;2000;2226;2000;2000;3000;3000;1.0;1.0552;1.0576;1.113;1.0;1.0;13552;14035;27587;1.0356
GRL;2000;2000;2938;2658;3423;3121;2361;2200;2000;2000;3000;3000;1.0;0.9047;0.9118;0.9318;1.0;1.0;15722;14979;30701;0.9527
GMB;2000;2000;57478;26209;38554;19402;12431;5507;3426;2000;3526;3000;1.0;0.456;0.5032;0.443;0.5838;0.8508;117415;58118;175533;0.495
GIN;2000;2000;45850;20375;57179;24516;20508;6679;4938;2000;3996;3000;1.0;0.4444;0.4288;0.3257;0.405;0.7508;134471;58570;193041;0.4356
GLP;2000;2000;18365;19833;21659;24515;13083;18661;9056;13553;10239;13789;1.0;1.0799;1.1319;1.4264;1.4966;1.3467;74402;92351;166753;1.2412
GNQ;2000;2000;16087;11008;11333;7217;5304;3104;2075;2000;3000;3000;1.0;0.6843;0.6368;0.5852;0.9639;1.0;39799;28329;68128;0.7118
GRC;2000;2000;449719;481629;628138;583354;442850;507842;347292;434317;283746;366188;1.0;1.071;0.9287;1.1468;1.2506;1.2905;2153745;2375330;4529075;1.1029
SGS;2000;2000;2000;2000;2000;2000;2000;2000;2000;2000;3000;3000;1.0;1.0;1.0;1.0;1.0;1.0;13000;13000;26000;1.0
GTM;2000;2000;691705;736750;598701;604383;248425;289963;105646;129782;72966;91908;1.0;1.0651;1.0095;1.1672;1.2285;1.2596;1719443;1854786;3574229;1.0787
GUM;2000;2000;11632;15141;13285;14546;7558;8912;4342;5863;4033;5898;1.0;1.3017;1.0949;1.1791;1.3503;1.4624;42850;52360;95210;1.2219
GNB;2000;2000;12054;6646;10507;5505;3658;2175;2000;2000;3000;3000;1.0;0.5514;0.5239;0.5946;1.0;1.0;33219;21326;54545;0.642
GUY;2000;2000;28496;34883;29048;35904;11731;15704;5106;7273;3786;4871;1.0;1.2241;1.236;1.3387;1.4244;1.2866;80167;100635;180802;1.2553
HKG;2000;2000;278611;423050;541479;684542;397434;519588;199963;232008;164891;191842;1.0;1.5184;1.2642;1.3074;1.1603;1.1634;1584378;2053030;3637408;1.2958
HND;2000;2000;356601;424400;304162;377737;130200;187096;55029;88421;39971;63712;1.0;1.1901;1.2419;1.437;1.6068;1.594;887963;1143366;2031329;1.2876
HRV;2000;2000;159475;190121;237637;237204;132517;165358;80279;114258;62174;88317;1.0;1.1922;0.9982;1.2478;1.4233;1.4205;674082;797258;1471340;1.1827
HTI;2000;2008;146346;96863;100366;78358;34525;26834;11930;8852;11542;7726;1.004;0.6619;0.7807;0.7772;0.742;0.6694;306709;220641;527350;0.7194
HUN;2000;2000;350358;389854;441558;451463;227355;271700;168558;238754;102592;172088;1.0;1.1127;1.0224;1.195;1.4165;1.6774;1292421;1525859;2818280;1.1806
IDN;2695;2859;11787320;15204908;17654166;18550000;7166667;7737500;2878279;3278388;1774171;1808012;1.0609;1.2899;1.0507;1.0797;1.139;1.0191;41263298;46581667;87844965;1.1289
IRL;2000;2000;264979;320233;337183;373250;231054;338257;150155;239652;115663;209999;1.0;1.2085;1.107;1.464;1.596;1.8156;1101034;1483391;2584425;1.3473
ISR;2000;2000;521575;593038;709136;719359;384077;474614;243414;345527;240443;365224;1.0;1.137;1.0144;1.2357;1.4195;1.519;2100645;2499762;4600407;1.19
IMN;2000;2000;3554;3833;3865;4335;2826;3773;2161;2965;3000;3509;1.0;1.0785;1.1216;1.3351;1.372;1.1697;17406;20415;37821;1.1729
IND;70983;24367;118483399;50745833;108626993;43126087;38762500;15483333;12354166;6350000;7912500;4207100;0.3433;0.4283;0.397;0.3994;0.514;0.5317;286210541;119936720;406147261;0.4191
IOT;2000;2000;2000;2000;2000;2000;2000;2000;2000;2000;3000;3000;1.0;1.0;1.0;1.0;1.0;1.0;13000;13000;26000;1.0
IRQ;2575;5133;3943022;2972510;4410145;2665178;1755056;927893;731143;430366;412944;281495;1.9934;0.7539;0.6043;0.5287;0.5886;0.6817;11254885;7282575;18537460;0.6471
ISL;2000;2000;18811;20796;27737;29079;19524;22208;13596;17779;15009;26166;1.0;1.1055;1.0484;1.1375;1.3077;1.7434;96677;118028;214705;1.2208
ITA;2000;2000;2850089;3169821;3589855;3316667;2399884;2750000;2269950;2754710;2557558;3229363;1.0;1.1122;0.9239;1.1459;1.2136;1.2627;13669336;15222561;28891897;1.1136
JEY;2000;2000;3538;4054;5061;5563;3957;5296;3000;4261;3292;5087;1.0;1.1458;1.0992;1.3384;1.4203;1.5453;20848;26261;47109;1.2596
JAM;2000;2000;145592;164817;174287;198404;78892;100650;36979;48841;30004;39191;1.0;1.132;1.1384;1.2758;1.3208;1.3062;467754;553903;1021657;1.1842
JOR;2000;2000;744375;720487;709386;633348;307343;320210;153881;178695;108327;129439;1.0;0.9679;0.8928;1.0419;1.1613;1.1949;2025312;1984179;4009491;0.9797
JPN;2092;2288;5196783;7300158;5004167;7095834;3804167;5766666;3854166;5079167;3233516;3816190;1.0937;1.4047;1.418;1.5159;1.3178;1.1802;21094891;29060303;50155194;1.3776
KEN;2812;2000;863821;646279;599058;556959;193441;184800;63416;55225;86462;106859;0.7112;0.7482;0.9297;0.9553;0.8708;1.2359;1809010;1552122;3361132;0.858
KGZ;2000;2000;508967;539367;443978;447719;253411;287343;114576;161270;88312;158659;1.0;1.0597;1.0084;1.1339;1.4075;1.7966;1411244;1596358;3007602;1.1312
KHM;2000;2000;299563;427333;334487;372217;107354;96184;22404;16458;14150;11633;1.0;1.4265;1.1128;0.896;0.7346;0.8221;779958;925825;1705783;1.187
KIR;2000;2000;2000;2000;2000;2000;2000;2000;2000;2000;3000;3000;1.0;1.0;1.0;1.0;1.0;1.0;13000;13000;26000;1.0
COM;2000;2000;9842;4891;5903;3187;2508;2000;2000;2000;3000;3000;1.0;0.497;0.5399;0.7974;1.0;1.0;25253;17078;42331;0.6763
KNA;2000;2000;3654;4142;4625;5245;2517;2979;2000;2000;3000;3000;1.0;1.1336;1.1341;1.1836;1.0;1.0;17796;19366;37162;1.0882
KOR;2000;2021;2659175;3519567;3404167;3970833;2046708;2675083;1048213;1364446;582288;683599;1.0105;1.3236;1.1665;1.307;1.3017;1.174;9742551;12215549;21958100;1.2538
KWT;2000;2000;262463;215458;670779;382508;443958;269475;186671;117033;99412;71133;1.0;0.8209;0.5702;0.607;0.6269;0.7155;1665283;1057607;2722890;0.6351
CYM;2000;2000;3850;4192;8492;8396;6159;6854;3296;4066;3000;3179;1.0;1.0888;0.9887;1.1128;1.2336;1.0597;26797;28687;55484;1.0705
KAZ;2000;2000;1330408;1712997;1442519;1737726;984982;1357707;483104;864781;411562;945256;1.0;1.2876;1.2046;1.3784;1.7901;2.2968;4654575;6620467;11275042;1.4224
LAO;2000;2000;101042;146367;81587;104300;36512;39417;12825;10279;7521;6650;1.0;1.4486;1.2784;1.0796;0.8015;0.8842;241487;309013;550500;1.2796
LBN;2000;2000;407024;389883;407475;379653;207688;223967;111908;140717;105962;136559;1.0;0.9579;0.9317;1.0784;1.2574;1.2888;1242057;1272779;2514836;1.0247
LCA;2000;2000;7995;9442;11583;13450;6033;7880;2554;3442;3000;3000;1.0;1.181;1.1612;1.3061;1.3477;1.0;33165;39214;72379;1.1824
LIE;2000;2000;2025;2058;2000;2000;2000;2000;2000;2000;3000;3000;1.0;1.0163;1.0;1.0;1.0;1.0;13025;13058;26083;1.0025
LKA;2000;2342;507686;322454;397417;270900;145275;92966;59975;46663;34217;30197;1.171;0.6351;0.6817;0.6399;0.778;0.8825;1146570;765522;1912092;0.6677
LBR;2000;2000;18630;15729;23808;21450;14533;10079;5346;2984;4854;4717;1.0;0.8443;0.901;0.6935;0.5582;0.9718;69171;56959;126130;0.8235
LSO;2000;2000;7350;11596;5825;8805;2617;3425;2000;2000;3000;4000;1.0;1.5777;1.5116;1.3088;1.0;1.3333;22792;31826;54618;1.3964
LTU;2000;2000;95233;124021;153625;175875;85696;132808;38245;77542;24803;65251;1.0;1.3023;1.1448;1.5498;2.0275;2.6308;399602;577497;977099;1.4452
LUX;2000;2000;27716;28250;42638;42683;30070;35461;20266;24544;16322;19736;1.0;1.0193;1.0011;1.1793;1.2111;1.2092;139012;152674;291686;1.0983
LVA;2000;2000;82424;91346;98406;105583;65018;96514;29031;58861;20522;57684;1.0;1.1082;1.0729;1.4844;2.0275;2.8108;297401;411988;709389;1.3853
LBY;2000;2000;502722;399717;430854;279838;166570;132179;64796;61812;38715;27566;1.0;0.7951;0.6495;0.7935;0.9539;0.712;1205657;903112;2108769;0.7491
MAR;2600;2188;2543135;2326825;2457075;2022901;1112838;830875;418225;357800;349853;296992;0.8415;0.9149;0.8233;0.7466;0.8555;0.8489;6883726;5837581;12721307;0.848
MCO;2000;2000;2000;2000;2000;2000;2000;2000;2000;2000;3000;3000;1.0;1.0;1.0;1.0;1.0;1.0;13000;13000;26000;1.0
MDA;2000;2000;138254;171933;125925;157917;80823;139716;37741;80045;29613;76267;1.0;1.2436;1.2541;1.7287;2.1209;2.5755;414356;627878;1042234;1.5153
MNE;2000;2000;42225;46508;63000;61446;42671;46650;24588;28313;19841;24759;1.0;1.1014;0.9753;1.0932;1.1515;1.2479;194325;209676;404001;1.079
MAF;2000;2000;2000;2000;2000;2000;2000;2000;2000;2000;3000;3000;1.0;1.0;1.0;1.0;1.0;1.0;13000;13000;26000;1.0
MDG;4042;2000;49084;64095;35817;37538;10071;9883;4292;4279;5525;5562;0.4948;1.3058;1.048;0.9813;0.997;1.0067;108831;123357;232188;1.1335
MHL;2000;2000;2000;2000;2000;2000;2000;2000;2000;2000;3000;3000;1.0;1.0;1.0;1.0;1.0;1.0;13000;13000;26000;1.0
MKD;2000;2000;93904;96709;138783;125180;89350;88975;54867;59225;38342;46646;1.0;1.0299;0.902;0.9958;1.0794;1.2166;417246;418735;835981;1.0036
MLI;2000;2000;79775;28733;71183;21071;22496;6021;6009;2000;5358;3079;1.0;0.3602;0.296;0.2676;0.3328;0.5747;186821;62904;249725;0.3367
MMR;2000;2096;166397;229658;146854;178937;52100;54642;17354;17573;11654;9521;1.048;1.3802;1.2185;1.0488;1.0126;0.817;396359;492427;888786;1.2424
MNG;2000;2000;185043;252629;163930;216250;76532;122200;20420;42110;11672;21777;1.0;1.3652;1.3192;1.5967;2.0622;1.8657;459597;656966;1116563;1.4294
MAC;2000;2000;19980;30423;41130;50612;27313;33350;8237;9922;5438;6837;1.0;1.5227;1.2305;1.221;1.2046;1.2573;104098;133144;237242;1.279
MNP;2000;2000;2912;3904;2415;2935;2000;2000;2000;2000;3000;3000;1.0;1.3407;1.2153;1.0;1.0;1.0;14327;15839;30166;1.1055
MTQ;2000;2000;15021;16254;18771;21396;12821;18073;9020;13514;11968;16318;1.0;1.0821;1.1398;1.4096;1.4982;1.3635;69601;87555;157156;1.258
MRT;2000;2000;49992;26517;36900;18775;12620;5812;3950;2000;3442;3000;1.0;0.5304;0.5088;0.4605;0.5063;0.8716;108904;58104;167008;0.5335
MSR;2000;2000;2000;2000;2000;2000;2000;2000;2000;2000;3000;3000;1.0;1.0;1.0;1.0;1.0;1.0;13000;13000;26000;1.0
MLT;2000;2000;24758;24492;55142;42417;31563;29379;15196;17833;12067;16267;1.0;0.9893;0.7692;0.9308;1.1735;1.3481;140726;132388;273114;0.9408
MUS;2000;2000;63808;66159;71546;66347;31767;32883;15083;16838;12575;13171;1.0;1.0368;0.9273;1.0351;1.1164;1.0474;196779;197398;394177;1.0031
MDV;2000;2000;38186;31821;69066;43592;37029;28029;11200;8846;5279;4133;1.0;0.8333;0.6312;0.7569;0.7898;0.7829;162760;118421;281181;0.7276
MWI;2000;2000;40371;27366;33504;20114;10712;6021;3962;2338;7400;6675;1.0;0.6779;0.6003;0.5621;0.5901;0.902;97949;64514;162463;0.6586
MEX;3742;3792;8183333;9354167;8158334;8648732;3791666;4512500;1832566;2456605;1216359;1690979;1.0134;1.1431;1.0601;1.1901;1.3405;1.3902;23186000;26666775;49852775;1.1501
MYS;2038;2046;2078909;2546275;2687500;2791667;1233392;1579219;533983;793088;379975;528604;1.0039;1.2248;1.0388;1.2804;1.4852;1.3912;6915797;8240899;15156696;1.1916
MOZ;2000;2000;140167;132125;115075;103325;44748;41680;14075;13504;15872;13746;1.0;0.9426;0.8979;0.9314;0.9594;0.8661;331937;306380;638317;0.923
NAM;2000;2000;86974;84304;73850;84529;28870;34300;9884;12745;13725;17900;1.0;0.9693;1.1446;1.1881;1.2895;1.3042;215303;235778;451081;1.0951
NCL;2000;2000;9242;10546;9300;11092;5729;7354;3433;4550;3254;3804;1.0;1.1411;1.1927;1.2836;1.3254;1.169;32958;39346;72304;1.1938
NER;2000;2000;25254;10592;23873;8488;8383;2542;2837;2000;3179;3000;1.0;0.4194;0.3555;0.3032;0.705;0.9437;65526;28622;94148;0.4368
NFK;2000;2000;2000;2000;2000;2000;2000;2000;2000;2000;3000;3000;1.0;1.0;1.0;1.0;1.0;1.0;13000;13000;26000;1.0
NGA;2083;2000;1634612;1452279;2068805;1814083;937983;606725;363129;202476;403658;314242;0.9602;0.8885;0.8769;0.6468;0.5576;0.7785;5410270;4391805;9802075;0.8118
NIC;2000;2000;230689;280175;170810;213205;81244;113852;32222;49247;27903;40753;1.0;1.2145;1.2482;1.4014;1.5284;1.4605;544868;699232;1244100;1.2833
NLD;2000;2000;824688;931183;1087183;1181765;655133;855829;500892;691996;636004;889141;1.0;1.1291;1.087;1.3063;1.3815;1.398;3705900;4551914;8257814;1.2283
NOR;2000;2000;253519;266726;317963;359386;222492;291504;170163;247489;207771;354975;1.0;1.0521;1.1303;1.3102;1.4544;1.7085;1173908;1522080;2695988;1.2966
NPL;2000;2000;1070650;777333;843758;572509;313767;226125;81083;58012;76426;54763;1.0;0.726;0.6785;0.7207;0.7155;0.7165;2387684;1690742;4078426;0.7081
NRU;2000;2000;2000;2000;2000;2000;2000;2000;2000;2000;3000;3000;1.0;1.0;1.0;1.0;1.0;1.0;13000;13000;26000;1.0
NIU;2000;2000;2000;2000;2000;2000;2000;2000;2000;2000;3000;3000;1.0;1.0;1.0;1.0;1.0;1.0;13000;13000;26000;1.0
NZL;2000;2000;299058;349855;352283;381145;204113;261412;112971;174771;112197;202929;1.0;1.1699;1.0819;1.2807;1.547;1.8087;1082622;1372112;2454734;1.2674
OMN;2088;2000;341753;261012;614554;366338;322650;183458;102926;53921;39875;19804;0.9579;0.7637;0.5961;0.5686;0.5239;0.4967;1423846;886533;2310379;0.6226
PAN;2000;2000;316308;323413;386885;386879;245008;265526;146709;172358;130859;174776;1.0;1.0225;1.0;1.0837;1.1748;1.3356;1227769;1324952;2552721;1.0792
PER;2042;2179;1710516;1852333;1817557;1841346;863425;945925;435559;532908;342231;441459;1.0671;1.0829;1.0131;1.0955;1.2235;1.2899;5171330;5616150;10787480;1.086
PYF;2000;2000;8074;10134;8787;11275;6096;8027;3450;4225;3112;3371;1.0;1.2551;1.2831;1.3168;1.2246;1.0832;31519;39032;70551;1.2384
PNG;2000;2000;25796;24767;17679;13892;7513;5364;3750;2358;3000;3000;1.0;0.9601;0.7858;0.714;0.6288;1.0;59738;51381;111119;0.8601
PHL;3888;4766;4426354;6720834;3493297;4800000;1061259;1614334;383991;670574;280792;505480;1.2258;1.5184;1.3741;1.5211;1.7463;1.8002;9649581;14315988;23965569;1.4836
PAK;4962;2029;5495834;3013604;4402717;2200239;1457608;722416;481450;283938;285662;191271;0.4089;0.5483;0.4997;0.4956;0.5898;0.6696;12128233;6413497;18541730;0.5288
POL;2000;2000;1614513;2072671;1665608;2013313;919163;1474967;447858;812934;243380;475700;1.0;1.2838;1.2088;1.6047;1.8152;1.9546;4892522;6851585;11744107;1.4004
SPM;2000;2000;2000;2000;2000;2000;2000;2000;2000;2000;3000;3000;1.0;1.0;1.0;1.0;1.0;1.0;13000;13000;26000;1.0
PCN;2000;2000;2000;2000;2000;2000;2000;2000;2000;2000;3000;3000;1.0;1.0;1.0;1.0;1.0;1.0;13000;13000;26000;1.0
PRI;2000;2000;135025;164605;207304;232075;147337;180009;110366;149433;117287;197050;1.0;1.2191;1.1195;1.2218;1.354;1.6801;719319;925172;1644491;1.2862
PSE;2000;2000;287204;336159;298641;324121;108379;139271;47933;65216;31717;40562;1.0;1.1705;1.0853;1.285;1.3606;1.2789;775874;907329;1683203;1.1694
PRT;2000;2000;574513;680283;849712;815816;560900;656517;459929;605454;379007;586941;1.0;1.1841;0.9601;1.1705;1.3164;1.5486;2826061;3347011;6173072;1.1843
PLW;2000;2000;2000;2000;2000;2000;2000;2000;2000;2000;3000;3000;1.0;1.0;1.0;1.0;1.0;1.0;13000;13000;26000;1.0
PRY;2000;2000;399817;454154;437986;479583;221637;278150;95221;136979;71320;112617;1.0;1.1359;1.095;1.255;1.4385;1.579;1227981;1463483;2691464;1.1918
QAT;2000;2000;179349;106712;479037;233737;286687;149650;94073;49725;38595;22795;1.0;0.595;0.4879;0.522;0.5286;0.5906;1079741;564619;1644360;0.5229
REU;2000;2000;37342;37596;41009;45071;23939;33000;13559;18687;10916;14633;1.0;1.0068;1.0991;1.3785;1.3782;1.3405;128765;150987;279752;1.1726
ROU;2000;2000;761220;817617;852584;808883;511237;612904;308012;411458;215191;309179;1.0;1.0741;0.9487;1.1989;1.3359;1.4368;2650244;2962041;5612285;1.1176
SRB;2000;2000;334496;380146;470525;463887;310946;356183;211821;264258;162167;225780;1.0;1.1365;0.9859;1.1455;1.2476;1.3923;1491955;1692254;3184209;1.1343
RWA;2000;2000;134542;92184;114296;66129;35713;16821;8342;4137;12828;9508;1.0;0.6852;0.5786;0.471;0.4959;0.7412;307721;190779;498500;0.62
SAU;2462;2000;2194203;1953027;4169566;2729526;1898287;1185966;568086;362595;317365;279053;0.8123;0.8901;0.6546;0.6248;0.6383;0.8793;9149969;6512167;15662136;0.7117
SLB;2000;2000;5163;6834;2265;2800;2000;2000;2000;2000;3000;3000;1.0;1.3236;1.2362;1.0;1.0;1.0;16428;18634;35062;1.1343
SYC;2000;2000;5637;5554;8508;6266;4942;3877;2138;2117;3000;3000;1.0;0.9853;0.7365;0.7845;0.9902;1.0;26225;22814;49039;0.8699
SWE;2000;2000;478133;536429;661663;694241;484464;582632;377796;480916;517196;844425;1.0;1.1219;1.0492;1.2026;1.273;1.6327;2521252;3140643;5661895;1.2457
SGP;2000;2012;261359;321079;539458;527314;337446;384454;174083;227741;153042;202729;1.006;1.2285;0.9775;1.1393;1.3082;1.3247;1467388;1665329;3132717;1.1349
SHN;2000;2000;2000;2000;2000;2000;2000;2000;2000;2000;3000;3000;1.0;1.0;1.0;1.0;1.0;1.0;13000;13000;26000;1.0
SVN;2000;2000;81125;88634;109116;103696;69854;79179;44875;57391;30013;38984;1.0;1.0926;0.9503;1.1335;1.2789;1.2989;336983;369884;706867;1.0976
SJM;2000;2000;2000;2000;2000;2000;2000;2000;2000;2000;3000;3000;1.0;1.0;1.0;1.0;1.0;1.0;13000;13000;26000;1.0
SVK;2000;2000;199608;221779;274637;271412;160250;194993;92088;134254;55079;91400;1.0;1.1111;0.9883;1.2168;1.4579;1.6594;783662;915838;1699500;1.1687
SLE;2000;2000;22817;19246;24231;18871;9283;5883;2862;2179;5065;4675;1.0;0.8435;0.7788;0.6337;0.7614;0.923;66258;52854;119112;0.7977
SMR;2000;2000;2000;2000;2000;2000;2000;2000;2000;2000;3000;3000;1.0;1.0;1.0;1.0;1.0;1.0;13000;13000;26000;1.0
SEN;2012;2000;349870;206120;279163;166117;107136;65212;35803;21688;34925;20459;0.994;0.5891;0.5951;0.6087;0.6058;0.5858;808909;481596;1290505;0.5954
SOM;2000;2000;127471;123399;114184;89738;29064;17321;5900;3234;8192;7000;1.0;0.9681;0.7859;0.596;0.5481;0.8545;286811;242692;529503;0.8462
SUR;2000;2000;21413;20350;21696;20634;10968;11746;5075;5579;3816;4183;1.0;0.9504;0.9511;1.0709;1.0993;1.0962;64968;64492;129460;0.9927
SSD;2000;2000;15613;5588;19477;6679;7941;2262;2292;2000;3000;3000;1.0;0.3579;0.3429;0.2849;0.8726;1.0;50323;21529;71852;0.4278
STP;2000;2000;2712;2154;2000;2000;2000;2000;2000;2000;3000;3000;1.0;0.7942;1.0;1.0;1.0;1.0;13712;13154;26866;0.9593
SLV;2096;2000;314304;343686;311246;338552;136235;163753;66572;89722;51862;69809;0.9542;1.0935;1.0877;1.202;1.3477;1.3461;882315;1007522;1889837;1.1419
SXM;2000;2000;2317;2426;2714;3088;2078;2629;2000;2000;3000;3000;1.0;1.047;1.1378;1.2652;1.0;1.0;14109;15143;29252;1.0733
SWZ;2000;2000;12008;14721;10517;13020;4292;5400;2000;2157;3383;4646;1.0;1.2259;1.238;1.2582;1.0785;1.3733;34200;41944;76144;1.2264
TCA;2000;2000;2900;2948;3818;3699;2530;2539;2000;2000;3000;3000;1.0;1.0166;0.9688;1.0036;1.0;1.0;16248;16186;32434;0.9962
TCD;2000;2000;49213;11829;29414;6646;9063;2368;2610;2000;3191;3000;1.0;0.2404;0.2259;0.2613;0.7663;0.9401;95491;27843;123334;0.2916
TGO;2000;2000;57912;23321;43788;18770;14862;6096;4720;2188;4349;3079;1.0;0.4027;0.4287;0.4102;0.4636;0.708;127631;55454;183085;0.4345
THA;2054;4746;2127875;2953421;3498007;4758333;1371108;2065899;579017;945770;416225;574475;2.3106;1.388;1.3603;1.5067;1.6334;1.3802;7994286;11302644;19296930;1.4138
TJK;2000;2000;546921;145812;389893;104842;175797;56066;64121;31221;49571;23020;1.0;0.2666;0.2689;0.3189;0.4869;0.4644;1228303;362961;1591264;0.2955
TKL;2000;2000;2000;2000;2000;2000;2000;2000;2000;2000;3000;3000;1.0;1.0;1.0;1.0;1.0;1.0;13000;13000;26000;1.0
TLS;2000;2000;14496;19896;14296;15709;5417;4725;2000;2000;3000;3000;1.0;1.3725;1.0988;0.8723;1.0;1.0;41209;47330;88539;1.1485
TKM;2000;2000;37503;42687;41996;45159;17520;20783;4712;7987;3000;4142;1.0;1.1382;1.0753;1.1862;1.695;1.3807;106731;122758;229489;1.1502
TUN;2000;2112;570244;617029;577153;578967;287478;326044;134813;161862;124384;146597;1.056;1.082;1.0031;1.1342;1.2006;1.1786;1696072;1832611;3528683;1.0805
TON;2000;2000;4683;6347;2217;3265;2000;2000;2000;2000;3000;3000;1.0;1.3553;1.4727;1.0;1.0;1.0;15900;18612;34512;1.1706
TUR;2967;2042;7736594;6836192;9408334;7333334;6083333;5241666;3825000;3500000;3001504;2968959;0.6882;0.8836;0.7795;0.8616;0.915;0.9892;30057732;25882193;55939925;0.8611
TTO;2000;2000;86770;102854;93385;102141;67737;86199;32205;42755;22646;33918;1.0;1.1854;1.0938;1.2726;1.3276;1.4977;304743;369867;674610;1.2137
TUV;2000;2000;2000;2000;2000;2000;2000;2000;2000;2000;3000;3000;1.0;1.0;1.0;1.0;1.0;1.0;13000;13000;26000;1.0
TWN;2000;2017;1058505;1393954;1934516;2039904;1281283;1441322;712858;909496;419350;531730;1.0085;1.3169;1.0545;1.1249;1.2758;1.268;5408512;6318423;11726935;1.1682
TZA;2008;2000;634625;428450;1014883;656826;420346;236588;157142;88584;122942;73360;0.996;0.6751;0.6472;0.5628;0.5637;0.5967;2351946;1485808;3837754;0.6317
UKR;2000;2000;1147442;1658603;1466414;1828210;999483;1741668;515940;1163944;389633;1072627;1.0;1.4455;1.2467;1.7426;2.256;2.7529;4520912;7467052;11987964;1.6517
UGA;2000;2000;204759;129262;186659;138421;50950;34950;12495;8292;13017;13771;1.0;0.6313;0.7416;0.686;0.6636;1.0579;469880;326696;796576;0.6953
UMI;2000;2000;2000;2000;2000;2000;2000;2000;2000;2000;3000;3000;1.0;1.0;1.0;1.0;1.0;1.0;13000;13000;26000;1.0
USA;6341;4996;18567210;21717391;23173732;24386957;15065037;18333152;8995109;12416667;9233334;15783515;0.7879;1.1697;1.0524;1.2169;1.3804;1.7094;75040763;92642678;167683441;1.2346
URY;2000;2000;238638;280038;315062;340474;191737;238330;126923;184757;124674;219776;1.0;1.1735;1.0807;1.243;1.4557;1.7628;999034;1265375;2264409;1.2666
UZB;2038;2000;2596655;1191780;2185746;923667;1187817;570125;414667;288396;279071;223980;0.9814;0.459;0.4226;0.48;0.6955;0.8026;6665994;3199948;9865942;0.48
VAT;2000;2000;2000;2000;2000;2000;2000;2000;2000;2000;3000;3000;1.0;1.0;1.0;1.0;1.0;1.0;13000;13000;26000;1.0
VCT;2000;2000;7346;7846;8109;9117;4059;4858;2075;2312;3000;3000;1.0;1.0681;1.1243;1.1968;1.1142;1.0;26589;29133;55722;1.0957
VEN;2050;2000;849462;1099366;1001292;1373846;756359;1083886;556000;794422;587063;926465;0.9756;1.2942;1.3721;1.433;1.4288;1.5781;3752226;5279985;9032211;1.4072
VGB;2000;2000;2000;2075;2229;2462;2000;2043;2000;2000;3000;3000;1.0;1.0375;1.1045;1.0215;1.0;1.0;13229;13580;26809;1.0265
VIR;2000;2000;2908;3367;3471;4233;2279;3171;2000;2183;3000;3000;1.0;1.1578;1.2195;1.3914;1.0915;1.0;15658;17954;33612;1.1466
VNM;2804;3442;2556291;3757633;1574374;1850091;367804;434100;117437;130792;67388;61288;1.2275;1.47;1.1751;1.1802;1.1137;0.9095;4686098;6237346;10923444;1.331
VUT;2000;2000;2592;4384;2000;2267;2000;2000;2000;2000;3000;3000;1.0;1.6914;1.1335;1.0;1.0;1.0;13592;15651;29243;1.1515
WLF;2000;2000;2000;2000;2000;2000;2000;2000;2000;2000;3000;3000;1.0;1.0;1.0;1.0;1.0;1.0;13000;13000;26000;1.0
WSM;2000;2000;9254;11225;4087;6350;2000;2662;2000;2000;3000;3000;1.0;1.213;1.5537;1.331;1.0;1.0;22341;27237;49578;1.2191
XKX;2000;2000;81409;68850;124499;101054;77750;62082;42121;35113;27321;24367;1.0;0.8457;0.8117;0.7985;0.8336;0.8919;355100;293466;648566;0.8264
YEM;2000;2000;661652;268459;409136;162795;114226;39975;31890;10732;18050;6021;1.0;0.4057;0.3979;0.35;0.3365;0.3336;1236954;489982;1726936;0.3961
MYT;2000;2000;13179;11150;7127;6433;2575;2462;2000;2000;3000;3000;1.0;0.846;0.9026;0.9561;1.0;1.0;29881;27045;56926;0.9051
ZAF;2062;2000;1268727;1471427;1048828;1245041;521390;672755;232598;319222;231768;365730;0.9699;1.1598;1.1871;1.2903;1.3724;1.578;3305373;4076175;7381548;1.2332
ZMB;2000;2000;105575;94054;94758;75271;30372;22717;11392;7825;20867;23842;1.0;0.8909;0.7943;0.748;0.6869;1.1426;264964;225709;490673;0.8518
ZWE;2000;2000;137444;99266;101425;81238;36479;28570;12491;9500;17022;16677;1.0;0.7222;0.801;0.7832;0.7605;0.9797;306861;237251;544112;0.7732
