iso3;age_13_17_men;age_13_17_women;age_18_24_men;age_18_24_women;age_25_34_men;age_25_34_women;age_35_44_men;age_35_44_women;age_45_54_men;age_45_54_women;age_55_100_men;age_55_100_women;age_13_17_ratio;age_18_24_ratio;age_25_34_ratio;age_35_44_ratio;age_45_54_ratio;age_55_100_ratio;total_men;total_women;total_all;total_ratio;total_18_44_men;total_18_44_women;total_18_44_ratio
ABW;2859;2740;4723;4371;6182;6353;6351;7395;6938;8432;15035.0;19135.0;0.9584;0.9255;1.0277;1.1644;1.2153;1.2727;42088.0;48426.0;90514.0;1.1506;17256;18119;1.05
AFG;1961468;1865308;3013230;2892092;3035644;2983339;1825983;1806722;1179632;1212466;1043082.0;1300087.0;0.951;0.9598;0.9828;0.9895;1.0278;1.2464;12059039.0;12060014.0;24119053.0;1.0001;7874857;7682153;0.9755
AGO;1611274;1607353;2219873;2233575;2423854;2475090;1725874;1795279;1094727;1200928;1130474.0;1357638.0;0.9976;1.0062;1.0211;1.0402;1.097;1.2009;10206076.0;10669863.0;20875939.0;1.0454;6369601;6503944;1.0211
AIA;459;469;709;695;851;839;1039;1153;1098;1143;1635.0;1932.0;1.0218;0.9803;0.9859;1.1097;1.041;1.1817;5791.0;6231.0;12022.0;1.076;2599;2687;1.0339
ALB;70297;64216;142549;133467;236255;229536;172195;172429;151855;177657;387095.0;433287.0;0.9135;0.9363;0.9716;1.0014;1.1699;1.1193;1160246.0;1210592.0;2370838.0;1.0434;550999;535432;0.9717
AND;1792;1588;3238;3033;5533;4859;6269;6106;7383;7113;12206.0;12059.0;0.8862;0.9367;0.8782;0.974;0.9634;0.988;36421.0;34758.0;71179.0;0.9543;15040;13998;0.9307
ARE;182809;176044;712735;478190;2132159;902615;1598274;765321;811507;355361;428475.0;273459.0;0.963;0.6709;0.4233;0.4788;0.4379;0.6382;5865959.0;2950990.0;8816949.0;0.5031;4443168;2146126;0.483
ARG;1462390;1382517;2484209;2374184;3527941;3404195;3227999;3155212;2644292;2657307;4336534.0;5312314.0;0.9454;0.9557;0.9649;0.9775;1.0049;1.225;17683365.0;18285729.0;35969094.0;1.0341;9240149;8933591;0.9668
ARM;74864;71253;119161;119275;214398;226658;206955;236909;150447;184566;301236.0;461904.0;0.9518;1.001;1.0572;1.1447;1.2268;1.5334;1067061.0;1300565.0;2367626.0;1.2188;540514;582842;1.0783
ASM;1981;1902;2812;2611;2949;2974;3011;2869;3139;2957;4125.0;4275.0;0.9601;0.9285;1.0085;0.9528;0.942;1.0364;18017.0;17588.0;35605.0;0.9762;8772;8454;0.9637
ATG;2626;2558;4735;4621;7108;7327;6425;6963;5985;7056;9425.0;12505.0;0.9741;0.9759;1.0308;1.0837;1.1789;1.3268;36304.0;41030.0;77334.0;1.1302;18268;18911;1.0352
AUS;661341;623421;1146928;1081317;1912054;1893156;1819350;1850597;1632025;1675682;3601921.0;3977247.0;0.9427;0.9428;0.9901;1.0172;1.0268;1.1042;10773619.0;11101420.0;21875039.0;1.0304;4878332;4825070;0.9891
AUT;178458;169783;340860;321891;624506;597588;622144;610029;629536;636561;1471453.0;1709410.0;0.9514;0.9443;0.9569;0.9805;1.0112;1.1617;3866957.0;4045262.0;7912219.0;1.0461;1587510;1529508;0.9635
AZE;322625;289035;472874;440718;868994;921404;797297;826159;585209;644982;870620.0;1118033.0;0.8959;0.932;1.0603;1.0362;1.1021;1.2842;3917619.0;4240331.0;8157950.0;1.0824;2139165;2188281;1.023
BDI;650212;648645;815210;816694;887588;900508;715729;740699;369971;388595;341590.0;407449.0;0.9976;1.0018;1.0146;1.0349;1.0503;1.1928;3780300.0;3902590.0;7682890.0;1.0323;2418527;2457901;1.0163
BEL;277159;264462;473221;453764;748941;745071;759274;759987;772321;758064;1822241.0;2078882.0;0.9542;0.9589;0.9948;1.0009;0.9815;1.1408;4853157.0;5060230.0;9913387.0;1.0427;1981436;1958822;0.9886
BEN;627900;609186;919968;892346;1011383;993839;700921;711140;451145;473515;472316.0;542591.0;0.9702;0.97;0.9827;1.0146;1.0496;1.1488;4183633.0;4222617.0;8406250.0;1.0093;2632272;2597325;0.9867
BES;649;595;999;946;2250;2134;2399;2218;2209;2043;4448.0;4150.0;0.9168;0.9469;0.9484;0.9246;0.9249;0.933;12954.0;12086.0;25040.0;0.933;5648;5298;0.938
BFA;1096588;1066548;1542169;1511412;1610031;1614803;1146195;1171853;674870;736552;624222.0;821418.0;0.9726;0.9801;1.003;1.0224;1.0914;1.3159;6694075.0;6922586.0;13616661.0;1.0341;4298395;4298068;0.9999
BGD;6970925;6809526;10496145;12112858;12725830;14895085;11423415;12025767;7935210;8017524;10924977.0;10833346.0;0.9768;1.154;1.1705;1.0527;1.0104;0.9916;60476502.0;64694106.0;125170608.0;1.0697;34645390;39033710;1.1267
BGR;139475;131486;227613;215316;396542;375362;504517;473007;534474;514730;1022010.0;1357432.0;0.9427;0.946;0.9466;0.9375;0.9631;1.3282;2824631.0;3067333.0;5891964.0;1.0859;1128672;1063685;0.9424
BHR;33805;33709;87615;54814;228666;118841;255198;107468;129557;67667;86782.0;68674.0;0.9972;0.6256;0.5197;0.4211;0.5223;0.7913;821623.0;451173.0;1272796.0;0.5491;571479;281123;0.4919
BHS;11486;11334;19892;20153;31910;33823;26765;29842;25980;28986;40082.0;50124.0;0.9868;1.0131;1.0599;1.115;1.1157;1.2505;156115.0;174262.0;330377.0;1.1162;78567;83818;1.0668
BIH;67696;62735;126298;115703;177298;157483;231120;228401;222223;233257;490676.0;688686.0;0.9267;0.9161;0.8882;0.9882;1.0497;1.4035;1315311.0;1486265.0;2801576.0;1.13;534716;501587;0.938
BLM;335;322;456;458;535;651;559;730;669;772;1527.0;1867.0;0.9612;1.0044;1.2168;1.3059;1.154;1.2227;4081.0;4800.0;8881.0;1.1762;1550;1839;1.1865
BLR;200265;189549;312983;294768;607431;579220;724383;720402;588671;655097;1089783.0;1748101.0;0.9465;0.9418;0.9536;0.9945;1.1128;1.6041;3523516.0;4187137.0;7710653.0;1.1883;1644797;1594390;0.9694
BLZ;15746;15183;28559;27557;37735;36288;28292;28312;20105;20743;22613.0;23497.0;0.9642;0.9649;0.9617;1.0007;1.0317;1.0391;153050.0;151580.0;304630.0;0.9904;94586;92157;0.9743
BMU;1411;1279;2400;2348;3364;3478;4391;4467;5054;4589;10798.0;12775.0;0.9064;0.9783;1.0339;1.0173;0.908;1.1831;27418.0;28936.0;56354.0;1.0554;10155;10293;1.0136
BOL;480521;465927;795316;776535;1028508;1012720;790147;778660;572292;571543;673131.0;766452.0;0.9696;0.9764;0.9846;0.9855;0.9987;1.1386;4339915.0;4371837.0;8711752.0;1.0074;2613971;2567915;0.9824
BRA;6087285;5859136;11326825;11016907;16361755;16257194;16394180;16722439;13233380;13913636;20236398.0;23930149.0;0.9625;0.9726;0.9936;1.02;1.0514;1.1825;83639823.0;87699461.0;171339284.0;1.0485;44082760;43996540;0.998
BRB;7424;7184;13286;12882;18166;18471;18082;19167;18337;20065;36746.0;46618.0;0.9677;0.9696;1.0168;1.06;1.0942;1.2687;112041.0;124387.0;236428.0;1.1102;49534;50520;1.0199
BRN;13160;12099;26929;23938;46467;36412;43435;34085;32260;29025;33823.0;35114.0;0.9194;0.8889;0.7836;0.7847;0.8997;1.0382;196074.0;170673.0;366747.0;0.8705;116831;94435;0.8083
BTN;28064;25898;52898;48623;88963;70682;70875;57122;44150;36271;52747.0;49945.0;0.9228;0.9192;0.7945;0.806;0.8215;0.9469;337697.0;288541.0;626238.0;0.8544;212736;176427;0.8293
BWA;99122;97946;173936;173355;235411;232507;149892;145705;93002;96882;99769.0;114981.0;0.9881;0.9967;0.9877;0.9721;1.0417;1.1525;851132.0;861376.0;1712508.0;1.012;559239;551567;0.9863
CAF;262652;264003;357818;391017;275999;339558;132637;183363;90743;129144;113876.0;164635.0;1.0051;1.0928;1.2303;1.3824;1.4232;1.4457;1233725.0;1471720.0;2705445.0;1.1929;766454;913938;1.1924
CAN;859220;831215;1703576;1613702;2835886;2672610;2670837;2663180;2410107;2455588;6051739.0;6693472.0;0.9674;0.9472;0.9424;0.9971;1.0189;1.106;16531365.0;16929767.0;33461132.0;1.0241;7210299;6949492;0.9638
CHE;177272;167176;326618;305761;595620;575215;634837;622734;621721;617258;1396824.0;1559442.0;0.943;0.9361;0.9657;0.9809;0.9928;1.1164;3752892.0;3847586.0;7600478.0;1.0252;1557075;1503710;0.9657
CHL;490485;470962;948358;921345;1631175;1592575;1462648;1437704;1288475;1290442;2288839.0;2576379.0;0.9602;0.9715;0.9763;0.9829;1.0015;1.1256;8109980.0;8289407.0;16399387.0;1.0221;4042181;3951624;0.9776
CHN;35898813;30602079;60215679;51599603;107500550;95927876;107549841;101261144;114053869;111540180;182039317.0;203082076.0;0.8525;0.8569;0.8923;0.9415;0.978;1.1156;607258069.0;594012958.0;1201271027.0;0.9782;275266070;248788623;0.9038
CIV;1398992;1329488;1995024;1827216;2180245;2242269;1840616;1801964;1170158;991152;1006704.0;961653.0;0.9503;0.9159;1.0284;0.979;0.847;0.9552;9591739.0;9153742.0;18745481.0;0.9543;6015885;5871449;0.976
CMR;1264664;1259038;1825919;1824903;2048479;2063118;1467926;1485693;913051;938235;853692.0;975804.0;0.9956;0.9994;1.0071;1.0121;1.0276;1.143;8373731.0;8546791.0;16920522.0;1.0207;5342324;5373714;1.0059
COD;4562988;4580420;6522925;6566804;6897231;7002344;4448667;4557377;2954556;3110884;3412435.0;3890868.0;1.0038;1.0067;1.0152;1.0244;1.0529;1.1402;28798802.0;29708697.0;58507499.0;1.0316;17868823;18126525;1.0144
COG;271231;268173;374052;371045;415300;414035;339910;339090;241149;246113;219349.0;243694.0;0.9887;0.992;0.997;0.9976;1.0206;1.111;1860991.0;1882150.0;3743141.0;1.0114;1129262;1124170;0.9955
COK;523;498;599;607;711;856;826;917;912;999;1802.0;1889.0;0.9522;1.0134;1.2039;1.1102;1.0954;1.0483;5373.0;5766.0;11139.0;1.0731;2136;2380;1.1142
COL;1612023;1547754;3088703;3015342;4468529;4459550;3743573;3811879;3018604;3191417;4625495.0;5417782.0;0.9601;0.9762;0.998;1.0182;1.0572;1.1713;20556927.0;21443724.0;42000651.0;1.0431;11300805;11286771;0.9988
COM;36223;34397;55825;54085;57316;60730;49801;48769;34952;32483;38361.0;41347.0;0.9496;0.9688;1.0596;0.9793;0.9294;1.0778;272478.0;271811.0;544289.0;0.9976;162942;163584;1.0039
CPV;20045;18560;31761;27960;48522;44904;39806;36016;25723;23857;32488.0;41633.0;0.9259;0.8803;0.9254;0.9048;0.9275;1.2815;198345.0;192930.0;391275.0;0.9727;120089;108880;0.9067
CRI;147839;141641;271457;260668;414478;403057;386072;388197;297212;319385;528157.0;610643.0;0.9581;0.9603;0.9724;1.0055;1.0746;1.1562;2045215.0;2123591.0;4168806.0;1.0383;1072007;1051922;0.9813
CUB;236225;224898;477997;456765;749265;709500;685844;659360;868149;898650;1604644.0;1864196.0;0.952;0.9556;0.9469;0.9614;1.0351;1.1618;4622124.0;4813369.0;9435493.0;1.0414;1913106;1825625;0.9543
CUW;4205;4083;9469;8301;16420;13960;11310;11602;10804;13092;22445.0;33165.0;0.971;0.8767;0.8502;1.0258;1.2118;1.4776;74653.0;84203.0;158856.0;1.1279;37199;33863;0.9103
CYM;1526;1483;2559;2522;5979;5910;7063;6867;6457;6178;7173.0;7581.0;0.9718;0.9855;0.9885;0.9722;0.9568;1.0569;30757.0;30541.0;61298.0;0.993;15601;15299;0.9806
CYP;27005;25408;52441;50262;116183;104029;126384;115257;87479;92402;160811.0;178837.0;0.9409;0.9584;0.8954;0.912;1.0563;1.1121;570303.0;566195.0;1136498.0;0.9928;295008;269548;0.9137
CZE;238138;227884;385779;369423;681332;640873;802552;748765;851755;810889;1567080.0;1915577.0;0.9569;0.9576;0.9406;0.933;0.952;1.2224;4526636.0;4713411.0;9240047.0;1.0413;1869663;1759061;0.9408
DEU;1570581;1481371;3072591;2834369;5405591;5007423;5463654;5304351;5496809;5456163;15022915.0;17306494.0;0.9432;0.9225;0.9263;0.9708;0.9926;1.152;36032141.0;37390171.0;73422312.0;1.0377;13941836;13146143;0.9429
DJI;46410;45672;79007;78365;93011;93396;73804;75788;56888;60164;57543.0;66606.0;0.9841;0.9919;1.0041;1.0269;1.0576;1.1575;406663.0;419991.0;826654.0;1.0328;245822;247549;1.007
DMA;1691;1797;3170;3155;5410;5365;4763;4557;4455;4283;8274.0;8486.0;1.0627;0.9953;0.9917;0.9567;0.9614;1.0256;27763.0;27643.0;55406.0;0.9957;13343;13077;0.9801
DNK;142367;135795;262241;252666;410261;394625;348652;342561;386523;387016;948313.0;1043716.0;0.9538;0.9635;0.9619;0.9825;1.0013;1.1006;2498357.0;2556379.0;5054736.0;1.0232;1021154;989852;0.9693
DOM;397682;381375;690934;666442;912407;894882;744642;745863;595167;616363;815735.0;967490.0;0.959;0.9646;0.9808;1.0016;1.0356;1.186;4156567.0;4272415.0;8428982.0;1.0279;2347983;2307187;0.9826
DZA;1499953;1433549;2066624;1992827;3528523;3304429;3673647;3473051;2663745;2540016;3161529.0;3189117.0;0.9557;0.9643;0.9365;0.9454;0.9536;1.0087;16594021.0;15932989.0;32527010.0;0.9602;9268794;8770307;0.9462
ECU;644381;618853;1114295;1077562;1503493;1478553;1251913;1256548;953306;980389;1313418.0;1505445.0;0.9604;0.967;0.9834;1.0037;1.0284;1.1462;6780806.0;6917350.0;13698156.0;1.0201;3869701;3812663;0.9853
EGY;4383052;4189992;6892220;6601221;8844637;8483311;7644512;7455167;5552973;5360964;6153680.0;7091865.0;0.956;0.9578;0.9591;0.9752;0.9654;1.1525;39471074.0;39182520.0;78653594.0;0.9927;23381369;22539699;0.964
ERI;172616;170291;253481;250369;240846;239437;148080;156923;112931;130670;136193.0;174452.0;0.9865;0.9877;0.9941;1.0597;1.1571;1.2809;1064147.0;1122142.0;2186289.0;1.0545;642407;646729;1.0067
ESH;16528;15807;29418;26494;53253;41490;64658;46044;44309;28133;43848.0;37473.0;0.9564;0.9006;0.7791;0.7121;0.6349;0.8546;252014.0;195441.0;447455.0;0.7755;147329;114028;0.774
ESP;1049018;991252;1760471;1656994;2682097;2616179;3406463;3359895;3955980;3872376;7624310.0;9018800.0;0.9449;0.9412;0.9754;0.9863;0.9789;1.1829;20478339.0;21515496.0;41993835.0;1.0506;7849031;7633068;0.9725
EST;31612;29681;46846;44939;88959;81686;102749;94950;93663;91948;180337.0;275529.0;0.9389;0.9593;0.9182;0.9241;0.9817;1.5279;544166.0;618733.0;1162899.0;1.137;238554;221575;0.9288
ETH;5957806;5791737;9174349;9021622;9927497;9819776;6139873;6153588;4032029;4312568;4354895.0;5111997.0;0.9721;0.9834;0.9891;1.0022;1.0696;1.1739;39586449.0;40211288.0;79797737.0;1.0158;25241719;24994986;0.9902
FIN;127697;122320;219251;206756;367622;344978;372333;348841;338860;327135;938170.0;1096031.0;0.9579;0.943;0.9384;0.9369;0.9654;1.1683;2363933.0;2446061.0;4809994.0;1.0347;959206;900575;0.9389
FJI;32747;33288;52009;52713;73211;72905;66815;66645;48776;48303;63449.0;73804.0;1.0165;1.0135;0.9958;0.9975;0.9903;1.1632;337007.0;347658.0;684665.0;1.0316;192035;192263;1.0012
FLK;65;77;105;111;219;244;291;274;346;311;432.0;480.0;1.1846;1.0571;1.1142;0.9416;0.8988;1.1111;1458.0;1497.0;2955.0;1.0267;615;629;1.0228
FRA;1689367;1603571;2898434;2754285;3802443;3813108;3987625;4147585;4213463;4320827;10248004.0;12487636.0;0.9492;0.9503;1.0028;1.0401;1.0255;1.2185;26839336.0;29127012.0;55966348.0;1.0852;10688502;10714978;1.0025
FRO;1541;1497;2645;2322;3543;3073;3460;3111;3564;3104;8109.0;8111.0;0.9714;0.8779;0.8673;0.8991;0.8709;1.0002;22862.0;21218.0;44080.0;0.9281;9648;8506;0.8816
FSM;4709;4738;7948;7799;9204;8819;5687;5707;4516;5001;6365.0;8038.0;1.0062;0.9813;0.9582;1.0035;1.1074;1.2628;38429.0;40102.0;78531.0;1.0435;22839;22325;0.9775
GAB;94427;94127;142934;141930;196469;184572;170348;151821;108520;98415;107262.0;113636.0;0.9968;0.993;0.9394;0.8912;0.9069;1.0594;819960.0;784501.0;1604461.0;0.9568;509751;478323;0.9383
GBR;1666107;1584599;2859062;2699477;4615002;4480328;4456622;4539491;4326181;4488131;10048955.0;11525335.0;0.9511;0.9442;0.9708;1.0186;1.0374;1.1469;27971929.0;29317361.0;57289290.0;1.0481;11930686;11719296;0.9823
GEO;94632;89666;153248;144148;255427;258691;258399;277617;215465;251248;408027.0;646400.0;0.9475;0.9406;1.0128;1.0744;1.1661;1.5842;1385198.0;1667770.0;3052968.0;1.204;667074;680456;1.0201
GGY;1371;1229;2486;2386;4036;3862;4164;3988;4333;4591;10833.0;12118.0;0.8964;0.9598;0.9569;0.9577;1.0595;1.1186;27223.0;28174.0;55397.0;1.0349;10686;10236;0.9579
GHA;1420614;1395992;2173741;2142221;2546690;2527519;2041252;2047938;1358248;1403421;1383852.0;1579270.0;0.9827;0.9855;0.9925;1.0033;1.0333;1.1412;10924397.0;11096361.0;22020758.0;1.0157;6761683;6717678;0.9935
GIB;943;914;1682;1608;2517;2475;2615;2589;2499;2525;5391.0;5919.0;0.9692;0.956;0.9833;0.9901;1.0104;1.0979;15647.0;16030.0;31677.0;1.0245;6814;6672;0.9792
GIN;651623;634996;983505;961552;1090837;1092634;628924;691782;387537;466822;471372.0;610348.0;0.9745;0.9777;1.0016;1.0999;1.2046;1.2948;4213798.0;4458134.0;8671932.0;1.058;2703266;2745968;1.0158
GLP;10363;9633;14224;13603;15171;19271;15557;22900;22280;30339;64309.0;81994.0;0.9296;0.9563;1.2703;1.472;1.3617;1.275;141904.0;177740.0;319644.0;1.2525;44952;55774;1.2407
GMB;123492;121396;180732;178414;202760;203405;126832;128688;81865;87707;92485.0;110496.0;0.983;0.9872;1.0032;1.0146;1.0714;1.1947;808166.0;830106.0;1638272.0;1.0271;510324;510507;1.0004
GNB;97228;95616;144915;143459;160681;161154;115497;118029;71740;80338;61389.0;88712.0;0.9834;0.99;1.0029;1.0219;1.1198;1.4451;651450.0;687308.0;1338758.0;1.055;421093;422642;1.0037
GNQ;72472;71464;105514;96548;151390;127091;137339;99096;87961;65085;82312.0;81059.0;0.9861;0.915;0.8395;0.7215;0.7399;0.9848;636988.0;540343.0;1177331.0;0.8483;394243;322735;0.8186
GRC;221695;208135;384656;348561;556305;522905;688431;689761;769790;806721;1718349.0;2123605.0;0.9388;0.9062;0.94;1.0019;1.048;1.2358;4339226.0;4699688.0;9038914.0;1.0831;1629392;1561227;0.9582
GRD;3524;3377;6109;5863;10102;9748;9013;8930;6364;5954;12572.0;13757.0;0.9583;0.9597;0.965;0.9908;0.9356;1.0943;47684.0;47629.0;95313.0;0.9988;25224;24541;0.9729
GRL;1446;1365;2591;2466;4702;4484;4031;3583;3473;2828;7630.0;6451.0;0.944;0.9518;0.9536;0.8889;0.8143;0.8455;23873.0;21177.0;45050.0;0.8871;11324;10533;0.9301
GTM;766643;748850;1303654;1278734;1568061;1557905;1082171;1108596;647515;724679;785031.0;960850.0;0.9768;0.9809;0.9935;1.0244;1.1192;1.224;6153075.0;6379614.0;12532689.0;1.0368;3953886;3945235;0.9978
GUF;12281;12109;16099;17064;18218;21766;18024;21205;14834;16868;21422.0;23149.0;0.986;1.0599;1.1948;1.1765;1.1371;1.0806;100878.0;112161.0;213039.0;1.1118;52341;60035;1.147
GUM;4927;4717;8519;7828;11842;10568;9531;9177;9747;9823;18583.0;19935.0;0.9574;0.9189;0.8924;0.9629;1.0078;1.0728;63149.0;62048.0;125197.0;0.9826;29892;27573;0.9224
GUY;29636;28665;52651;51301;65502;69556;43779;49510;40994;45915;53741.0;65881.0;0.9672;0.9744;1.0619;1.1309;1.12;1.2259;286303.0;310828.0;597131.0;1.0857;161932;170367;1.0521
HKG;116840;113784;202583;204850;437357;527102;457267;710233;467862;678366;1298668.0;1490523.0;0.9738;1.0112;1.2052;1.5532;1.4499;1.1477;2980577.0;3724858.0;6705435.0;1.2497;1097207;1442185;1.3144
HND;435405;415238;753008;721621;921829;892935;706427;695131;458275;470820;464048.0;541217.0;0.9537;0.9583;0.9687;0.984;1.0274;1.1663;3738992.0;3736962.0;7475954.0;0.9995;2381264;2309687;0.9699
HRV;84310;79881;143218;135161;221859;210182;267006;258873;266219;267425;634640.0;820356.0;0.9475;0.9437;0.9474;0.9695;1.0045;1.2926;1617252.0;1771878.0;3389130.0;1.0956;632083;604216;0.9559
HTI;471054;465524;773193;770366;972413;978433;733292;744785;501690;520817;545406.0;656193.0;0.9883;0.9963;1.0062;1.0157;1.0381;1.2031;3997048.0;4136118.0;8133166.0;1.0348;2478898;2493584;1.0059
HUN;206368;195843;359141;339601;634194;593186;683737;658760;778328;771449;1312479.0;1843490.0;0.949;0.9456;0.9353;0.9635;0.9912;1.4046;3974247.0;4402329.0;8376576.0;1.1077;1677072;1591547;0.949
IDN;9621909;9136538;15830742;15053503;21945659;20946941;21034034;20347915;17759093;17748815;20834316.0;24197194.0;0.9496;0.9509;0.9545;0.9674;0.9994;1.1614;107025753.0;107430906.0;214456659.0;1.0038;58810435;56348359;0.9581
IMN;1934;1725;3237;2920;4521;4560;4951;5214;5995;6146;15242.0;16320.0;0.8919;0.9021;1.0086;1.0531;1.0252;1.0707;35880.0;36885.0;72765.0;1.028;12709;12694;0.9988
IND;53370477;48514097;95206130;86335660;125560752;114967605;106295183;98601097;79815755;76345941;102985377.0;107218688.0;0.909;0.9068;0.9156;0.9276;0.9565;1.0411;563233674.0;531983088.0;1095216762.0;0.9445;327062065;299904362;0.917
IRL;144181;137229;235415;227636;310885;308647;373871;400756;359848;366173;662403.0;718239.0;0.9518;0.967;0.9928;1.0719;1.0176;1.0843;2086603.0;2158680.0;4245283.0;1.0345;920171;937039;1.0183
IRN;2606041;2468510;4154545;3964104;7588411;7310938;8592455;8275421;5677433;5422742;7197989.0;7397505.0;0.9472;0.9542;0.9634;0.9631;0.9551;1.0277;35816874.0;34839220.0;70656094.0;0.9727;20335411;19550463;0.9614
IRQ;1957650;1866563;3024299;2900692;3505869;3422561;2484982;2500644;1795164;1876527;1572164.0;2025042.0;0.9535;0.9591;0.9762;1.0063;1.0453;1.2881;14340128.0;14592029.0;28932157.0;1.0176;9015150;8823897;0.9788
ISL;9941;9418;17808;17420;33289;29643;28457;25163;23934;22302;49976.0;51970.0;0.9474;0.9782;0.8905;0.8842;0.9318;1.0399;163405.0;155916.0;319321.0;0.9542;79554;72226;0.9079
ISR;303598;289119;495964;475043;620791;603394;562015;565087;490317;500984;872838.0;1018549.0;0.9523;0.9578;0.972;1.0055;1.0218;1.1669;3345523.0;3452176.0;6797699.0;1.0319;1678770;1643524;0.979
ITA;1184022;1116380;2172835;2007649;3327501;3141574;3620671;3580397;4626941;4700315;10689914.0;12656591.0;0.9429;0.924;0.9441;0.9889;1.0159;1.184;25621884.0;27202906.0;52824790.0;1.0617;9121007;8729620;0.9571
JAM;91359;88283;171031;165370;266436;258195;223619;218449;170186;178622;224830.0;277238.0;0.9663;0.9669;0.9691;0.9769;1.0496;1.2331;1147461.0;1186157.0;2333618.0;1.0337;661086;642014;0.9712
JEY;2126;2164;3946;3759;6305;6155;7372;7413;7783;7781;16428.0;18281.0;1.0179;0.9526;0.9762;1.0056;0.9997;1.1128;43960.0;45553.0;89513.0;1.0362;17623;17327;0.9832
JOR;457719;456778;706623;691586;1013301;900075;778527;695840;595106;524818;605934.0;583077.0;0.9979;0.9787;0.8883;0.8938;0.8819;0.9623;4157210.0;3852174.0;8009384.0;0.9266;2498451;2287501;0.9156
JPN;2305113;2175860;4312626;4096723;6245347;6000466;7446355;7266449;9585967;9400646;24006218.0;28284094.0;0.9439;0.9499;0.9608;0.9758;0.9807;1.1782;53901626.0;57224238.0;111125864.0;1.0616;18004328;17363638;0.9644
KAZ;655688;625925;873034;838843;1497262;1459249;1407348;1417214;1060986;1169752;1462258.0;2100448.0;0.9546;0.9608;0.9746;1.007;1.1025;1.4364;6956576.0;7611431.0;14568007.0;1.0941;3777644;3715306;0.9835
KEN;2612824;2608414;3796125;3909899;4157938;4312231;3148907;3046981;1991361;1967521;1808273.0;2100327.0;0.9983;1.03;1.0371;0.9676;0.988;1.1615;17515428.0;17945373.0;35460801.0;1.0245;11102970;11269111;1.015
KGZ;250084;234891;366986;372336;551907;560313;442098;453801;331932;350541;411024.0;519238.0;0.9392;1.0146;1.0152;1.0265;1.0561;1.2633;2354031.0;2491120.0;4845151.0;1.0582;1360991;1386450;1.0187
KHM;676530;648968;986041;986728;1372048;1420830;1232461;1269441;735502;792769;970876.0;1316501.0;0.9593;1.0007;1.0356;1.03;1.0779;1.356;5973458.0;6435237.0;12408695.0;1.0773;3590550;3676999;1.0241
KIR;4917;5067;7898;7814;10450;11210;7642;8493;4910;5755;5929.0;8084.0;1.0305;0.9894;1.0727;1.1114;1.1721;1.3635;41746.0;46423.0;88169.0;1.112;25990;27517;1.0588
KNA;1210;1331;2225;2389;3524;3779;3436;3934;3055;3189;4974.0;5683.0;1.1;1.0737;1.0724;1.1449;1.0439;1.1425;18424.0;20305.0;38729.0;1.1021;9185;10102;1.0998
KOR;935342;877436;2088333;1923440;3765721;3315059;3862713;3619286;4300028;4200667;8141950.0;9395261.0;0.9381;0.921;0.8803;0.937;0.9769;1.1539;23094087.0;23331149.0;46425236.0;1.0103;9716767;8857785;0.9116
KWT;116734;110330;175771;156674;643380;329968;792255;407486;491397;261458;282189.0;182366.0;0.9451;0.8914;0.5129;0.5143;0.5321;0.6463;2501726.0;1448282.0;3950008.0;0.5789;1611406;894128;0.5549
LAO;300927;292083;509602;496038;662316;653416;511705;498991;342179;343980;382427.0;428599.0;0.9706;0.9734;0.9866;0.9752;1.0053;1.1207;2709156.0;2713107.0;5422263.0;1.0015;1683623;1648445;0.9791
LBN;218691;203082;351317;319027;351826;405868;330917;374192;298672;345144;507605.0;610340.0;0.9286;0.9081;1.1536;1.1308;1.1556;1.2024;2059028.0;2257653.0;4316681.0;1.0965;1034060;1099087;1.0629
LBR;261168;255608;369094;363754;373465;374705;285198;290743;185974;197938;196974.0;225797.0;0.9787;0.9855;1.0033;1.0194;1.0643;1.1463;1671873.0;1708545.0;3380418.0;1.0219;1027757;1029202;1.0014
LBY;280582;263590;431407;410786;543788;517871;565690;536574;477698;463925;413553.0;447852.0;0.9394;0.9522;0.9523;0.9485;0.9712;1.0829;2712718.0;2640598.0;5353316.0;0.9734;1540885;1465231;0.9509
LCA;5066;4805;9966;9653;16049;15545;13609;13731;11943;12381;16764.0;19719.0;0.9485;0.9686;0.9686;1.009;1.0367;1.1763;73397.0;75834.0;149231.0;1.0332;39624;38929;0.9825
LIE;802;741;1459;1451;2474;2356;2503;2581;2912;2931;6649.0;7300.0;0.9239;0.9945;0.9523;1.0312;1.0065;1.0979;16799.0;17360.0;34159.0;1.0334;6436;6388;0.9925
LKA;734704;719047;1207421;1177080;1592181;1630870;1552115;1667585;1332414;1435497;2223130.0;2836943.0;0.9787;0.9749;1.0243;1.0744;1.0774;1.2761;8641965.0;9467022.0;18108987.0;1.0955;4351717;4475535;1.0285
LSO;97073;96796;153907;155112;201137;207600;145517;155801;68084;73803;73059.0;113871.0;0.9971;1.0078;1.0321;1.0707;1.084;1.5586;738777.0;802983.0;1541760.0;1.0869;500561;518513;1.0359
LTU;55290;53324;109153;104084;205262;184065;196164;175469;190025;195718;379001.0;596108.0;0.9644;0.9536;0.8967;0.8945;1.03;1.5728;1134895.0;1308768.0;2443663.0;1.1532;510579;463618;0.908
LUX;14218;13345;27206;25406;53302;50778;51546;50713;48319;46088;88020.0;94239.0;0.9386;0.9338;0.9526;0.9838;0.9538;1.0707;282611.0;280569.0;563180.0;0.9928;132054;126897;0.9609
LVA;42413;40607;63250;59860;114811;106753;133179;129356;124125;132998;252076.0;409032.0;0.9574;0.9464;0.9298;0.9713;1.0715;1.6227;729854.0;878606.0;1608460.0;1.2038;311240;295969;0.9509
MAC;11339;11504;24102;29489;58706;66915;55302;68109;43368;57493;86009.0;101723.0;1.0146;1.2235;1.1398;1.2316;1.3257;1.1827;278826.0;335233.0;614059.0;1.2023;138110;164513;1.1912
MAF;871;837;1195;1202;1375;1685;1469;1857;1663;2011;3914.0;4715.0;0.961;1.0059;1.2255;1.2641;1.2093;1.2046;10487.0;12307.0;22794.0;1.1735;4039;4744;1.1745
MAR;1310455;1250924;2110308;2007124;2960043;2837151;2707309;2677587;2132283;2141135;3004724.0;3201644.0;0.9546;0.9511;0.9585;0.989;1.0042;1.0655;14225122.0;14115565.0;28340687.0;0.9923;7777660;7521862;0.9671
MCO;634;593;1272;1217;1810;1741;1651;1785;1806;2008;9562.0;10263.0;0.9353;0.9568;0.9619;1.0812;1.1118;1.0733;16735.0;17607.0;34342.0;1.0521;4733;4743;1.0021
MDA;74109;76267;106597;108198;200040;208674;225374;239556;174377;206043;341189.0;541257.0;1.0291;1.015;1.0432;1.0629;1.1816;1.5864;1121686.0;1379995.0;2501681.0;1.2303;532011;556428;1.0459
MDG;1379358;1354280;2139049;2109189;2307365;2288778;1569647;1571538;1086860;1106793;1132064.0;1238797.0;0.9818;0.986;0.9919;1.0012;1.0183;1.0943;9614343.0;9669375.0;19283718.0;1.0057;6016061;5969505;0.9923
MDV;13830;12067;30121;18778;95013;40012;73280;35515;32544;21205;28809.0;24915.0;0.8725;0.6234;0.4211;0.4846;0.6516;0.8648;273597.0;152492.0;426089.0;0.5574;198414;94305;0.4753
MEX;4535347;4395674;7796981;7674492;10199634;10572517;8307989;9432979;6872040;8067461;9577003.0;11528223.0;0.9692;0.9843;1.0366;1.1354;1.174;1.2037;47288994.0;51671346.0;98960340.0;1.0927;26304604;27679988;1.0523
MHL;2093;1884;2639;2369;2172;2196;2579;2601;2036;1945;2175.0;2102.0;0.9001;0.8977;1.011;1.0085;0.9553;0.9664;13694.0;13097.0;26791.0;0.9564;7390;7166;0.9697
MKD;41750;40664;75377;74028;120360;117614;127335;128708;122065;128244;255602.0;310328.0;0.974;0.9821;0.9772;1.0108;1.0506;1.2141;742489.0;799586.0;1542075.0;1.0769;323072;320350;0.9916
MLI;1131874;1103716;1553031;1510357;1527225;1483778;1107032;1070455;668315;653308;610295.0;672284.0;0.9751;0.9725;0.9716;0.967;0.9775;1.1016;6597772.0;6493898.0;13091670.0;0.9843;4187288;4064590;0.9707
MLT;9252;8473;18992;16838;50002;40945;48069;39936;36159;31724;78589.0;85288.0;0.9158;0.8866;0.8189;0.8308;0.8773;1.0852;241063.0;223204.0;464267.0;0.9259;117063;97719;0.8348
MMR;1801563;1721291;3215173;3094162;4351334;4247034;4015903;3984938;3222237;3307820;3893580.0;4687167.0;0.9554;0.9624;0.976;0.9923;1.0266;1.2038;20499790.0;21042412.0;41542202.0;1.0265;11582410;11326134;0.9779
MNE;15875;15056;27375;26620;38715;37864;43321;44135;38737;42706;82273.0;107513.0;0.9484;0.9724;0.978;1.0188;1.1025;1.3068;246296.0;273894.0;520190.0;1.1121;109411;108619;0.9928
MNG;111346;103915;157110;147700;268198;255586;252955;247238;184760;194447;183320.0;245510.0;0.9333;0.9401;0.953;0.9774;1.0524;1.3392;1157689.0;1194396.0;2352085.0;1.0317;678263;650524;0.9591
MNP;1695;1548;2227;1981;2614;2322;3004;2670;3946;3594;5507.0;4942.0;0.9133;0.8895;0.8883;0.8888;0.9108;0.8974;18993.0;17057.0;36050.0;0.8981;7845;6973;0.8888
MOZ;1505358;1506588;2217703;2252851;2279527;2408901;1409269;1634113;862707;1021499;726057.0;1249669.0;1.0008;1.0158;1.0568;1.1595;1.1841;1.7212;9000621.0;10073621.0;19074242.0;1.1192;5906499;6295865;1.0659
MRT;225064;224535;311270;325164;324693;356406;221495;253036;149633;172509;170337.0;194943.0;0.9976;1.0446;1.0977;1.1424;1.1529;1.1445;1402492.0;1526593.0;2929085.0;1.0885;857458;934606;1.09
MSR;116;100;156;150;276;283;278;309;294;294;771.0;714.0;0.8621;0.9615;1.0254;1.1115;1.0;0.9261;1891.0;1850.0;3741.0;0.9783;710;742;1.0451
MTQ;8510;8082;12189;12005;13946;17795;14496;20447;20401;26876;64154.0;80125.0;0.9497;0.9849;1.276;1.4105;1.3174;1.2489;133696.0;165330.0;299026.0;1.2366;40631;50247;1.2367
MUS;34136;34843;67301;65022;108879;98403;99735;92213;85499;83994;153927.0;171727.0;1.0207;0.9661;0.9038;0.9246;0.9824;1.1156;549477.0;546202.0;1095679.0;0.994;275915;255638;0.9265
MWI;1025238;1041762;1452307;1481375;1490804;1616844;1043799;1172474;573237;590846;509625.0;699950.0;1.0161;1.02;1.0845;1.1233;1.0307;1.3735;6095010.0;6603251.0;12698261.0;1.0834;3986910;4270693;1.0712
MYS;1145047;1057859;2271822;2014955;3420636;2838425;3022419;2578463;1994249;1836471;2665052.0;2730133.0;0.9239;0.8869;0.8298;0.8531;0.9209;1.0244;14519225.0;13056306.0;27575531.0;0.8992;8714877;7431843;0.8528
MYT;14111;15022;13199;16673;17127;24845;17317;20644;11994;11029;10672.0;9951.0;1.0646;1.2632;1.4506;1.1921;0.9195;0.9324;84420.0;98164.0;182584.0;1.1628;47643;62162;1.3047
NAM;113902;113088;184221;181522;236954;246241;166884;174328;110775;116503;100671.0;144833.0;0.9929;0.9853;1.0392;1.0446;1.0517;1.4387;913407.0;976515.0;1889922.0;1.0691;588059;602091;1.0239
NCL;8579;8454;14626;14648;20197;20617;20382;21148;19149;20232;29720.0;32477.0;0.9854;1.0015;1.0208;1.0376;1.0566;1.0928;112653.0;117576.0;230229.0;1.0437;55205;56413;1.0219
NER;1251785;1207849;1739005;1674218;1655240;1586779;1096653;1042375;719176;692841;766077.0;815501.0;0.9649;0.9627;0.9586;0.9505;0.9634;1.0645;7227936.0;7019563.0;14247499.0;0.9712;4490898;4303372;0.9582
NGA;10673613;10284988;15328682;14776399;15913432;15426806;11683079;11418127;7705584;7638177;7757429.0;8289068.0;0.9636;0.964;0.9694;0.9773;0.9913;1.0685;69061819.0;67833565.0;136895384.0;0.9822;42925193;41621332;0.9696
NIC;265256;258109;440478;429541;582345;583677;442472;478634;317196;342837;339627.0;434910.0;0.9731;0.9752;1.0023;1.0817;1.0808;1.2806;2387374.0;2527708.0;4915082.0;1.0588;1465295;1491852;1.0181
NIU;61;65;61;92;100;82;98;108;99;127;261.0;270.0;1.0656;1.5082;0.82;1.102;1.2828;1.0345;680.0;744.0;1424.0;1.0941;259;282;1.0888
NLD;404265;386558;817822;790401;1218809;1187736;1107787;1096710;1171963;1179697;2919323.0;3183169.0;0.9562;0.9665;0.9745;0.99;1.0066;1.0904;7639969.0;7824271.0;15464240.0;1.0241;3144418;3074847;0.9779
NOR;135347;128114;238151;225041;389938;372581;372433;355787;377548;362423;816097.0;866406.0;0.9466;0.945;0.9555;0.9553;0.9599;1.0616;2329514.0;2310352.0;4639866.0;0.9918;1000522;953409;0.9529
NPL;1214010;1189387;2042959;2147922;2231308;2676879;1638775;2036988;1292674;1467911;1785574.0;2020145.0;0.9797;1.0514;1.1997;1.243;1.1356;1.1314;10205300.0;11539232.0;21744532.0;1.1307;5913042;6861789;1.1604
NRU;531;463;654;647;988;885;829;803;434;433;407.0;516.0;0.8719;0.9893;0.8957;0.9686;0.9977;1.2678;3843.0;3747.0;7590.0;0.975;2471;2335;0.945
NZL;134592;127507;233058;220047;380685;367741;332615;338265;317091;329761;705807.0;778081.0;0.9474;0.9442;0.966;1.017;1.04;1.1024;2103848.0;2161402.0;4265250.0;1.0274;946358;926053;0.9785
OMN;119387;113908;288603;186787;823143;358504;722185;322021;315933;156053;184984.0;148251.0;0.9541;0.6472;0.4355;0.4459;0.4939;0.8014;2454235.0;1285524.0;3739759.0;0.5238;1833931;867312;0.4729
PAK;10992094;10396262;16948083;16006979;19158659;18062771;13695104;13283006;9160583;9062960;11167316.0;12046159.0;0.9458;0.9445;0.9428;0.9699;0.9893;1.0787;81121839.0;78858137.0;159979976.0;0.9721;49801846;47352756;0.9508
PAN;149255;142963;253262;243842;339388;332526;303937;301222;258429;261570;370702.0;418412.0;0.9578;0.9628;0.9798;0.9911;1.0122;1.1287;1674973.0;1700535.0;3375508.0;1.0153;896587;877590;0.9788
PER;1177426;1143373;1962139;1947184;2691434;2778737;2346350;2386237;1922805;1904049;2729379.0;2978358.0;0.9711;0.9924;1.0324;1.017;0.9902;1.0912;12829533.0;13137938.0;25967471.0;1.024;6999923;7112158;1.016
PHL;4595206;4473328;7596662;7492532;9723053;9526693;7521956;7384801;5595073;5646800;6336942.0;7700207.0;0.9735;0.9863;0.9798;0.9818;1.0092;1.2151;41368892.0;42224361.0;83593253.0;1.0207;24841671;24404026;0.9824
PLW;478;476;711;654;1448;1043;1606;1135;1592;1237;2129.0;2166.0;0.9958;0.9198;0.7203;0.7067;0.777;1.0174;7964.0;6711.0;14675.0;0.8427;3765;2832;0.7522
PNG;440290;397800;709924;644195;860494;815894;644058;657813;464414;464067;478518.0;435208.0;0.9035;0.9074;0.9482;1.0214;0.9993;0.9095;3597698.0;3414977.0;7012675.0;0.9492;2214476;2117902;0.9564
POL;826905;786470;1343479;1284948;2601113;2490986;3276110;3178140;2666090;2655245;5283367.0;6941193.0;0.9511;0.9564;0.9577;0.9701;0.9959;1.3138;15997064.0;17336982.0;33334046.0;1.0838;7220702;6954074;0.9631
PRI;75356;71345;146495;142415;185998;197679;182793;205333;204404;227794;547414.0;693470.0;0.9468;0.9721;1.0628;1.1233;1.1144;1.2668;1342460.0;1538036.0;2880496.0;1.1457;515286;545427;1.0585
PRK;672858;641339;1303289;1248622;1997415;1930552;1752686;1716151;1977610;1984363;2925396.0;3544252.0;0.9532;0.9581;0.9665;0.9792;1.0034;1.2115;10629254.0;11065279.0;21694533.0;1.041;5053390;4895325;0.9687
PRT;210572;201735;397042;379092;561685;550435;650409;687543;756569;824063;1753444.0;2209582.0;0.958;0.9548;0.98;1.0571;1.0892;1.2601;4329721.0;4852450.0;9182171.0;1.1207;1609136;1617070;1.0049
PRY;240273;230340;418690;403736;591971;577348;467111;459325;321701;322697;429266.0;495560.0;0.9587;0.9643;0.9753;0.9833;1.0031;1.1544;2469012.0;2489006.0;4958018.0;1.0081;1477772;1440409;0.9747
PSE;226956;228802;341440;349499;432112;436166;286796;296576;178360;193302;211604.0;238211.0;1.0081;1.0236;1.0094;1.0341;1.0838;1.1257;1677268.0;1742556.0;3419824.0;1.0389;1060348;1082241;1.0206
PYF;8970;8561;14899;14287;19944;19752;21162;21477;19579;18956;30771.0;30607.0;0.9544;0.9589;0.9904;1.0149;0.9682;0.9947;115325.0;113640.0;228965.0;0.9854;56005;55516;0.9913
QAT;47588;43487;151403;63041;671887;197389;621073;185730;281470;85558;120036.0;54016.0;0.9138;0.4164;0.2938;0.299;0.304;0.45;1893457.0;629221.0;2522678.0;0.3323;1444363;446160;0.3089
REU;27696;26679;37485;38007;44504;54159;49205;60510;55038;61722;113582.0;131723.0;0.9633;1.0139;1.2169;1.2298;1.1214;1.1597;327510.0;372800.0;700310.0;1.1383;131194;152676;1.1637
ROU;448693;430710;726943;697680;1148029;1090052;1378291;1288830;1569529;1540853;2564189.0;3451257.0;0.9599;0.9597;0.9495;0.9351;0.9817;1.3459;7835674.0;8499382.0;16335056.0;1.0847;3253263;3076562;0.9457
RUS;3226806;3083652;5141393;4940994;9634238;9415474;11837523;12177534;9185667;10192909;16326671.0;26537394.0;0.9556;0.961;0.9773;1.0287;1.1097;1.6254;55352298.0;66347957.0;121700255.0;1.1986;26613154;26534002;0.997
RWA;640060;642627;916683;949765;1003422;1034534;795785;845526;407073;493904;492308.0;663924.0;1.004;1.0361;1.031;1.0625;1.2133;1.3486;4255331.0;4630280.0;8885611.0;1.0881;2715890;2829825;1.042
SAU;970084;941600;1964930;1534132;4956371;2583790;4361412;2042196;2282696;1110996;1604429.0;1032308.0;0.9706;0.7808;0.5213;0.4682;0.4867;0.6434;16139922.0;9245022.0;25384944.0;0.5728;11282713;6160118;0.546
SDN;2272273;2229021;3480427;3441569;3679006;3775064;2267937;2576264;1482297;1776056;1886139.0;1923104.0;0.981;0.9888;1.0261;1.136;1.1982;1.0196;15068079.0;15721078.0;30789157.0;1.0433;9427370;9792897;1.0388
SEN;852326;794676;1262229;1232511;1338050;1351808;929616;935847;612523;613780;710635.0;717174.0;0.9324;0.9765;1.0103;1.0067;1.0021;1.0092;5705379.0;5645796.0;11351175.0;0.9896;3529895;3520166;0.9972
SGP;141869;124895;411559;334535;627993;531217;449802;419947;363469;351839;663871.0;714664.0;0.8804;0.8128;0.8459;0.9336;0.968;1.0765;2658563.0;2477097.0;5135660.0;0.9317;1489354;1285699;0.8633
SHN;106;97;132;132;279;245;234;313;369;407;1195.0;1126.0;0.9151;1.0;0.8781;1.3376;1.103;0.9423;2315.0;2320.0;4635.0;1.0022;645;690;1.0698
SLB;34452;32009;53105;51372;57045;56213;47367;46315;34615;32185;33328.0;32796.0;0.9291;0.9674;0.9854;0.9778;0.9298;0.984;259912.0;250890.0;510802.0;0.9653;157517;153900;0.977
SLE;380851;375645;587314;579997;634064;632605;445473;445431;293162;303939;297143.0;345302.0;0.9863;0.9875;0.9977;0.9999;1.0368;1.1621;2638007.0;2682919.0;5320926.0;1.017;1666851;1658033;0.9947
SLV;232100;217344;442660;420901;562028;559894;334500;423935;266406;375864;388689.0;584258.0;0.9364;0.9508;0.9962;1.2674;1.4109;1.5032;2226383.0;2582196.0;4808579.0;1.1598;1339188;1404730;1.0489
SMR;725;654;1287;1187;1680;1654;1965;2114;2837;2960;6115.0;6674.0;0.9021;0.9223;0.9845;1.0758;1.0434;1.0914;14609.0;15243.0;29852.0;1.0434;4932;4955;1.0047
SOM;835609;813751;1214690;1192940;1163128;1160802;782535;797162;481276;506947;499706.0;585633.0;0.9738;0.9821;0.998;1.0187;1.0533;1.172;4976944.0;5057235.0;10034179.0;1.0161;3160353;3150904;0.997
SPM;161;157;190;153;257;261;363;361;476;490;993.0;1084.0;0.9752;0.8053;1.0156;0.9945;1.0294;1.0916;2440.0;2506.0;4946.0;1.027;810;775;0.9568
SRB;134623;134718;245929;247780;401561;403170;465218;476435;458011;482652;1062303.0;1366939.0;1.0007;1.0075;1.004;1.0241;1.0538;1.2868;2767645.0;3111694.0;5879339.0;1.1243;1112708;1127385;1.0132
SSD;590638;580265;795555;783453;613787;637200;552249;617575;447091;508530;365473.0;466596.0;0.9824;0.9848;1.0381;1.1183;1.1374;1.2767;3364793.0;3593619.0;6958412.0;1.068;1961591;2038228;1.0391
STP;11049;11136;15042;15639;14760;15075;12984;13058;9092;8597;9348.0;10401.0;1.0079;1.0397;1.0213;1.0057;0.9456;1.1126;72275.0;73906.0;146181.0;1.0226;42786;43772;1.023
SUR;22175;21535;39083;38252;47156;45651;43091;40440;36286;35025;47766.0;57215.0;0.9711;0.9787;0.9681;0.9385;0.9652;1.1978;235557.0;238118.0;473675.0;1.0109;129330;124343;0.9614
SVK;114623;108427;195036;185420;365880;350493;452789;430264;411402;400076;732393.0;947249.0;0.9459;0.9507;0.9579;0.9503;0.9725;1.2934;2272123.0;2421929.0;4694052.0;1.0659;1013705;966177;0.9531
SVN;42816;41184;72180;66887;130293;112580;163301;144239;159275;145937;343704.0;399740.0;0.9619;0.9267;0.8641;0.8833;0.9163;1.163;911569.0;910567.0;1822136.0;0.9989;365774;323706;0.885
SWE;252735;238150;432735;389910;743918;703552;688504;653856;666455;646908;1637754.0;1763519.0;0.9423;0.901;0.9457;0.9497;0.9707;1.0768;4422101.0;4395895.0;8817996.0;0.9941;1865157;1747318;0.9368
SWZ;52410;52631;85864;83616;102233;103241;78058;78783;42937;47814;44940.0;64615.0;1.0042;0.9738;1.0099;1.0093;1.1136;1.4378;406442.0;430700.0;837142.0;1.0597;266155;265640;0.9981
SXM;1139;1015;1489;1557;2332;2800;2880;3433;3373;3799;6156.0;6323.0;0.8911;1.0457;1.2007;1.192;1.1263;1.0271;17369.0;18927.0;36296.0;1.0897;6701;7790;1.1625
SYC;3193;3088;6378;5126;13821;8863;13580;8415;9413;7522;11196.0;12060.0;0.9671;0.8037;0.6413;0.6197;0.7991;1.0772;57581.0;45074.0;102655.0;0.7828;33779;22404;0.6633
SYR;1160032;1111960;1879631;1826032;1694325;1628408;1289727;1329056;998491;1077482;1124596.0;1334844.0;0.9586;0.9715;0.9611;1.0305;1.0791;1.187;8146802.0;8307782.0;16454584.0;1.0198;4863683;4783496;0.9835
TCA;939;1107;1758;2073;3462;3392;4451;3891;4075;3501;4964.0;5447.0;1.1789;1.1792;0.9798;0.8742;0.8591;1.0973;19649.0;19411.0;39060.0;0.9879;9671;9356;0.9674
TCD;882377;857438;1225593;1201567;1239958;1235299;790277;806189;539443;563674;470572.0;538711.0;0.9717;0.9804;0.9962;1.0201;1.0449;1.1448;5148220.0;5202878.0;10351098.0;1.0106;3255828;3243055;0.9961
TGO;409647;400516;594566;580262;669154;651661;508407;496571;351009;351139;342769.0;370797.0;0.9777;0.9759;0.9739;0.9767;1.0004;1.0818;2875552.0;2850946.0;5726498.0;0.9914;1772127;1728494;0.9754
THA;1757158;1663696;3340911;3172692;5178832;5082578;5202335;5278752;5201114;5623430;9091750.0;11013013.0;0.9468;0.9496;0.9814;1.0147;1.0812;1.2113;29772100.0;31834161.0;61606261.0;1.0693;13722078;13534022;0.9863
TJK;366431;374618;601238;643566;821891;855507;604421;630729;398216;431711;460444.0;538381.0;1.0223;1.0704;1.0409;1.0435;1.0841;1.1693;3252641.0;3474512.0;6727153.0;1.0682;2027550;2129802;1.0504
TKL;111;79;132;147;181;176;135;148;118;98;175.0;246.0;0.7117;1.1136;0.9724;1.0963;0.8305;1.4057;852.0;894.0;1746.0;1.0493;448;471;1.0513
TKM;223810;207544;381951;368816;654501;642173;487419;495768;367982;429744;340767.0;503004.0;0.9273;0.9656;0.9812;1.0171;1.1678;1.4761;2456430.0;2647049.0;5103479.0;1.0776;1523871;1506757;0.9888
TLS;64254;62811;103088;101237;105988;106756;71304;70510;54562;49923;69029.0;73210.0;0.9775;0.982;1.0072;0.9889;0.915;1.0606;468225.0;464447.0;932672.0;0.9919;280380;278503;0.9933
TON;4740;4728;6413;7063;4974;7079;4680;6352;4579;5247;6402.0;7600.0;0.9975;1.1014;1.4232;1.3573;1.1459;1.1871;31788.0;38069.0;69857.0;1.1976;16067;20494;1.2755
TTO;38582;37082;67710;64656;112798;109047;132133;130608;97821;98204;163890.0;194140.0;0.9611;0.9549;0.9667;0.9885;1.0039;1.1846;612934.0;633737.0;1246671.0;1.0339;312641;304311;0.9734
TUN;364901;340772;577792;551209;901381;918090;893506;965111;736601;773140;1097082.0;1235432.0;0.9339;0.954;1.0185;1.0801;1.0496;1.1261;4571263.0;4783754.0;9355017.0;1.0465;2372679;2434410;1.026
TUR;2580736;2480368;4824093;4625276;6832980;6569772;6677283;6560207;5464876;5435208;8037177.0;9175336.0;0.9611;0.9588;0.9615;0.9825;0.9946;1.1416;34417145.0;34846167.0;69263312.0;1.0125;18334356;17755255;0.9684
TUV;379;338;603;568;787;705;527;458;531;458;649.0;884.0;0.8918;0.942;0.8958;0.8691;0.8625;1.3621;3476.0;3411.0;6887.0;0.9813;1917;1731;0.903
TWN;421848;385587;897522;827597;1622543;1504849;1850524;1859394;1784295;1835967;3648658.0;4108049.0;0.914;0.9221;0.9275;1.0048;1.029;1.1259;10225390.0;10521443.0;20746833.0;1.029;4370589;4191840;0.9591
TZA;3014888;2987575;4430546;4411759;4666498;4691621;3141193;3328015;2054694;2136439;1814490.0;2408698.0;0.9909;0.9958;1.0054;1.0595;1.0398;1.3275;19122309.0;19964107.0;39086416.0;1.044;12238237;12431395;1.0158
UGA;2334747;2337040;3488999;3519191;3583598;3646808;2017502;2084653;1227804;1309586;1074353.0;1393228.0;1.001;1.0087;1.0176;1.0333;1.0666;1.2968;13727003.0;14290506.0;28017509.0;1.0411;9090099;9250652;1.0177
UKR;836722;791516;1224560;1165308;2514265;2398878;3162226;3130255;2481952;2787980;4850601.0;7593491.0;0.946;0.9516;0.9541;0.9899;1.1233;1.5655;15070326.0;17867428.0;32937754.0;1.1856;6901051;6694441;0.9701
URY;96201;91839;174198;167062;252581;244370;219333;218279;210243;215035;386492.0;519692.0;0.9547;0.959;0.9675;0.9952;1.0228;1.3446;1339048.0;1456277.0;2795325.0;1.0875;646112;629711;0.9746
USA;9350283;8800293;16146165;15123737;24492011;22866239;23743205;22382303;21200149;20376604;48327159.0;53428524.0;0.9412;0.9367;0.9336;0.9427;0.9612;1.1056;143258972.0;142977700.0;286236672.0;0.998;64381381;60372279;0.9377
UZB;1142490;1081880;1800870;1715095;3083770;2940262;2548626;2456831;1778458;1774077;2141165.0;2593662.0;0.9469;0.9524;0.9535;0.964;0.9975;1.2113;12495379.0;12561807.0;25057186.0;1.0053;7433266;7112188;0.9568
VAT;5;4;14;7;20;20;30;28;30;30;126.0;158.0;0.8;0.5;1.0;0.9333;1.0;1.254;225.0;247.0;472.0;1.0978;64;55;0.8594
VCT;3082;2898;5388;4924;7357;6898;6851;6825;6791;6205;11962.0;11913.0;0.9403;0.9139;0.9376;0.9962;0.9137;0.9959;41431.0;39663.0;81094.0;0.9573;19596;18647;0.9516
VEN;1137891;1079289;1661564;1544959;1827317;1785935;1777239;1871931;1604636;1720486;2405964.0;2912386.0;0.9485;0.9298;0.9774;1.0533;1.0722;1.2105;10414611.0;10914986.0;21329597.0;1.048;5266120;5202825;0.988
VGB;1078;1036;1592;1713;2720;3296;3454;4197;2900;3328;3703.0;4198.0;0.961;1.076;1.2118;1.2151;1.1476;1.1337;15447.0;17768.0;33215.0;1.1503;7766;9206;1.1854
VIR;2066;2057;3254;3184;4221;4596;4754;5098;5509;5800;14556.0;17808.0;0.9956;0.9785;1.0888;1.0724;1.0528;1.2234;34360.0;38543.0;72903.0;1.1217;12229;12878;1.0531
VNM;2964000;2898026;4538596;4486032;8056975;8007852;7862886;7898835;6131642;6372132;7970867.0;10587488.0;0.9777;0.9884;0.9939;1.0046;1.0392;1.3283;37524966.0;40250365.0;77775331.0;1.0726;20458457;20392719;0.9968
VUT;13015;12338;18089;18241;23300;25484;17264;18039;13480;11391;15097.0;15080.0;0.948;1.0084;1.0937;1.0449;0.845;0.9989;100245.0;100573.0;200818.0;1.0033;58653;61764;1.053
WLF;425;400;550;560;500;646;601;779;831;940;1380.0;1536.0;0.9412;1.0182;1.292;1.2962;1.1312;1.113;4287.0;4861.0;9148.0;1.1339;1651;1985;1.2023
WSM;9265;8775;12208;11505;12692;14048;10398;11182;10171;9472;13363.0;14020.0;0.9471;0.9424;1.1068;1.0754;0.9313;1.0492;68097.0;69002.0;137099.0;1.0133;35298;36735;1.0407
XKX;58165;56999;106349;104197;135063;130516;117191;119241;99338;115687;148045.0;179391.0;0.98;0.9798;0.9663;1.0175;1.1646;1.2117;664151.0;706031.0;1370182.0;1.0631;358603;353954;0.987
YEM;1714671;1639279;2586457;2490270;3111722;3045144;2170795;2114937;1230666;1221752;1076023.0;1249671.0;0.956;0.9628;0.9786;0.9743;0.9928;1.1614;11890334.0;11761053.0;23651387.0;0.9891;7868974;7650351;0.9722
ZAF;2151222;2131195;3618553;3544804;5620988;5721970;4820613;4853464;2993117;3268926;3612464.0;5091821.0;0.9907;0.9796;1.018;1.0068;1.0921;1.4095;22816957.0;24612180.0;47429137.0;1.0787;14060154;14120238;1.0043
ZMB;959946;966988;1377240;1398576;1512010;1531871;1096960;1093913;648434;678297;456506.0;590002.0;1.0073;1.0155;1.0131;0.9972;1.0461;1.2924;6051096.0;6259647.0;12310743.0;1.0345;3986210;4024360;1.0096
ZWE;756964;755345;1088610;1136099;915469;1089789;903580;1121027;399230;600843;465335.0;648332.0;0.9979;1.0436;1.1904;1.2407;1.505;1.3933;4529188.0;5351435.0;9880623.0;1.1815;2907659;3346915;1.1511
