level;iso2;iso3;name;age_13_17_women;age_13_17_men;age_18_24_women;age_18_24_men;age_25_34_women;age_25_34_men;age_35_44_women;age_35_44_men;age_45_54_women;age_45_54_men;age_55_100_women;age_55_100_men;age_13_17_ratio;age_18_24_ratio;age_25_34_ratio;age_35_44_ratio;age_45_54_ratio;age_55_100_ratio;total_men;total_women;total_all;total_ratio;total_18_44_men;total_18_44_women;total_18_44_ratio
country;AD;AND;Andorra;500.0;500.0;5000.0;5000.0;10500.0;12000.0;4000.0;4000.0;4000.0;3500.0;2500.0;2500.0;1.0;1.0;0.875;1.0;1.1429;1.0;27500.0;26500.0;54000.0;0.9636;21000.0;19500.0;0.9286
country;AE;ARE;United Arab Emirates;500.0;500.0;815000.0;1495000.0;2203000.0;4662500.0;861500.0;1850500.0;327000.0;606000.0;215000.0;326500.0;1.0;0.5452;0.4725;0.4655;0.5396;0.6585;8941000.0;4422000.0;13363000.0;0.4946;8008000.0;3879500.0;0.4845
country;AG;ATG;Antigua & Barbuda;500.0;500.0;5000.0;5000.0;11500.0;16000.0;5000.0;4000.0;3000.0;3000.0;2500.0;2500.0;1.0;1.0;0.7188;1.25;1.0;1.0;31000.0;27500.0;58500.0;0.8871;25000.0;21500.0;0.86
country;AI;AIA;Anguilla;500.0;500.0;3000.0;2500.0;4500.0;4000.0;500.0;1500.0;500.0;500.0;500.0;500.0;1.0;1.2;1.125;0.3333;1.0;1.0;9500.0;9500.0;19000.0;1.0;8000.0;8000.0;1.0
country;AL;ALB;Albania;500.0;500.0;163500.0;159500.0;281500.0;375000.0;78000.0;120500.0;41500.0;58500.0;52000.0;57500.0;1.0;1.0251;0.7507;0.6473;0.7094;0.9043;771500.0;617000.0;1388500.0;0.7997;655000.0;523000.0;0.7985
country;AO;AGO;Angola;500.0;500.0;622000.0;745000.0;838500.0;1159000.0;319500.0;499500.0;116000.0;152000.0;88500.0;86000.0;1.0;0.8349;0.7235;0.6396;0.7632;1.0291;2642000.0;1985000.0;4627000.0;0.7513;2403500.0;1780000.0;0.7406
country;AR;ARG;Argentina;500.0;500.0;3665000.0;3286000.0;6506000.0;7461500.0;2362000.0;2546000.0;1524000.0;1541500.0;1452000.0;1209500.0;1.0;1.1153;0.8719;0.9277;0.9886;1.2005;16045000.0;15509500.0;31554500.0;0.9666;13293500.0;12533000.0;0.9428
country;AT;AUT;Austria;500.0;500.0;402500.0;218000.0;587000.0;347000.0;294000.0;160500.0;228500.0;114000.0;167000.0;81500.0;1.0;1.8463;1.6916;1.8318;2.0044;2.0491;921500.0;1679500.0;2601000.0;1.8226;725500.0;1283500.0;1.7691
country;AU;AUS;Australia;500.0;500.0;1527500.0;1298500.0;2483500.0;2969500.0;735000.0;827000.0;414000.0;438000.0;336000.0;344000.0;1.0;1.1764;0.8363;0.8888;0.9452;0.9767;5877500.0;5496500.0;11374000.0;0.9352;5095000.0;4746000.0;0.9315
country;AW;ABW;Aruba;500.0;500.0;8500.0;8500.0;17000.0;22500.0;7000.0;8500.0;4000.0;5000.0;6000.0;5000.0;1.0;1.0;0.7556;0.8235;0.8;1.2;50000.0;43000.0;93000.0;0.86;39500.0;32500.0;0.8228
country;AZ;AZE;Azerbaijan;500.0;500.0;813000.0;833000.0;1333500.0;1897500.0;589500.0;949500.0;306000.0;483000.0;437500.0;475000.0;1.0;0.976;0.7028;0.6209;0.6335;0.9211;4638500.0;3480000.0;8118500.0;0.7502;3680000.0;2736000.0;0.7435
country;BA;BIH;Bosnia and Herzegovina;500.0;500.0;133000.0;133500.0;227500.0;302500.0;67000.0;101500.0;40500.0;59500.0;35000.0;43500.0;1.0;0.9963;0.7521;0.6601;0.6807;0.8046;641000.0;503500.0;1144500.0;0.7855;537500.0;427500.0;0.7953
country;BB;BRB;Barbados;500.0;500.0;15000.0;11500.0;27500.0;30500.0;9500.0;8500.0;6000.0;7000.0;6000.0;5500.0;1.0;1.3043;0.9016;1.1176;0.8571;1.0909;63500.0;64500.0;128000.0;1.0157;50500.0;52000.0;1.0297
country;BD;BGD;Bangladesh;500.0;500.0;7005000.0;16545000.0;8388500.0;20615000.0;1557500.0;3869000.0;470500.0;1092000.0;642500.0;1550500.0;1.0;0.4234;0.4069;0.4026;0.4309;0.4144;43672000.0;18064500.0;61736500.0;0.4136;41029000.0;16951000.0;0.4131
country;BE;BEL;Belgium;500.0;500.0;666500.0;390500.0;874000.0;519000.0;535000.0;283000.0;371500.0;192500.0;258000.0;124000.0;1.0;1.7068;1.684;1.8905;1.9299;2.0806;1509500.0;2705500.0;4215000.0;1.7923;1192500.0;2075500.0;1.7405
country;BG;BGR;Bulgaria;500.0;500.0;347500.0;188500.0;568000.0;319500.0;349000.0;198500.0;266000.0;149500.0;258000.0;128500.0;1.0;1.8435;1.7778;1.7582;1.7793;2.0078;985000.0;1789000.0;2774000.0;1.8162;706500.0;1264500.0;1.7898
country;BH;BHR;Bahrain;500.0;500.0;108000.0;147000.0;236500.0;406000.0;96500.0;170000.0;44000.0;68500.0;35000.0;43000.0;1.0;0.7347;0.5825;0.5676;0.6423;0.814;835000.0;520500.0;1355500.0;0.6234;723000.0;441000.0;0.61
country;BL;BLM;Saint Barthélemy;500.0;500.0;500.0;500.0;500.0;500.0;500.0;500.0;500.0;500.0;500.0;500.0;1.0;1.0;1.0;1.0;1.0;1.0;3000.0;3000.0;6000.0;1.0;1500.0;1500.0;1.0
country;BM;BMU;Bermuda;500.0;500.0;2000.0;1500.0;4500.0;5000.0;2000.0;1500.0;1500.0;500.0;1500.0;1500.0;1.0;1.3333;0.9;1.3333;3.0;1.0;10500.0;12000.0;22500.0;1.1429;8000.0;8500.0;1.0625
country;BO;BOL;Bolivia (Plurinational State of);500.0;500.0;1287000.0;1335000.0;1948500.0;2423500.0;777500.0;865000.0;414000.0;417000.0;430500.0;345000.0;1.0;0.964;0.804;0.8988;0.9928;1.2478;5386000.0;4858000.0;10244000.0;0.902;4623500.0;4013000.0;0.868
country;BQ;BES;Caribbean Netherlands;500.0;500.0;6000.0;7000.0;15000.0;21500.0;6000.0;8500.0;6000.0;6000.0;9000.0;8000.0;1.0;0.8571;0.6977;0.7059;1.0;1.125;51500.0;42500.0;94000.0;0.8252;37000.0;27000.0;0.7297
country;BR;BRA;Brazil;500.0;500.0;14420500.0;13209500.0;24586500.0;31836000.0;11167000.0;13176000.0;8062500.0;8958000.0;9192000.0;9095000.0;1.0;1.0917;0.7723;0.8475;0.9;1.0107;76275000.0;67429000.0;143704000.0;0.884;58221500.0;50174000.0;0.8618
country;BS;BHS;The Bahamas;500.0;500.0;27500.0;26000.0;62000.0;74000.0;25000.0;26500.0;15500.0;14000.0;16500.0;11500.0;1.0;1.0577;0.8378;0.9434;1.1071;1.4348;152500.0;147000.0;299500.0;0.9639;126500.0;114500.0;0.9051
country;BY;BLR;Belarus;500.0;500.0;1186500.0;1178500.0;1631500.0;2176000.0;594500.0;707500.0;397000.0;393000.0;517000.0;384000.0;1.0;1.0068;0.7498;0.8403;1.0102;1.3464;4839500.0;4327000.0;9166500.0;0.8941;4062000.0;3412500.0;0.8401
country;BZ;BLZ;Belize;500.0;500.0;34000.0;34000.0;49500.0;63000.0;20500.0;19500.0;8000.0;7500.0;7000.0;6000.0;1.0;1.0;0.7857;1.0513;1.0667;1.1667;130500.0;119500.0;250000.0;0.9157;116500.0;104000.0;0.8927
country;CA;CAN;Canada;500.0;500.0;1916000.0;1699500.0;3550500.0;4319500.0;1190500.0;1337500.0;759000.0;822500.0;685000.0;674000.0;1.0;1.1274;0.822;0.8901;0.9228;1.0163;8853500.0;8101500.0;16955000.0;0.9151;7356500.0;6657000.0;0.9049
country;CD;COD;Congo (Democratic Republic of the);500.0;500.0;1410500.0;1935000.0;2111500.0;3331500.0;768500.0;1227000.0;320500.0;407500.0;313000.0;297000.0;1.0;0.7289;0.6338;0.6263;0.7865;1.0539;7198500.0;4924500.0;12123000.0;0.6841;6493500.0;4290500.0;0.6607
country;CH;CHE;Switzerland;500.0;500.0;369500.0;212500.0;526500.0;306000.0;309000.0;171500.0;259500.0;133000.0;153000.0;80500.0;1.0;1.7388;1.7206;1.8017;1.9511;1.9006;904000.0;1618000.0;2522000.0;1.7898;690000.0;1205000.0;1.7464
country;CL;CHL;Chile;500.0;500.0;1573000.0;1426500.0;3448500.0;4077000.0;1357500.0;1516500.0;891500.0;895000.0;1068500.0;874500.0;1.0;1.1027;0.8458;0.8952;0.9961;1.2218;8790000.0;8339500.0;17129500.0;0.9487;7020000.0;6379000.0;0.9087
country;CO;COL;Colombia;500.0;500.0;4563000.0;4513000.0;8494000.0;10429500.0;3126000.0;3523000.0;1808500.0;1823000.0;1978500.0;1632500.0;1.0;1.0111;0.8144;0.8873;0.992;1.2119;21921500.0;19970500.0;41892000.0;0.911;18465500.0;16183000.0;0.8764
country;CR;CRI;Costa Rica;500.0;500.0;429500.0;397000.0;861500.0;1038500.0;364000.0;399500.0;215000.0;213000.0;230500.0;188000.0;1.0;1.0819;0.8296;0.9111;1.0094;1.2261;2236500.0;2101000.0;4337500.0;0.9394;1835000.0;1655000.0;0.9019
country;CU;CUB;Cuba;500.0;500.0;500.0;500.0;500.0;500.0;500.0;500.0;500.0;500.0;500.0;500.0;1.0;1.0;1.0;1.0;1.0;1.0;3000.0;3000.0;6000.0;1.0;1500.0;1500.0;1.0
country;CV;CPV;Cabo Verde;500.0;500.0;19500.0;24000.0;27500.0;48500.0;8500.0;11000.0;2500.0;4000.0;2500.0;2000.0;1.0;0.8125;0.567;0.7727;0.625;1.25;90000.0;61000.0;151000.0;0.6778;83500.0;55500.0;0.6647
country;CW;CUW;Curaçao;500.0;500.0;4000.0;4000.0;9000.0;10500.0;2000.0;2000.0;1500.0;1500.0;1500.0;1500.0;1.0;1.0;0.8571;1.0;1.0;1.0;20000.0;18500.0;38500.0;0.925;16500.0;15000.0;0.9091
country;CZ;CZE;Czechia;500.0;500.0;441500.0;226000.0;529500.0;299500.0;217500.0;116500.0;165000.0;85500.0;114000.0;56000.0;1.0;1.9535;1.7679;1.867;1.9298;2.0357;784000.0;1468000.0;2252000.0;1.8724;642000.0;1188500.0;1.8512
country;DE;DEU;Germany;500.0;500.0;3149000.0;2032500.0;4623000.0;3100500.0;3316000.0;1738000.0;2302500.0;1129000.0;1977000.0;887000.0;1.0;1.5493;1.491;1.9079;2.0394;2.2289;8887500.0;15368000.0;24255500.0;1.7292;6871000.0;11088000.0;1.6137
country;DJ;DJI;Djibouti;500.0;500.0;24000.0;46500.0;43500.0;93500.0;10000.0;26000.0;4000.0;7500.0;4000.0;7000.0;1.0;0.5161;0.4652;0.3846;0.5333;0.5714;181000.0;86000.0;267000.0;0.4751;166000.0;77500.0;0.4669
country;DK;DNK;Denmark;500.0;500.0;318000.0;183000.0;362500.0;214500.0;143500.0;76000.0;102500.0;50500.0;57000.0;28500.0;1.0;1.7377;1.69;1.8882;2.0297;2.0;553000.0;984000.0;1537000.0;1.7794;473500.0;824000.0;1.7402
country;DM;DMA;Dominica;500.0;500.0;4000.0;3000.0;7000.0;6500.0;2000.0;3000.0;1500.0;1500.0;1500.0;500.0;1.0;1.3333;1.0769;0.6667;1.0;3.0;15000.0;16500.0;31500.0;1.1;12500.0;13000.0;1.04
country;DO;DOM;Dominican Republic;500.0;500.0;969000.0;1046000.0;1716000.0;2164000.0;586000.0;720500.0;305000.0;325000.0;311500.0;279500.0;1.0;0.9264;0.793;0.8133;0.9385;1.1145;4535500.0;3888000.0;8423500.0;0.8572;3930500.0;3271000.0;0.8322
country;DZ;DZA;Algeria;500.0;500.0;2672500.0;3663000.0;4424000.0;7595500.0;1425000.0;2768500.0;613500.0;1044000.0;610500.0;832000.0;1.0;0.7296;0.5825;0.5147;0.5876;0.7338;15903500.0;9746000.0;25649500.0;0.6128;14027000.0;8521500.0;0.6075
country;EC;ECU;Ecuador;500.0;500.0;1997500.0;1978500.0;3138500.0;3599500.0;1317500.0;1438000.0;791500.0;764000.0;855000.0;671500.0;1.0;1.0096;0.8719;0.9162;1.036;1.2733;8452000.0;8100500.0;16552500.0;0.9584;7016000.0;6453500.0;0.9198
country;EE;EST;Estonia;500.0;500.0;67000.0;36000.0;87000.0;50500.0;67000.0;33500.0;28500.0;16000.0;31500.0;15000.0;1.0;1.8611;1.7228;2.0;1.7812;2.1;151500.0;281500.0;433000.0;1.8581;120000.0;221000.0;1.8417
country;EG;EGY;Egypt;500.0;500.0;6416000.0;9645000.0;9023000.0;15946000.0;2524000.0;4548500.0;1041500.0;1651500.0;1013000.0;1404000.0;1.0;0.6652;0.5658;0.5549;0.6306;0.7215;33195500.0;20018000.0;53213500.0;0.603;30139500.0;17963000.0;0.596
country;ER;ERI;Eritrea;500.0;500.0;1500.0;2000.0;2500.0;6500.0;500.0;500.0;500.0;500.0;500.0;500.0;1.0;0.75;0.3846;1.0;1.0;1.0;10500.0;6000.0;16500.0;0.5714;9000.0;4500.0;0.5
country;ES;ESP;Spain;500.0;500.0;2014000.0;1624000.0;2643000.0;2321500.0;3006500.0;1461500.0;3224500.0;1455000.0;2732500.0;1147000.0;1.0;1.2401;1.1385;2.0571;2.2162;2.3823;8009500.0;13621000.0;21630500.0;1.7006;5407000.0;7663500.0;1.4173
country;FI;FIN;Finland;500.0;500.0;280500.0;167000.0;377000.0;235000.0;178500.0;95000.0;121500.0;60500.0;109500.0;52500.0;1.0;1.6796;1.6043;1.8789;2.0083;2.0857;610500.0;1067500.0;1678000.0;1.7486;497000.0;836000.0;1.6821
country;FO;FRO;Faroe Islands;500.0;500.0;2500.0;2500.0;3000.0;3500.0;500.0;500.0;500.0;500.0;500.0;500.0;1.0;1.0;0.8571;1.0;1.0;1.0;8000.0;7500.0;15500.0;0.9375;6500.0;6000.0;0.9231
country;FR;FRA;France;500.0;500.0;3081500.0;2418500.0;3755000.0;3177000.0;3598500.0;1714000.0;2514000.0;1131500.0;1897000.0;786000.0;1.0;1.2741;1.1819;2.0995;2.2218;2.4135;9227500.0;14846500.0;24074000.0;1.6089;7309500.0;10435000.0;1.4276
country;GB;GBR;United Kingdom;500.0;500.0;3233000.0;2649000.0;4561500.0;3436500.0;4272500.0;1964000.0;3020500.0;1183000.0;2258000.0;868000.0;1.0;1.2205;1.3274;2.1754;2.5533;2.6014;10101000.0;17346000.0;27447000.0;1.7173;8049500.0;12067000.0;1.4991
country;GD;GRD;Grenada;500.0;500.0;6000.0;5500.0;10500.0;13000.0;4000.0;4000.0;1500.0;1500.0;1500.0;1500.0;1.0;1.0909;0.8077;1.0;1.0;1.0;26000.0;24000.0;50000.0;0.9231;22500.0;20500.0;0.9111
country;GE;GEO;Georgia;500.0;500.0;277500.0;295000.0;559000.0;693000.0;200500.0;268000.0;115000.0;144000.0;142000.0;133000.0;1.0;0.9407;0.8066;0.7481;0.7986;1.0677;1533500.0;1294500.0;2828000.0;0.8441;1256000.0;1037000.0;0.8256
country;GF;GUF;French Guiana;500.0;500.0;8500.0;5000.0;8500.0;5000.0;7500.0;4000.0;2500.0;1500.0;500.0;500.0;1.0;1.7;1.7;1.875;1.6667;1.0;16500.0;28000.0;44500.0;1.697;14000.0;24500.0;1.75
country;GG;GGY;Guernsey;500.0;500.0;1500.0;500.0;1500.0;2000.0;500.0;500.0;500.0;500.0;500.0;500.0;1.0;3.0;0.75;1.0;1.0;1.0;4500.0;5000.0;9500.0;1.1111;3000.0;3500.0;1.1667
country;GI;GIB;Gibraltar;500.0;500.0;2500.0;1500.0;4000.0;5000.0;1500.0;1500.0;1500.0;500.0;500.0;500.0;1.0;1.6667;0.8;1.0;3.0;1.0;9500.0;10500.0;20000.0;1.1053;8000.0;8000.0;1.0
country;GL;GRL;Greenland;500.0;500.0;4000.0;5000.0;7000.0;7500.0;3000.0;4000.0;1500.0;2000.0;2000.0;2500.0;1.0;0.8;0.9333;0.75;0.75;0.8;21500.0;18000.0;39500.0;0.8372;16500.0;14000.0;0.8485
country;GN;GIN;Guinea;500.0;500.0;442000.0;771500.0;667000.0;1223000.0;171500.0;317500.0;51500.0;72000.0;51000.0;59500.0;1.0;0.5729;0.5454;0.5402;0.7153;0.8571;2444000.0;1383500.0;3827500.0;0.5661;2312000.0;1280500.0;0.5538
country;GP;GLP;Guadeloupe;500.0;500.0;39500.0;22000.0;53000.0;30500.0;45000.0;24000.0;31000.0;17000.0;66500.0;34000.0;1.0;1.7955;1.7377;1.875;1.8235;1.9559;128000.0;235500.0;363500.0;1.8398;76500.0;137500.0;1.7974
country;GQ;GNQ;Equatorial Guinea;500.0;500.0;27500.0;29500.0;49500.0;78500.0;19000.0;30500.0;7500.0;9500.0;5000.0;4000.0;1.0;0.9322;0.6306;0.623;0.7895;1.25;152500.0;109000.0;261500.0;0.7148;138500.0;96000.0;0.6931
country;GR;GRC;Greece;500.0;500.0;465000.0;276000.0;839000.0;503500.0;599000.0;330500.0;514000.0;285000.0;476000.0;248500.0;1.0;1.6848;1.6663;1.8124;1.8035;1.9155;1644000.0;2893500.0;4537500.0;1.76;1110000.0;1903000.0;1.7144
country;GT;GTM;Guatemala;500.0;500.0;1798500.0;1946000.0;2637000.0;3197000.0;863000.0;1021000.0;429500.0;442500.0;421500.0;376000.0;1.0;0.9242;0.8248;0.8452;0.9706;1.121;6983000.0;6150000.0;13133000.0;0.8807;6164000.0;5298500.0;0.8596
country;GW;GNB;Guinea-Bissau;500.0;500.0;74000.0;125500.0;108500.0;208000.0;27500.0;61500.0;9500.0;16000.0;8500.0;12000.0;1.0;0.5896;0.5216;0.4472;0.5938;0.7083;423500.0;228500.0;652000.0;0.5396;395000.0;210000.0;0.5316
country;HK;HKG;Hong Kong;500.0;500.0;17000.0;14000.0;54000.0;54000.0;36000.0;19500.0;9000.0;6000.0;3500.0;3000.0;1.0;1.2143;1.0;1.8462;1.5;1.1667;97000.0;120000.0;217000.0;1.2371;87500.0;107000.0;1.2229
country;HN;HND;Honduras;500.0;500.0;725000.0;787000.0;1149500.0;1373000.0;422000.0;489500.0;226000.0;226500.0;228000.0;183500.0;1.0;0.9212;0.8372;0.8621;0.9978;1.2425;3060000.0;2751000.0;5811000.0;0.899;2649500.0;2296500.0;0.8668
country;HR;HRV;Croatia;500.0;500.0;168000.0;93000.0;292500.0;164000.0;154000.0;77000.0;107500.0;55000.0;100500.0;49500.0;1.0;1.8065;1.7835;2.0;1.9545;2.0303;439000.0;823000.0;1262000.0;1.8747;334000.0;614500.0;1.8398
country;HT;HTI;Haiti;500.0;500.0;426000.0;515000.0;587000.0;806000.0;190500.0;254000.0;71500.0;88000.0;64500.0;70500.0;1.0;0.8272;0.7283;0.75;0.8125;0.9149;1734000.0;1340000.0;3074000.0;0.7728;1575000.0;1203500.0;0.7641
country;HU;HUN;Hungary;500.0;500.0;441500.0;240500.0;747000.0;442500.0;361000.0;213000.0;482000.0;236000.0;272500.0;129500.0;1.0;1.8358;1.6881;1.6948;2.0424;2.1042;1262000.0;2304500.0;3566500.0;1.8261;896000.0;1549500.0;1.7294
country;ID;IDN;Indonesia;500.0;500.0;34615500.0;22515000.0;58250500.0;41742500.0;20652500.0;15725000.0;9387000.0;6573500.0;7373000.0;4607000.0;1.0;1.5374;1.3955;1.3134;1.428;1.6004;91163500.0;130279000.0;221442500.0;1.4291;79982500.0;113518500.0;1.4193
country;IE;IRL;Ireland;500.0;500.0;446500.0;231500.0;540500.0;299000.0;322500.0;147000.0;290500.0;128500.0;188500.0;81500.0;1.0;1.9287;1.8077;2.1939;2.2607;2.3129;888000.0;1789000.0;2677000.0;2.0146;677500.0;1309500.0;1.9328
country;IL;ISR;Israel;500.0;500.0;552000.0;584000.0;782500.0;1020500.0;290000.0;394000.0;180500.0;228000.0;216000.0;223000.0;1.0;0.9452;0.7668;0.736;0.7917;0.9686;2450000.0;2021500.0;4471500.0;0.8251;1998500.0;1624500.0;0.8129
country;IM;IMN;Isle of Man;500.0;500.0;1500.0;1500.0;2500.0;3000.0;500.0;500.0;500.0;500.0;500.0;500.0;1.0;1.0;0.8333;1.0;1.0;1.0;6500.0;6000.0;12500.0;0.9231;5000.0;4500.0;0.9
country;IN;IND;India;500.0;500.0;500.0;500.0;500.0;500.0;500.0;500.0;500.0;500.0;500.0;500.0;1.0;1.0;1.0;1.0;1.0;1.0;3000.0;3000.0;6000.0;1.0;1500.0;1500.0;1.0
country;IQ;IRQ;Iraq;500.0;500.0;4309500.0;6765000.0;6871500.0;12226000.0;1833500.0;3819500.0;815500.0;1609500.0;937000.0;1563000.0;1.0;0.637;0.562;0.48;0.5067;0.5995;25983500.0;14767500.0;40751000.0;0.5683;22810500.0;13014500.0;0.5705
country;IS;ISL;Iceland;500.0;500.0;26000.0;15500.0;37000.0;21500.0;31500.0;13000.0;10500.0;5000.0;5500.0;2500.0;1.0;1.6774;1.7209;2.4231;2.1;2.2;58000.0;111000.0;169000.0;1.9138;50000.0;94500.0;1.89
country;IT;ITA;Italy;500.0;500.0;2338000.0;1929500.0;2929500.0;2332500.0;2641500.0;1378000.0;2706000.0;1354000.0;3252000.0;1514000.0;1.0;1.2117;1.2559;1.9169;1.9985;2.148;8508500.0;13867500.0;22376000.0;1.6298;5640000.0;7909000.0;1.4023
country;JE;JEY;Jersey;500.0;500.0;2000.0;1500.0;2500.0;4000.0;500.0;500.0;500.0;500.0;500.0;500.0;1.0;1.3333;0.625;1.0;1.0;1.0;7500.0;6500.0;14000.0;0.8667;6000.0;5000.0;0.8333
country;JM;JAM;Jamaica;500.0;500.0;347000.0;363000.0;586500.0;709500.0;247500.0;292000.0;138000.0;141500.0;141500.0;110500.0;1.0;0.9559;0.8266;0.8476;0.9753;1.2805;1617000.0;1461000.0;3078000.0;0.9035;1364500.0;1181000.0;0.8655
country;JO;JOR;Jordan;500.0;500.0;260500.0;334000.0;417500.0;656500.0;134500.0;221000.0;57000.0;89000.0;46000.0;63000.0;1.0;0.7799;0.6359;0.6086;0.6404;0.7302;1364000.0;916000.0;2280000.0;0.6716;1211500.0;812500.0;0.6707
country;JP;JPN;Japan;500.0;500.0;4839500.0;3492500.0;7283000.0;6408500.0;7236000.0;4054500.0;3451000.0;2913500.0;2872000.0;1948500.0;1.0;1.3857;1.1365;1.7847;1.1845;1.474;18818000.0;25682000.0;44500000.0;1.3648;13955500.0;19358500.0;1.3872
country;KE;KEN;Kenya;500.0;500.0;2770000.0;3776000.0;3633000.0;5806000.0;1270000.0;2002000.0;501000.0;663000.0;397500.0;399500.0;1.0;0.7336;0.6257;0.6344;0.7557;0.995;12647000.0;8572000.0;21219000.0;0.6778;11584000.0;7673000.0;0.6624
country;KH;KHM;Cambodia;500.0;500.0;1786000.0;2459500.0;2709500.0;3597000.0;700000.0;1069500.0;198500.0;278000.0;245500.0;321500.0;1.0;0.7262;0.7533;0.6545;0.714;0.7636;7726000.0;5640000.0;13366000.0;0.73;7126000.0;5195500.0;0.7291
country;KM;COM;Comoros;500.0;500.0;25000.0;36000.0;45000.0;73000.0;12500.0;23000.0;6000.0;6500.0;5000.0;5000.0;1.0;0.6944;0.6164;0.5435;0.9231;1.0;144000.0;94000.0;238000.0;0.6528;132000.0;82500.0;0.625
country;KN;KNA;St. Kitts & Nevis;500.0;500.0;4000.0;3500.0;7000.0;6500.0;2500.0;2500.0;2000.0;1500.0;1500.0;1500.0;1.0;1.1429;1.0769;1.0;1.3333;1.0;16000.0;17500.0;33500.0;1.0938;12500.0;13500.0;1.08
country;KR;KOR;Korea;500.0;500.0;1311500.0;890500.0;3402000.0;2472000.0;1268500.0;1271500.0;1130500.0;1130500.0;1341500.0;1088000.0;1.0;1.4728;1.3762;0.9976;1.0;1.233;6853000.0;8454500.0;15307500.0;1.2337;4634000.0;5982000.0;1.2909
country;KW;KWT;Kuwait;500.0;500.0;303500.0;394000.0;843000.0;1424000.0;385000.0;654000.0;170500.0;268000.0;108500.0;148000.0;1.0;0.7703;0.592;0.5887;0.6362;0.7331;2888500.0;1811000.0;4699500.0;0.627;2472000.0;1531500.0;0.6195
country;KY;CYM;Cayman Islands;500.0;500.0;3500.0;3000.0;9500.0;11500.0;4000.0;4000.0;2500.0;2500.0;2000.0;1500.0;1.0;1.1667;0.8261;1.0;1.0;1.3333;23000.0;22000.0;45000.0;0.9565;18500.0;17000.0;0.9189
country;KZ;KAZ;Kazakhstan;500.0;500.0;2327000.0;2269500.0;3208000.0;4144500.0;1270500.0;1676500.0;818500.0;900500.0;944000.0;761500.0;1.0;1.0253;0.774;0.7578;0.9089;1.2397;9753000.0;8568500.0;18321500.0;0.8786;8090500.0;6805500.0;0.8412
country;LB;LBN;Lebanon;500.0;500.0;449500.0;587500.0;831500.0;1220500.0;286000.0;443500.0;151500.0;225500.0;183000.0;215000.0;1.0;0.7651;0.6813;0.6449;0.6718;0.8512;2692500.0;1902000.0;4594500.0;0.7064;2251500.0;1567000.0;0.696
country;LC;LCA;Saint Lucia;500.0;500.0;8500.0;6000.0;15000.0;17000.0;5000.0;4000.0;3000.0;2500.0;3000.0;2000.0;1.0;1.4167;0.8824;1.25;1.2;1.5;32000.0;35000.0;67000.0;1.0938;27000.0;28500.0;1.0556
country;LI;LIE;Liechtenstein;500.0;500.0;500.0;500.0;500.0;500.0;1500.0;500.0;500.0;500.0;500.0;500.0;1.0;1.0;1.0;3.0;1.0;1.0;3000.0;4000.0;7000.0;1.3333;1500.0;2500.0;1.6667
country;LK;LKA;Sri Lanka;500.0;500.0;899000.0;1508500.0;1291000.0;2213000.0;347000.0;633000.0;159500.0;245000.0;115000.0;139500.0;1.0;0.596;0.5834;0.5482;0.651;0.8244;4739500.0;2812000.0;7551500.0;0.5933;4354500.0;2537000.0;0.5826
country;LT;LTU;Lithuania;500.0;500.0;162500.0;82500.0;241500.0;144000.0;131500.0;77000.0;74000.0;42500.0;84000.0;42000.0;1.0;1.9697;1.6771;1.7078;1.7412;2.0;388500.0;694000.0;1082500.0;1.7864;303500.0;535500.0;1.7644
country;LU;LUX;Luxembourg;500.0;500.0;29500.0;17000.0;47000.0;27000.0;34000.0;17000.0;21500.0;11500.0;13500.0;7000.0;1.0;1.7353;1.7407;2.0;1.8696;1.9286;80000.0;146000.0;226000.0;1.825;61000.0;110500.0;1.8115
country;LV;LVA;Latvia;500.0;500.0;102500.0;56000.0;148500.0;87500.0;121000.0;69000.0;86000.0;48500.0;117000.0;55000.0;1.0;1.8304;1.6971;1.7536;1.7732;2.1273;316500.0;575500.0;892000.0;1.8183;212500.0;372000.0;1.7506
country;LY;LBY;Libya;500.0;500.0;685000.0;1103500.0;1060500.0;1921000.0;348000.0;665000.0;151500.0;262500.0;128500.0;211500.0;1.0;0.6208;0.5521;0.5233;0.5771;0.6076;4164000.0;2374000.0;6538000.0;0.5701;3689500.0;2093500.0;0.5674
country;MA;MAR;Morocco;500.0;500.0;1883000.0;1932500.0;3296000.0;4687000.0;1076500.0;1595000.0;569000.0;735000.0;693000.0;637500.0;1.0;0.9744;0.7032;0.6749;0.7741;1.0871;9587500.0;7518000.0;17105500.0;0.7841;8214500.0;6255500.0;0.7615
country;MC;MCO;Monaco;500.0;500.0;3500.0;2000.0;6000.0;5000.0;1500.0;1500.0;500.0;500.0;1500.0;500.0;1.0;1.75;1.2;1.0;1.0;3.0;10000.0;13500.0;23500.0;1.35;8500.0;11000.0;1.2941
country;MD;MDA;Moldova (Republic of);500.0;500.0;199500.0;199500.0;336000.0;437000.0;145000.0;196000.0;99500.0;118000.0;156000.0;135000.0;1.0;1.0;0.7689;0.7398;0.8432;1.1556;1086000.0;936500.0;2022500.0;0.8623;832500.0;680500.0;0.8174
country;ME;MNE;Montenegro;500.0;500.0;45000.0;41500.0;80500.0;105000.0;21500.0;29500.0;14000.0;18500.0;12500.0;15000.0;1.0;1.0843;0.7667;0.7288;0.7568;0.8333;210000.0;174000.0;384000.0;0.8286;176000.0;147000.0;0.8352
country;MF;MAF;Saint Martin (France);500.0;500.0;500.0;500.0;500.0;500.0;500.0;500.0;500.0;500.0;500.0;500.0;1.0;1.0;1.0;1.0;1.0;1.0;3000.0;3000.0;6000.0;1.0;1500.0;1500.0;1.0
country;MK;MKD;Macedonia (the former Yugoslav Republic of);500.0;500.0;91500.0;97500.0;155000.0;198500.0;43000.0;69500.0;25500.0;38500.0;25000.0;29500.0;1.0;0.9385;0.7809;0.6187;0.6623;0.8475;434000.0;340500.0;774500.0;0.7846;365500.0;289500.0;0.7921
country;MM;MMR;Myanmar;500.0;500.0;3599000.0;5336000.0;5313000.0;7946000.0;1536000.0;2380000.0;599500.0;828000.0;727500.0;1073000.0;1.0;0.6745;0.6686;0.6454;0.724;0.678;17563500.0;11775500.0;29339000.0;0.6705;15662000.0;10448000.0;0.6671
country;MO;MAC;Macao;500.0;500.0;9500.0;6000.0;20500.0;18000.0;18500.0;14000.0;9500.0;5000.0;5000.0;4000.0;1.0;1.5833;1.1389;1.3214;1.9;1.25;47500.0;63500.0;111000.0;1.3368;38000.0;48500.0;1.2763
country;MQ;MTQ;Martinique;500.0;500.0;13500.0;7000.0;11000.0;6500.0;6500.0;3000.0;6000.0;2500.0;2000.0;1500.0;1.0;1.9286;1.6923;2.1667;2.4;1.3333;21000.0;39500.0;60500.0;1.881;16500.0;31000.0;1.8788
country;MR;MRT;Mauritania;500.0;500.0;232000.0;433000.0;375000.0;687500.0;77500.0;169000.0;29500.0;53000.0;30500.0;48500.0;1.0;0.5358;0.5455;0.4586;0.5566;0.6289;1391500.0;745000.0;2136500.0;0.5354;1289500.0;684500.0;0.5308
country;MS;MSR;Montserrat;500.0;500.0;500.0;500.0;500.0;500.0;500.0;500.0;500.0;500.0;500.0;500.0;1.0;1.0;1.0;1.0;1.0;1.0;3000.0;3000.0;6000.0;1.0;1500.0;1500.0;1.0
country;MT;MLT;Malta;500.0;500.0;27500.0;15000.0;55500.0;31000.0;37500.0;20500.0;36000.0;17500.0;23000.0;11500.0;1.0;1.8333;1.7903;1.8293;2.0571;2.0;96000.0;180000.0;276000.0;1.875;66500.0;120500.0;1.812
country;MX;MEX;Mexico;500.0;500.0;11839000.0;11037000.0;23515000.0;28602500.0;7668500.0;7950500.0;4576000.0;4228500.0;4094000.0;3282500.0;1.0;1.0727;0.8221;0.9645;1.0822;1.2472;55101500.0;51693000.0;106794500.0;0.9381;47590000.0;43022500.0;0.904
country;MY;MYS;Malaysia;500.0;500.0;3912000.0;3389500.0;7491500.0;6984500.0;3627500.0;3420500.0;1905000.0;1582500.0;1808500.0;1306000.0;1.0;1.1542;1.0726;1.0605;1.2038;1.3848;16683500.0;18745000.0;35428500.0;1.1236;13794500.0;15031000.0;1.0896
country;MZ;MOZ;Mozambique;500.0;500.0;583000.0;693500.0;722500.0;1063000.0;263000.0;389500.0;95000.0;117500.0;66000.0;67000.0;1.0;0.8407;0.6797;0.6752;0.8085;0.9851;2331000.0;1730000.0;4061000.0;0.7422;2146000.0;1568500.0;0.7309
country;NG;NGA;Nigeria;500.0;500.0;6063500.0;8228000.0;9628500.0;16086000.0;3319500.0;5550500.0;1422000.0;2039000.0;1226000.0;1603000.0;1.0;0.7369;0.5986;0.5981;0.6974;0.7648;33507000.0;21660000.0;55167000.0;0.6464;29864500.0;19011500.0;0.6366
country;NI;NIC;Nicaragua;500.0;500.0;585000.0;652000.0;898500.0;1065000.0;367000.0;415000.0;188500.0;187500.0;208000.0;168500.0;1.0;0.8972;0.8437;0.8843;1.0053;1.2344;2488500.0;2247500.0;4736000.0;0.9032;2132000.0;1850500.0;0.868
country;NL;NLD;Netherlands;500.0;500.0;1005000.0;580500.0;1459500.0;837000.0;898000.0;420500.0;523500.0;248500.0;445000.0;204000.0;1.0;1.7313;1.7437;2.1356;2.1066;2.1814;2291000.0;4331500.0;6622500.0;1.8907;1838000.0;3362500.0;1.8294
country;NO;NOR;Norway;500.0;500.0;325500.0;200500.0;360500.0;226000.0;212000.0;110500.0;164000.0;75000.0;88000.0;42000.0;1.0;1.6234;1.5951;1.9186;2.1867;2.0952;654500.0;1150500.0;1805000.0;1.7578;537000.0;898000.0;1.6723
country;NZ;NZL;New Zealand;500.0;500.0;311500.0;265000.0;448000.0;506500.0;148500.0;157000.0;78000.0;77500.0;62000.0;60500.0;1.0;1.1755;0.8845;0.9459;1.0065;1.0248;1067000.0;1048500.0;2115500.0;0.9827;928500.0;908000.0;0.9779
country;OM;OMN;Oman;500.0;500.0;268500.0;366000.0;565000.0;1032500.0;165000.0;340500.0;63500.0;111000.0;48000.0;71500.0;1.0;0.7336;0.5472;0.4846;0.5721;0.6713;1922000.0;1110500.0;3032500.0;0.5778;1739000.0;998500.0;0.5742
country;PA;PAN;Panama;500.0;500.0;368500.0;371500.0;644000.0;778000.0;251500.0;298500.0;158500.0;173500.0;180500.0;147500.0;1.0;0.9919;0.8278;0.8425;0.9135;1.2237;1769500.0;1603500.0;3373000.0;0.9062;1448000.0;1264000.0;0.8729
country;PE;PER;Peru;500.0;500.0;3492500.0;3376500.0;6075000.0;7136000.0;2479000.0;2689500.0;1450000.0;1342500.0;1480500.0;1123000.0;1.0;1.0344;0.8513;0.9217;1.0801;1.3183;15668000.0;14977500.0;30645500.0;0.9559;13202000.0;12046500.0;0.9125
country;PF;PYF;French Polynesia;500.0;500.0;21000.0;21500.0;32500.0;40500.0;15000.0;13500.0;6500.0;7000.0;5000.0;5000.0;1.0;0.9767;0.8025;1.1111;0.9286;1.0;88000.0;80500.0;168500.0;0.9148;75500.0;68500.0;0.9073
country;PH;PHL;Philippines;500.0;500.0;12804000.0;10065000.0;19048500.0;14868500.0;6346000.0;5027500.0;3034000.0;2142500.0;2702500.0;1823500.0;1.0;1.2721;1.2811;1.2623;1.4161;1.482;33927500.0;43935500.0;77863000.0;1.295;29961000.0;38198500.0;1.2749
country;PK;PAK;Pakistan;500.0;500.0;8895000.0;21072000.0;12075000.0;28384000.0;2942000.0;7454000.0;988000.0;2295000.0;1080500.0;2486500.0;1.0;0.4221;0.4254;0.3947;0.4305;0.4345;61692000.0;25981000.0;87673000.0;0.4211;56910000.0;23912000.0;0.4202
country;PL;POL;Poland;500.0;500.0;1693000.0;1056000.0;2571500.0;1815000.0;1853000.0;931500.0;1333500.0;623500.0;813000.0;381500.0;1.0;1.6032;1.4168;1.9893;2.1387;2.1311;4808000.0;8264500.0;13072500.0;1.7189;3802500.0;6117500.0;1.6088
country;PM;SPM;Saint Pierre and Miquelon;500.0;500.0;500.0;500.0;500.0;500.0;500.0;500.0;500.0;500.0;500.0;500.0;1.0;1.0;1.0;1.0;1.0;1.0;3000.0;3000.0;6000.0;1.0;1500.0;1500.0;1.0
country;PR;PRI;Puerto Rico;500.0;500.0;46000.0;29500.0;74000.0;114000.0;64000.0;66500.0;46000.0;42500.0;53000.0;68000.0;1.0;1.5593;0.6491;0.9624;1.0824;0.7794;321000.0;283500.0;604500.0;0.8832;210000.0;184000.0;0.8762
country;PS;PSE;Palestine, State of;500.0;500.0;78500.0;90500.0;112000.0;177000.0;26000.0;43500.0;9500.0;17000.0;10500.0;14000.0;1.0;0.8674;0.6328;0.5977;0.5588;0.75;342500.0;237000.0;579500.0;0.692;311000.0;216500.0;0.6961
country;PT;PRT;Portugal;500.0;500.0;519000.0;282500.0;891500.0;488500.0;564000.0;277500.0;442000.0;206000.0;353000.0;151500.0;1.0;1.8372;1.825;2.0324;2.1456;2.33;1406500.0;2770000.0;4176500.0;1.9694;1048500.0;1974500.0;1.8832
country;PY;PRY;Paraguay;500.0;500.0;583500.0;620500.0;954000.0;1200500.0;371000.0;469500.0;200500.0;231500.0;199500.0;180500.0;1.0;0.9404;0.7947;0.7902;0.8661;1.1053;2703000.0;2309000.0;5012000.0;0.8542;2290500.0;1908500.0;0.8332
country;QA;QAT;Qatar;500.0;500.0;179500.0;369000.0;492000.0;1111000.0;205000.0;455000.0;72000.0;155000.0;47500.0;79500.0;1.0;0.4864;0.4428;0.4505;0.4645;0.5975;2170000.0;996500.0;3166500.0;0.4592;1935000.0;876500.0;0.453
country;RO;ROU;Romania;500.0;500.0;875500.0;545500.0;1155000.0;1066500.0;1161500.0;728000.0;1128500.0;655000.0;1114000.0;595500.0;1.0;1.6049;1.083;1.5955;1.7229;1.8707;3591000.0;5435000.0;9026000.0;1.5135;2340000.0;3192000.0;1.3641
country;RS;SRB;Serbia;500.0;500.0;339500.0;337000.0;645000.0;875500.0;182000.0;265500.0;135000.0;180500.0;118500.0;138500.0;1.0;1.0074;0.7367;0.6855;0.7479;0.8556;1797500.0;1420500.0;3218000.0;0.7903;1478000.0;1166500.0;0.7892
country;RU;RUS;Russia;500.0;500.0;6332500.0;5874000.0;12635000.0;16803500.0;4726000.0;5697500.0;3536500.0;3525000.0;4886500.0;3132000.0;1.0;1.0781;0.7519;0.8295;1.0033;1.5602;35032500.0;32117000.0;67149500.0;0.9168;28375000.0;23693500.0;0.835
country;SA;SAU;Saudi Arabia;500.0;500.0;3439500.0;4709500.0;8087000.0;13267000.0;2519000.0;4551500.0;910500.0;1527500.0;1059500.0;1283000.0;1.0;0.7303;0.6096;0.5534;0.5961;0.8258;25339000.0;16016000.0;41355000.0;0.6321;22528000.0;14045500.0;0.6235
country;SD;SDN;Sudan;500.0;500.0;734000.0;1445000.0;1109500.0;2285500.0;255000.0;618000.0;98000.0;201500.0;89500.0;149500.0;1.0;0.508;0.4855;0.4126;0.4864;0.5987;4700000.0;2286500.0;6986500.0;0.4865;4348500.0;2098500.0;0.4826
country;SE;SWE;Sweden;500.0;500.0;620500.0;364000.0;760500.0;482500.0;458500.0;231500.0;243000.0;122000.0;210500.0;102000.0;1.0;1.7047;1.5762;1.9806;1.9918;2.0637;1302500.0;2293500.0;3596000.0;1.7608;1078000.0;1839500.0;1.7064
country;SG;SGP;Singapore;500.0;500.0;294000.0;265000.0;920500.0;787000.0;447500.0;466000.0;263000.0;247500.0;254000.0;211500.0;1.0;1.1094;1.1696;0.9603;1.0626;1.2009;1977500.0;2179500.0;4157000.0;1.1021;1518000.0;1662000.0;1.0949
country;SI;SVN;Slovenia;500.0;500.0;88000.0;47500.0;122500.0;75000.0;54000.0;34000.0;54500.0;32000.0;39500.0;21500.0;1.0;1.8526;1.6333;1.5882;1.7031;1.8372;210500.0;359000.0;569500.0;1.7055;156500.0;264500.0;1.6901
country;SJ;SJM;Svalbard and Jan Mayen;500.0;500.0;500.0;500.0;500.0;500.0;500.0;500.0;500.0;500.0;500.0;500.0;1.0;1.0;1.0;1.0;1.0;1.0;3000.0;3000.0;6000.0;1.0;1500.0;1500.0;1.0
country;SK;SVK;Slovakia;500.0;500.0;215500.0;108500.0;290500.0;160500.0;137500.0;75000.0;80500.0;45000.0;68500.0;34000.0;1.0;1.9862;1.81;1.8333;1.7889;2.0147;423500.0;793000.0;1216500.0;1.8725;344000.0;643500.0;1.8706
country;SM;SMR;San Marino;500.0;500.0;2000.0;500.0;1500.0;1500.0;500.0;500.0;500.0;500.0;500.0;500.0;1.0;4.0;1.0;1.0;1.0;1.0;4000.0;5500.0;9500.0;1.375;2500.0;4000.0;1.6
country;SO;SOM;Somalia;500.0;500.0;465000.0;733000.0;585000.0;1125000.0;125000.0;274000.0;49000.0;98000.0;112500.0;217000.0;1.0;0.6344;0.52;0.4562;0.5;0.5184;2447500.0;1337000.0;3784500.0;0.5463;2132000.0;1175000.0;0.5511
country;SS;SSD;South Sudan;500.0;500.0;65000.0;135000.0;107500.0;261500.0;21500.0;66000.0;7500.0;17000.0;5000.0;9500.0;1.0;0.4815;0.4111;0.3258;0.4412;0.5263;489500.0;207000.0;696500.0;0.4229;462500.0;194000.0;0.4195
country;ST;STP;Sao Tome and Principe;500.0;500.0;9500.0;13500.0;13000.0;20500.0;3500.0;5000.0;2000.0;2000.0;2000.0;1500.0;1.0;0.7037;0.6341;0.7;1.0;1.3333;43000.0;30500.0;73500.0;0.7093;39000.0;26000.0;0.6667
country;SV;SLV;El Salvador;500.0;500.0;513500.0;530500.0;959500.0;1066000.0;361000.0;390500.0;226500.0;209500.0;237500.0;183000.0;1.0;0.968;0.9001;0.9245;1.0811;1.2978;2380000.0;2298500.0;4678500.0;0.9658;1987000.0;1834000.0;0.923
country;SX;SXM;Sint Maarten (Dutch part);500.0;500.0;1500.0;500.0;2000.0;1500.0;500.0;500.0;500.0;500.0;500.0;500.0;1.0;3.0;1.3333;1.0;1.0;1.0;4000.0;5500.0;9500.0;1.375;2500.0;4000.0;1.6
country;SY;SYR;Syria;500.0;500.0;7000.0;13500.0;8500.0;15000.0;2000.0;3000.0;500.0;1500.0;500.0;1500.0;1.0;0.5185;0.5667;0.6667;0.3333;0.3333;35000.0;19000.0;54000.0;0.5429;31500.0;17500.0;0.5556
country;TC;TCA;Turks and Caicos Islands;500.0;500.0;5000.0;5000.0;10500.0;14000.0;5000.0;6000.0;3000.0;3000.0;2000.0;1500.0;1.0;1.0;0.75;0.8333;1.0;1.3333;30000.0;26000.0;56000.0;0.8667;25000.0;20500.0;0.82
country;TD;TCD;Chad;500.0;500.0;299000.0;620500.0;528000.0;1057000.0;124000.0;269500.0;36500.0;68500.0;39000.0;68000.0;1.0;0.4819;0.4995;0.4601;0.5328;0.5735;2084000.0;1027000.0;3111000.0;0.4928;1947000.0;951000.0;0.4884
country;TF;ATF;French Southern Territories;500.0;500.0;500.0;500.0;500.0;500.0;500.0;500.0;500.0;500.0;500.0;500.0;1.0;1.0;1.0;1.0;1.0;1.0;3000.0;3000.0;6000.0;1.0;1500.0;1500.0;1.0
country;TH;THA;Thailand;500.0;500.0;6019500.0;5337000.0;14835000.0;12248000.0;6993500.0;5716000.0;4268500.0;3048500.0;4575000.0;3066000.0;1.0;1.1279;1.2112;1.2235;1.4002;1.4922;29416000.0;36692000.0;66108000.0;1.2473;23301000.0;27848000.0;1.1951
country;TN;TUN;Tunisia;500.0;500.0;652500.0;767500.0;1077500.0;1516000.0;426500.0;679500.0;205500.0;298500.0;223500.0;247000.0;1.0;0.8502;0.7108;0.6277;0.6884;0.9049;3509000.0;2586000.0;6095000.0;0.737;2963000.0;2156500.0;0.7278
country;TR;TUR;Turkey;500.0;500.0;5658500.0;6443000.0;8744000.0;13674000.0;2229500.0;4214000.0;1267000.0;2431500.0;1171000.0;1755500.0;1.0;0.8782;0.6395;0.5291;0.5211;0.667;28518500.0;19070500.0;47589000.0;0.6687;24331000.0;16632000.0;0.6836
country;TT;TTO;Trinidad and Tobago;500.0;500.0;97000.0;85000.0;181000.0;209500.0;96000.0;103000.0;62000.0;60500.0;72500.0;47500.0;1.0;1.1412;0.864;0.932;1.0248;1.5263;506000.0;509000.0;1015000.0;1.0059;397500.0;374000.0;0.9409
country;TW;TWN;Taiwan;500.0;500.0;724000.0;637500.0;1450500.0;1390500.0;1765000.0;1123000.0;689500.0;586000.0;624000.0;477000.0;1.0;1.1357;1.0431;1.5717;1.1766;1.3082;4214500.0;5253500.0;9468000.0;1.2465;3151000.0;3939500.0;1.2502
country;UA;UKR;Ukraine;500.0;500.0;1885000.0;1735000.0;3612000.0;4390500.0;1621000.0;1921500.0;1181500.0;1218000.0;1565000.0;1185000.0;1.0;1.0865;0.8227;0.8436;0.97;1.3207;10450500.0;9865000.0;20315500.0;0.944;8047000.0;7118000.0;0.8846
country;US;USA;United States;500.0;500.0;14496500.0;10530500.0;18922500.0;21030500.0;18701500.0;19332000.0;12003500.0;13703500.0;13683000.0;20253500.0;1.0;1.3766;0.8998;0.9674;0.8759;0.6756;84850500.0;77807500.0;162658000.0;0.917;50893000.0;52120500.0;1.0241
country;UY;URY;Uruguay;500.0;500.0;253000.0;233000.0;515000.0;620500.0;179500.0;207000.0;130500.0;132500.0;146000.0;137000.0;1.0;1.0858;0.83;0.8671;0.9849;1.0657;1330500.0;1224500.0;2555000.0;0.9203;1060500.0;947500.0;0.8934
country;UZ;UZB;Uzbekistan;500.0;500.0;455000.0;419500.0;431500.0;821500.0;165500.0;310500.0;66000.0;99500.0;46500.0;50500.0;1.0;1.0846;0.5253;0.533;0.6633;0.9208;1702000.0;1165000.0;2867000.0;0.6845;1551500.0;1052000.0;0.6781
country;VC;VCT;St. Vincent & the Grenadines;500.0;500.0;5000.0;6000.0;11500.0;13000.0;4000.0;3000.0;2000.0;1500.0;2000.0;1500.0;1.0;0.8333;0.8846;1.3333;1.3333;1.3333;25500.0;25000.0;50500.0;0.9804;22000.0;20500.0;0.9318
country;VE;VEN;Venezuela (Bolivarian Republic of);500.0;500.0;1930500.0;1877000.0;2858500.0;3121000.0;1470500.0;1605000.0;1121500.0;1116000.0;1407500.0;1128000.0;1.0;1.0285;0.9159;0.9162;1.0049;1.2478;8847500.0;8789000.0;17636500.0;0.9934;6603000.0;6259500.0;0.948
country;VG;VGB;Virgin Islands (British);500.0;500.0;3500.0;2000.0;6500.0;7000.0;2000.0;2000.0;1500.0;2000.0;1500.0;500.0;1.0;1.75;0.9286;1.0;0.75;3.0;14000.0;15500.0;29500.0;1.1071;11000.0;12000.0;1.0909
country;VI;VIR;United States Virgin Islands;500.0;500.0;1500.0;500.0;500.0;1500.0;500.0;500.0;500.0;500.0;500.0;500.0;1.0;3.0;0.3333;1.0;1.0;1.0;4000.0;4000.0;8000.0;1.0;2500.0;2500.0;1.0
country;VN;VNM;Vietnam;500.0;500.0;10564000.0;11136000.0;20377500.0;21531000.0;7217500.0;9123500.0;2997500.0;3411500.0;2294000.0;2347500.0;1.0;0.9486;0.9464;0.7911;0.8786;0.9772;47550000.0;43451000.0;91001000.0;0.9138;41790500.0;38159000.0;0.9131
country;YE;YEM;Yemen;500.0;500.0;795000.0;1481500.0;1420500.0;2514000.0;406000.0;735000.0;106000.0;180500.0;104000.0;156500.0;1.0;0.5366;0.565;0.5524;0.5873;0.6645;5068000.0;2832000.0;7900000.0;0.5588;4730500.0;2621500.0;0.5542
country;ZA;ZAF;South Africa;500.0;500.0;3722500.0;4009500.0;5970500.0;8291500.0;2495000.0;3217000.0;1156000.0;1253000.0;902500.0;762500.0;1.0;0.9284;0.7201;0.7756;0.9226;1.1836;17534000.0;14247000.0;31781000.0;0.8125;15518000.0;12188000.0;0.7854
