iso2;age_13_17_women;age_13_17_men;age_18_24_women;age_18_24_men;age_25_34_women;age_25_34_men;age_35_44_women;age_35_44_men;age_45_54_women;age_45_54_men;age_55_100_women;age_55_100_men;age_13_17_ratio;age_18_24_ratio;age_25_34_ratio;age_35_44_ratio;age_45_54_ratio;age_55_100_ratio;total_men;total_women;total_all;total_ratio
AE;1500.0;1500.0;1561500.0;3927000.0;3132500.0;7659500.0;2099000.0;3885000.0;718500.0;995000.0;548000.0;707500.0;1.0;0.39763177998472116;0.40896925386774596;0.5402831402831403;0.7221105527638191;0.7745583038869258;17175500.0;8061000.0;25236500.0;0.4693313149544409
AR;500.0;500.0;3877000.0;3487000.0;5408000.0;6761000.0;1886000.0;2272000.0;1204000.0;1397500.0;1093500.0;1077500.0;1.0;1.111843991970175;0.7998816743085342;0.8301056338028169;0.8615384615384616;1.0148491879350348;14995500.0;13469000.0;28464500.0;0.8982027941715848
AT;500.0;500.0;376000.0;312500.0;396500.0;366000.0;210500.0;194000.0;168000.0;156000.0;107500.0;102000.0;1.0;1.2032;1.0833333333333333;1.0850515463917525;1.0769230769230769;1.053921568627451;1131000.0;1259000.0;2390000.0;1.1131741821396994
AZ;500.0;500.0;869500.0;825000.0;1283000.0;1720500.0;527500.0;828500.0;278000.0;417500.0;384000.0;429500.0;1.0;1.053939393939394;0.7457134553908747;0.6366928183464092;0.665868263473054;0.8940628637951106;4221500.0;3342500.0;7564000.0;0.791780172924316
BD;500.0;500.0;7770500.0;15159500.0;7879000.0;17015000.0;1229500.0;3106500.0;421500.0;917500.0;621500.0;1239000.0;1.0;0.5125828688281275;0.46306200411401705;0.3957830355705778;0.4594005449591281;0.5016142050040355;37438000.0;17922500.0;55360500.0;0.4787248250440729
BE;500.0;500.0;577000.0;476000.0;610500.0;486000.0;364000.0;303500.0;248500.0;209500.0;172000.0;134000.0;1.0;1.2121848739495797;1.2561728395061729;1.1993410214168039;1.1861575178997614;1.2835820895522387;1609500.0;1972500.0;3582000.0;1.2255358807082946
BH;500.0;500.0;117500.0;145000.0;226000.0;366000.0;86000.0;152000.0;39000.0;61500.0;31500.0;38500.0;1.0;0.8103448275862069;0.6174863387978142;0.5657894736842105;0.6341463414634146;0.8181818181818182;763500.0;500500.0;1264000.0;0.6555337262606418
BO;500.0;500.0;1324000.0;1372000.0;1644500.0;2196500.0;609500.0;770500.0;328500.0;378500.0;329500.0;317500.0;1.0;0.9650145772594753;0.7486910994764397;0.7910447761194029;0.8678996036988111;1.0377952755905513;5035500.0;4236500.0;9272000.0;0.841326581272962
BR;500.0;500.0;14692000.0;13328000.0;20348000.0;27399500.0;8873000.0;11673000.0;6026000.0;7803000.0;6447000.0;7685000.0;1.0;1.1023409363745498;0.7426412890746181;0.7601302150261287;0.7722670767653467;0.8389069616135328;67889000.0;56386500.0;124275500.0;0.8305690170719852
BY;500.0;500.0;1070500.0;1018000.0;1174500.0;1598000.0;450500.0;606000.0;310500.0;357500.0;394000.0;360000.0;1.0;1.0515717092337917;0.7349812265331664;0.7433993399339934;0.8685314685314686;1.0944444444444446;3940000.0;3400500.0;7340500.0;0.8630710659898477
CA;500.0;500.0;2172500.0;1887500.0;3242500.0;3915000.0;1138500.0;1264000.0;698500.0;761500.0;630500.0;638500.0;1.0;1.1509933774834438;0.8282247765006385;0.9007120253164557;0.9172685489166119;0.9874706342991386;8467000.0;7883000.0;16350000.0;0.9310263375457659
CH;500.0;500.0;294500.0;255000.0;376500.0;313000.0;198000.0;183500.0;177000.0;160500.0;102000.0;89500.0;1.0;1.1549019607843136;1.2028753993610224;1.0790190735694822;1.102803738317757;1.1396648044692737;1002000.0;1148500.0;2150500.0;1.1462075848303392
CR;500.0;500.0;457500.0;432000.0;765000.0;963000.0;299500.0;374000.0;178500.0;195000.0;181500.0;171500.0;1.0;1.0590277777777777;0.794392523364486;0.8008021390374331;0.9153846153846154;1.0583090379008746;2136000.0;1882500.0;4018500.0;0.8813202247191011
CZ;500.0;500.0;434000.0;305000.0;364000.0;287500.0;160500.0;130500.0;126000.0;107000.0;75000.0;64000.0;1.0;1.4229508196721312;1.2660869565217392;1.2298850574712643;1.1775700934579438;1.171875;894500.0;1160000.0;2054500.0;1.2968138624930128
DE;500.0;500.0;3096000.0;2915500.0;3748500.0;3351500.0;2415000.0;2153500.0;1652000.0;1437500.0;1319500.0;1098500.0;1.0;1.0619104784771052;1.1184544233925109;1.12143022985837;1.1492173913043477;1.2011834319526626;10957000.0;12231500.0;23188500.0;1.1163183353107602
DK;500.0;500.0;308000.0;239500.0;250500.0;194000.0;100500.0;85000.0;75000.0;60500.0;40500.0;34000.0;1.0;1.2860125260960333;1.291237113402062;1.1823529411764706;1.2396694214876034;1.1911764705882353;613500.0;775000.0;1388500.0;1.263243683781581
DO;500.0;500.0;1051000.0;1189000.0;1434000.0;2045000.0;475000.0;676000.0;242500.0;317000.0;247500.0;278500.0;1.0;0.8839360807401178;0.7012224938875306;0.7026627218934911;0.7649842271293376;0.8886894075403949;4506000.0;3450500.0;7956500.0;0.7657567687527741
DZ;500.0;500.0;2970500.0;3550500.0;4216000.0;7072000.0;1176500.0;2327500.0;505000.0;919500.0;540500.0;739000.0;1.0;0.8366427263765667;0.5961538461538461;0.5054779806659506;0.5492115280043501;0.7313937753721245;14609000.0;9409000.0;24018000.0;0.6440550345677322
EG;1500.0;1500.0;13464000.0;41168500.0;19889500.0;30160500.0;12236000.0;12730500.0;4242500.0;4058000.0;2993000.0;8606000.0;1.0;0.32704616393601904;0.6594552477578289;0.9611562782294489;1.045465746673238;0.3477806181733674;96725000.0;52826500.0;149551500.0;0.5461514603256655
ES;500.0;500.0;2009500.0;1902000.0;2526000.0;2341500.0;2513500.0;1762500.0;2662500.0;1793000.0;1965000.0;1229500.0;1.0;1.0565194532071505;1.0787956438180653;1.4260992907801417;1.484941438929169;1.5982106547376982;9029000.0;11677000.0;20706000.0;1.293277217853583
FI;500.0;500.0;290500.0;232500.0;277500.0;226500.0;135000.0;113000.0;101500.0;76500.0;77500.0;64000.0;1.0;1.249462365591398;1.2251655629139073;1.1946902654867257;1.326797385620915;1.2109375;713000.0;882500.0;1595500.0;1.237727910238429
FR;500.0;500.0;3016500.0;2773500.0;3471500.0;3205000.0;2658500.0;2148500.0;1810500.0;1421000.0;1256500.0;950500.0;1.0;1.0876149269875608;1.083151326053042;1.2373749127298115;1.2741027445460944;1.3219358232509206;10499000.0;12214000.0;22713000.0;1.1633488903705114
GB;500.0;500.0;3163500.0;2866000.0;4437000.0;3966000.0;3290500.0;2122500.0;2149500.0;1432000.0;1953000.0;1319500.0;1.0;1.1038032100488486;1.1187594553706506;1.5502944640753828;1.5010474860335195;1.4801061007957559;11706500.0;14994000.0;26700500.0;1.2808268910434375
GR;500.0;500.0;589500.0;468000.0;692000.0;558500.0;520500.0;436500.0;456000.0;376000.0;350500.0;278500.0;1.0;1.2596153846153846;1.2390331244404655;1.1924398625429553;1.2127659574468086;1.2585278276481149;2118000.0;2609000.0;4727000.0;1.2318224740321058
GT;500.0;500.0;1770500.0;1900500.0;2176000.0;2827500.0;663000.0;880500.0;325000.0;395000.0;332000.0;341500.0;1.0;0.9315969481715338;0.7695844385499558;0.7529812606473595;0.8227848101265823;0.972181551976574;6345500.0;5267000.0;11612500.0;0.8300370341186668
HU;500.0;500.0;437500.0;348500.0;550500.0;459500.0;275000.0;235000.0;381500.0;325000.0;176000.0;138500.0;1.0;1.2553802008608321;1.1980413492927096;1.1702127659574468;1.1738461538461538;1.2707581227436824;1507000.0;1821000.0;3328000.0;1.2083609820836099
IE;500.0;500.0;447000.0;309500.0;391500.0;277000.0;250500.0;173500.0;234000.0;172500.0;131500.0;104000.0;1.0;1.444264943457189;1.4133574007220218;1.4438040345821326;1.3565217391304347;1.2644230769230769;1037000.0;1455000.0;2492000.0;1.4030858244937319
IQ;500.0;500.0;5247500.0;6833000.0;6936000.0;11029500.0;1645000.0;3208500.0;747500.0;1392500.0;893000.0;1353500.0;1.0;0.7679642909410215;0.628858969128247;0.5127006389278479;0.5368043087971275;0.6597709641669746;23817500.0;15469500.0;39287000.0;0.6495014170252965
IT;500.0;500.0;2302500.0;2283000.0;2730500.0;2476000.0;2080500.0;1683000.0;2192000.0;1700500.0;2400500.0;1915000.0;1.0;1.0085413929040736;1.1027867528271404;1.2361853832442067;1.2890326374595706;1.2535248041775457;10058000.0;11706500.0;21764500.0;1.1638993835752636
JP;1500.0;1500.0;15313500.0;15676500.0;33757000.0;39311000.0;27581500.0;31222500.0;11434000.0;9288500.0;8199000.0;8132000.0;1.0;0.9768443211175964;0.8587163898145557;0.8833853791336376;1.2309845507886095;1.0082390555828824;103632000.0;96286500.0;199918500.0;0.929119383974062
KE;500.0;500.0;2324000.0;3252000.0;2948500.0;5082500.0;874000.0;1601500.0;369500.0;619500.0;317500.0;379000.0;1.0;0.7146371463714637;0.580127889818003;0.5457383702778645;0.5964487489911219;0.837730870712401;10935000.0;6834000.0;17769000.0;0.624965706447188
KR;1000.0;1000.0;5719500.0;6183000.0;10254000.0;16015000.0;6745000.0;13070500.0;3278500.0;2965000.0;4523500.0;3589500.0;1.0;0.9250363901018923;0.6402747424289729;0.5160475880800276;1.1057335581787522;1.2602033709430283;41824000.0;30521500.0;72345500.0;0.7297604246365723
KW;1500.0;1500.0;548000.0;1312000.0;1148500.0;2443000.0;676000.0;1008500.0;226000.0;308500.0;167000.0;241500.0;1.0;0.4176829268292683;0.4701187065083913;0.6703024293505205;0.7325769854132901;0.6915113871635611;5315000.0;2767000.0;8082000.0;0.5206020696142991
KZ;500.0;500.0;2467000.0;2297000.0;2732000.0;3791500.0;1032000.0;1484000.0;658500.0;813000.0;751500.0;692500.0;1.0;1.0740095777100567;0.7205591454569432;0.6954177897574124;0.8099630996309963;1.0851985559566788;9078500.0;7641500.0;16720000.0;0.841713939527455
LB;500.0;500.0;549500.0;674500.0;806000.0;1203000.0;256000.0;413000.0;143000.0;213500.0;165000.0;200500.0;1.0;0.8146775389177169;0.6699916874480466;0.6198547215496368;0.6697892271662763;0.8229426433915212;2705000.0;1920000.0;4625000.0;0.7097966728280961
LK;500.0;500.0;891000.0;1393000.0;1102500.0;1939500.0;262500.0;527500.0;120500.0;193000.0;81500.0;110500.0;1.0;0.6396267049533381;0.568445475638051;0.4976303317535545;0.6243523316062176;0.7375565610859729;4164000.0;2458500.0;6622500.0;0.5904178674351584
MA;1500.0;1500.0;4630500.0;19816000.0;6269500.0;10545500.0;4737000.0;4480000.0;1749500.0;1526000.0;1475000.0;2848500.0;1.0;0.23367480823576908;0.5945189891422882;1.0573660714285715;1.1464613368283092;0.5178163945936458;39217500.0;18863000.0;58080500.0;0.4809842544782304
MX;500.0;500.0;12633000.0;12102000.0;19259500.0;25493500.0;6082000.0;7229000.0;3548000.0;3915000.0;3089500.0;2924000.0;1.0;1.0438770451165096;0.7554670798438817;0.8413335177756259;0.906257982120051;1.0566005471956224;51664000.0;44612500.0;96276500.0;0.8635123103127903
NG;500.0;500.0;5251000.0;7527000.0;7131000.0;13719500.0;2228500.0;4854000.0;1019500.0;2023500.0;928500.0;1566000.0;1.0;0.6976218945130862;0.5197711286854477;0.4591058920477956;0.5038299975290339;0.592911877394636;29690500.0;16559000.0;46249500.0;0.5577204829827722
NL;500.0;500.0;952500.0;714000.0;1002500.0;730500.0;622000.0;462000.0;422500.0;299500.0;308000.0;242000.0;1.0;1.334033613445378;1.3723477070499657;1.3463203463203464;1.4106844741235391;1.2727272727272727;2448500.0;3308000.0;5756500.0;1.3510312436185419
NO;500.0;500.0;309000.0;253000.0;277000.0;228500.0;146500.0;127000.0;124000.0;96500.0;59000.0;49500.0;1.0;1.2213438735177866;1.212253829321663;1.1535433070866141;1.2849740932642486;1.1919191919191918;755000.0;916000.0;1671000.0;1.2132450331125828
OM;500.0;500.0;265000.0;340500.0;479500.0;906000.0;128500.0;273000.0;44500.0;81500.0;39500.0;51500.0;1.0;0.7782672540381792;0.5292494481236203;0.4706959706959707;0.5460122699386503;0.7669902912621359;1653000.0;957500.0;2610500.0;0.5792498487598307
PA;500.0;500.0;386000.0;383000.0;557500.0;733000.0;214000.0;278500.0;134000.0;156000.0;142500.0;138500.0;1.0;1.0078328981723237;0.7605729877216917;0.7684021543985637;0.8589743589743589;1.0288808664259927;1689500.0;1434500.0;3124000.0;0.8490677715300384
PK;500.0;500.0;9237000.0;19565000.0;11184000.0;24621500.0;2374000.0;6163000.0;798000.0;1878000.0;922500.0;2048500.0;1.0;0.4721185790953233;0.4542371504579331;0.3852020120071394;0.4249201277955272;0.45032950939711985;54276500.0;24516000.0;78792500.0;0.4516871942737649
PL;500.0;500.0;1720500.0;1497500.0;2198000.0;1745000.0;1428500.0;1144000.0;961000.0;754000.0;528000.0;379000.0;1.0;1.148914858096828;1.2595988538681948;1.2486888111888113;1.2745358090185677;1.3931398416886545;5520000.0;6836500.0;12356500.0;1.2384963768115942
PR;500.0;500.0;48500.0;33000.0;64500.0;103500.0;57000.0;59500.0;41500.0;37000.0;46500.0;61500.0;1.0;1.4696969696969697;0.6231884057971014;0.957983193277311;1.1216216216216217;0.7560975609756098;295000.0;258500.0;553500.0;0.8762711864406779
PT;500.0;500.0;588000.0;423000.0;725000.0;527500.0;467000.0;336500.0;376500.0;251500.0;263000.0;169500.0;1.0;1.3900709219858156;1.3744075829383886;1.387815750371471;1.497017892644135;1.551622418879056;1708500.0;2420000.0;4128500.0;1.4164471758852795
PY;500.0;500.0;608000.0;635000.0;807500.0;1123000.0;297000.0;423000.0;151500.0;202500.0;157000.0;159000.0;1.0;0.9574803149606299;0.7190560997328584;0.7021276595744681;0.7481481481481481;0.9874213836477987;2543000.0;2021500.0;4564500.0;0.7949272512780181
QA;1500.0;1500.0;354000.0;835000.0;674000.0;1783000.0;363000.0;808500.0;116500.0;190500.0;98000.0;148500.0;1.0;0.4239520958083832;0.37801458216489064;0.4489795918367347;0.6115485564304461;0.6599326599326599;3767000.0;1607000.0;5374000.0;0.42659941598088663
RO;500.0;500.0;871500.0;790500.0;1087000.0;1084000.0;925000.0;870500.0;921500.0;830500.0;814000.0;637500.0;1.0;1.1024667931688805;1.0027675276752768;1.0626076967260196;1.1095725466586395;1.2768627450980392;4213500.0;4619500.0;8833000.0;1.0963569479055417
SA;1500.0;1500.0;7017500.0;15645000.0;12277000.0;24926500.0;8274000.0;13822500.0;2655000.0;2962500.0;1886000.0;3206000.0;1.0;0.44854586129753915;0.49252803241530096;0.5985892566467715;0.8962025316455696;0.5882719900187149;60564000.0;32111000.0;92675000.0;0.5301994584241464
SE;500.0;500.0;612000.0;479500.0;576000.0;474000.0;316000.0;263000.0;185500.0;147500.0;152000.0;132000.0;1.0;1.2763295099061522;1.2151898734177216;1.2015209125475286;1.2576271186440677;1.1515151515151516;1496500.0;1842000.0;3338500.0;1.2308720347477446
TR;1500.0;1500.0;12834000.0;40678000.0;13428000.0;24612500.0;7655500.0;11879500.0;3841500.0;4104000.0;2496000.0;4176000.0;1.0;0.3155022370814691;0.5455764347384459;0.6444294793551917;0.9360380116959064;0.5977011494252874;85451500.0;40256500.0;125708000.0;0.4711034914542167
UA;1000.0;1000.0;4947000.0;72623500.0;9764000.0;12865000.0;4001500.0;13990500.0;3563000.0;2261500.0;1979500.0;2114000.0;1.0;0.06811844650836162;0.7589584143023708;0.28601551052499913;1.5755029847446385;0.9363765373699149;103855500.0;24256000.0;128111500.0;0.23355527632142736
US;500.0;500.0;14623000.0;11693500.0;17458000.0;19486000.0;16604000.0;18660500.0;11144000.0;12112500.0;11985000.0;17240500.0;1.0;1.250523795270877;0.8959252796879811;0.8897939497869832;0.9200412796697627;0.6951654534381253;79193500.0;71814500.0;151008000.0;0.9068231609917481
UY;500.0;500.0;288000.0;256000.0;435500.0;549500.0;151500.0;179500.0;106500.0;130500.0;120000.0;121500.0;1.0;1.125;0.7925386715195633;0.8440111420612814;0.8160919540229885;0.9876543209876543;1237500.0;1102000.0;2339500.0;0.8905050505050505
ZA;1500.0;1500.0;10555000.0;16616000.0;19591000.0;26293000.0;13553000.0;10280500.0;5102000.0;3193500.0;3296000.0;3109500.0;1.0;0.6352311025517573;0.74510325942266;1.3183210933320364;1.5976201659621105;1.0599774883421773;59494000.0;52098500.0;111592500.0;0.875693347228292
