level;iso2;name;age_13_17_women;age_13_17_men;age_18_24_women;age_18_24_men;age_25_34_women;age_25_34_men;age_35_44_women;age_35_44_men;age_45_54_women;age_45_54_men;age_55_100_women;age_55_100_men;age_13_17_ratio;age_18_24_ratio;age_25_34_ratio;age_35_44_ratio;age_45_54_ratio;age_55_100_ratio;total_men;total_women;total_all;total_ratio
dma;US;Abilene-Sweetwater;500.0;500.0;14000.0;11500.0;15000.0;17500.0;16000.0;18500.0;11500.0;13000.0;11500.0;16000.0;1.0;1.2174;0.8571;0.8649;0.8846;0.7188;77000.0;68500.0;145500.0;0.8896
dma;US;Albany, GA;500.0;500.0;17500.0;14000.0;19500.0;19500.0;24000.0;23000.0;15000.0;15000.0;14000.0;18500.0;1.0;1.25;1.0;1.0435;1.0;0.7568;90500.0;90500.0;181000.0;1.0
dma;US;Albany-Schenectady-Troy;500.0;500.0;63000.0;51500.0;76000.0;83000.0;79000.0;82500.0;48500.0;51500.0;55000.0;77500.0;1.0;1.2233;0.9157;0.9576;0.9417;0.7097;346500.0;322000.0;668500.0;0.9293
dma;US;Albuquerque-Santa Fe;500.0;500.0;81500.0;61000.0;89500.0;101500.0;89500.0;100500.0;65000.0;66000.0;67000.0;88500.0;1.0;1.3361;0.8818;0.8905;0.9848;0.7571;418000.0;393000.0;811000.0;0.9402
dma;US;Alexandria, LA;500.0;500.0;8500.0;7500.0;10500.0;10500.0;12000.0;11500.0;7500.0;7000.0;7000.0;8500.0;1.0;1.1333;1.0;1.0435;1.0714;0.8235;45500.0;46000.0;91500.0;1.011
dma;US;Alpena;500.0;500.0;1500.0;500.0;1500.0;1500.0;1500.0;1500.0;500.0;500.0;1500.0;1500.0;1.0;3.0;1.0;1.0;1.0;1.0;6000.0;7000.0;13000.0;1.1667
dma;US;Amarillo;500.0;500.0;26000.0;21000.0;27000.0;30500.0;27500.0;30500.0;19500.0;19500.0;17000.0;23000.0;1.0;1.2381;0.8852;0.9016;1.0;0.7391;125000.0;117500.0;242500.0;0.94
dma;US;Anchorage;500.0;500.0;19500.0;16000.0;21500.0;23000.0;17000.0;19000.0;11500.0;12000.0;11500.0;16000.0;1.0;1.2188;0.9348;0.8947;0.9583;0.7188;86500.0;81500.0;168000.0;0.9422
dma;US;Atlanta;500.0;500.0;502000.0;432000.0;571500.0;667500.0;578000.0;652500.0;387000.0;436000.0;400500.0;589500.0;1.0;1.162;0.8562;0.8858;0.8876;0.6794;2778000.0;2439500.0;5217500.0;0.8781
dma;US;Augusta-Aiken;500.0;500.0;29500.0;24500.0;35000.0;35000.0;40500.0;37000.0;25000.0;24000.0;24000.0;31500.0;1.0;1.2041;1.0;1.0946;1.0417;0.7619;152500.0;154500.0;307000.0;1.0131
dma;US;Austin;500.0;500.0;140500.0;105000.0;181000.0;191500.0;139000.0;164000.0;92000.0;99500.0;94000.0;131500.0;1.0;1.3381;0.9452;0.8476;0.9246;0.7148;692000.0;647000.0;1339000.0;0.935
dma;US;Bakersfield;500.0;500.0;50500.0;37000.0;55000.0;61000.0;48500.0;51500.0;32000.0;31500.0;32500.0;42000.0;1.0;1.3649;0.9016;0.9417;1.0159;0.7738;223500.0;219000.0;442500.0;0.9799
dma;US;Baltimore;500.0;500.0;139000.0;112500.0;173000.0;184000.0;174000.0;175500.0;102000.0;105500.0;109000.0;154000.0;1.0;1.2356;0.9402;0.9915;0.9668;0.7078;732000.0;697500.0;1429500.0;0.9529
dma;US;Bangor;500.0;500.0;12000.0;9500.0;13000.0;12000.0;13000.0;12000.0;9500.0;8500.0;9500.0;12000.0;1.0;1.2632;1.0833;1.0833;1.1176;0.7917;54500.0;57500.0;112000.0;1.055
dma;US;Baton Rouge;500.0;500.0;49500.0;39500.0;55000.0;58000.0;62500.0;62500.0;39500.0;42000.0;39500.0;55000.0;1.0;1.2532;0.9483;1.0;0.9405;0.7182;257500.0;246500.0;504000.0;0.9573
dma;US;Beaumont-Port Arthur;500.0;500.0;19500.0;17000.0;23500.0;25000.0;27000.0;28000.0;17500.0;18500.0;16500.0;21500.0;1.0;1.1471;0.94;0.9643;0.9459;0.7674;110500.0;104500.0;215000.0;0.9457
dma;US;Bend, OR;500.0;500.0;7000.0;5000.0;7000.0;7000.0;5000.0;5000.0;4000.0;4000.0;4000.0;6000.0;1.0;1.4;1.0;1.0;1.0;0.6667;27500.0;27500.0;55000.0;1.0
dma;US;Billings;500.0;500.0;11000.0;8500.0;11500.0;11000.0;10500.0;11500.0;8000.0;8000.0;7500.0;9500.0;1.0;1.2941;1.0455;0.913;1.0;0.7895;49000.0;49000.0;98000.0;1.0
dma;US;Biloxi-Gulfport;500.0;500.0;17500.0;15000.0;19500.0;19500.0;23500.0;21500.0;16000.0;15000.0;15000.0;19500.0;1.0;1.1667;1.0;1.093;1.0667;0.7692;91000.0;92000.0;183000.0;1.011
dma;US;Binghamton;500.0;500.0;11500.0;9500.0;13000.0;13500.0;14000.0;13500.0;8500.0;8500.0;9500.0;12000.0;1.0;1.2105;0.963;1.037;1.0;0.7917;57500.0;57000.0;114500.0;0.9913
dma;US;Birmingham (Anniston-Tuscaloosa);500.0;500.0;121500.0;98500.0;136000.0;149500.0;154000.0;169500.0;107000.0;118000.0;103500.0;148500.0;1.0;1.2335;0.9097;0.9086;0.9068;0.697;684500.0;622500.0;1307000.0;0.9094
dma;US;Bluefield-Beckley-Oak Hill;500.0;500.0;11500.0;9500.0;13000.0;14000.0;17000.0;17500.0;12500.0;12000.0;11500.0;15000.0;1.0;1.2105;0.9286;0.9714;1.0417;0.7667;68500.0;66000.0;134500.0;0.9635
dma;US;Boise;500.0;500.0;44000.0;33000.0;47000.0;49500.0;37500.0;44000.0;28500.0;30500.0;28000.0;38500.0;1.0;1.3333;0.9495;0.8523;0.9344;0.7273;196000.0;185500.0;381500.0;0.9464
dma;US;Boston (Manchester);500.0;500.0;327000.0;257000.0;386500.0;412000.0;348500.0;379500.0;224000.0;237000.0;258500.0;373500.0;1.0;1.2724;0.9381;0.9183;0.9451;0.6921;1659500.0;1545000.0;3204500.0;0.931
dma;US;Bowling Green;500.0;500.0;12500.0;9500.0;12500.0;13000.0;13000.0;13500.0;9500.0;9500.0;8500.0;11000.0;1.0;1.3158;0.9615;0.963;1.0;0.7727;57000.0;56500.0;113500.0;0.9912
dma;US;Buffalo;500.0;500.0;61000.0;50500.0;77000.0;87500.0;79500.0;83000.0;47000.0;49500.0;54500.0;76000.0;1.0;1.2079;0.88;0.9578;0.9495;0.7171;347000.0;319500.0;666500.0;0.9207
dma;US;Burlington-Plattsburgh;500.0;500.0;37000.0;29000.0;37000.0;39500.0;37000.0;39500.0;24000.0;25000.0;26000.0;36000.0;1.0;1.2759;0.9367;0.9367;0.96;0.7222;169500.0;161500.0;331000.0;0.9528
dma;US;Butte-Bozeman;500.0;500.0;8500.0;7000.0;8000.0;7500.0;5000.0;6000.0;4000.0;4000.0;4000.0;5000.0;1.0;1.2143;1.0667;0.8333;1.0;0.8;30000.0;30000.0;60000.0;1.0
dma;US;Casper-Riverton;500.0;500.0;6000.0;5000.0;5000.0;6000.0;6000.0;6000.0;4000.0;4000.0;4000.0;5000.0;1.0;1.2;0.8333;1.0;1.0;0.8;26500.0;25500.0;52000.0;0.9623
dma;US;Cedar Rapids-Waterloo-Iowa City-Dubuque;500.0;500.0;36500.0;29500.0;36000.0;38000.0;36500.0;37500.0;24000.0;26000.0;24000.0;35000.0;1.0;1.2373;0.9474;0.9733;0.9231;0.6857;166500.0;157500.0;324000.0;0.9459
dma;US;Champaign-Springfield-Decatur;500.0;500.0;35000.0;28500.0;38500.0;39500.0;41500.0;40500.0;26000.0;26000.0;26000.0;34000.0;1.0;1.2281;0.9747;1.0247;1.0;0.7647;169000.0;167500.0;336500.0;0.9911
dma;US;Charleston, SC;500.0;500.0;48500.0;36000.0;58500.0;55000.0;52500.0;51500.0;34000.0;33000.0;35000.0;45000.0;1.0;1.3472;1.0636;1.0194;1.0303;0.7778;221000.0;229000.0;450000.0;1.0362
dma;US;Charleston-Huntington;500.0;500.0;39500.0;31500.0;46000.0;48500.0;60500.0;61000.0;43000.0;42500.0;42500.0;52500.0;1.0;1.254;0.9485;0.9918;1.0118;0.8095;236500.0;232000.0;468500.0;0.981
dma;US;Charlotte;500.0;500.0;260500.0;220500.0;317000.0;373000.0;326500.0;388000.0;226500.0;266000.0;244000.0;364000.0;1.0;1.1814;0.8499;0.8415;0.8515;0.6703;1612000.0;1375000.0;2987000.0;0.853
dma;US;Charlottesville;500.0;500.0;17500.0;14000.0;17500.0;18500.0;17000.0;19500.0;12000.0;13000.0;13000.0;18500.0;1.0;1.25;0.9459;0.8718;0.9231;0.7027;84000.0;77500.0;161500.0;0.9226
dma;US;Chattanooga;500.0;500.0;44500.0;35000.0;51500.0;54000.0;52500.0;55500.0;38500.0;39500.0;37500.0;49500.0;1.0;1.2714;0.9537;0.9459;0.9747;0.7576;234000.0;225000.0;459000.0;0.9615
dma;US;Cheyenne-Scottsbluff;500.0;500.0;7000.0;6000.0;7500.0;9000.0;7000.0;8500.0;5000.0;6000.0;5000.0;7000.0;1.0;1.1667;0.8333;0.8235;0.8333;0.7143;37000.0;32000.0;69000.0;0.8649
dma;US;Chicago;500.0;500.0;586500.0;488000.0;690500.0;810500.0;643000.0;756000.0;439500.0;493500.0;486000.0;724000.0;1.0;1.2018;0.8519;0.8505;0.8906;0.6713;3272500.0;2846000.0;6118500.0;0.8697
dma;US;Chico-Redding;500.0;500.0;20500.0;15000.0;20500.0;20500.0;17500.0;17500.0;12500.0;11500.0;13000.0;17000.0;1.0;1.3667;1.0;1.0;1.087;0.7647;82000.0;84500.0;166500.0;1.0305
dma;US;Cincinnati;500.0;500.0;116500.0;95000.0;136000.0;148000.0;147000.0;152000.0;92000.0;97000.0;94000.0;130500.0;1.0;1.2263;0.9189;0.9671;0.9485;0.7203;623000.0;586000.0;1209000.0;0.9406
dma;US;Clarksburg-Weston;500.0;500.0;9500.0;7500.0;10500.0;11500.0;13000.0;13000.0;9000.0;9500.0;9500.0;12000.0;1.0;1.2667;0.913;1.0;0.9474;0.7917;54000.0;52000.0;106000.0;0.963
dma;US;Cleveland-Akron (Canton);500.0;500.0;153500.0;126000.0;190500.0;205000.0;205000.0;209500.0;131500.0;138000.0;146000.0;204000.0;1.0;1.2183;0.9293;0.9785;0.9529;0.7157;883000.0;827000.0;1710000.0;0.9366
dma;US;Colorado Springs-Pueblo;500.0;500.0;40500.0;31500.0;50500.0;51500.0;40500.0;42500.0;27500.0;26500.0;27000.0;35000.0;1.0;1.2857;0.9806;0.9529;1.0377;0.7714;187500.0;186500.0;374000.0;0.9947
dma;US;Columbia, SC;500.0;500.0;56000.0;45000.0;61000.0;66000.0;69500.0;69000.0;44500.0;45000.0;45000.0;61500.0;1.0;1.2444;0.9242;1.0072;0.9889;0.7317;287000.0;276500.0;563500.0;0.9634
dma;US;Columbia-Jefferson City;500.0;500.0;25000.0;19500.0;22500.0;23000.0;23500.0;23000.0;17000.0;16500.0;16000.0;20500.0;1.0;1.2821;0.9783;1.0217;1.0303;0.7805;103000.0;104500.0;207500.0;1.0146
dma;US;Columbus, GA (Opelika, AL);500.0;500.0;29500.0;24000.0;32000.0;33000.0;34000.0;33000.0;21000.0;20500.0;20500.0;27500.0;1.0;1.2292;0.9697;1.0303;1.0244;0.7455;138500.0;137500.0;276000.0;0.9928
dma;US;Columbus, OH;500.0;500.0;156500.0;130500.0;190500.0;219500.0;199500.0;224500.0;122000.0;139500.0;125000.0;185000.0;1.0;1.1992;0.8679;0.8886;0.8746;0.6757;899500.0;794000.0;1693500.0;0.8827
dma;US;Columbus-Tupelo-West Point-Houston;500.0;500.0;25000.0;21500.0;26000.0;28000.0;32500.0;33500.0;22000.0;23000.0;20500.0;27500.0;1.0;1.1628;0.9286;0.9701;0.9565;0.7455;134000.0;126500.0;260500.0;0.944
dma;US;Corpus Christi;500.0;500.0;29000.0;21500.0;32500.0;33000.0;35000.0;35000.0;24000.0;23000.0;23000.0;28500.0;1.0;1.3488;0.9848;1.0;1.0435;0.807;141500.0;144000.0;285500.0;1.0177
dma;US;Dallas-Fort Worth;500.0;500.0;634500.0;517000.0;724000.0;851500.0;693500.0;838000.0;483000.0;561500.0;497000.0;740500.0;1.0;1.2273;0.8503;0.8276;0.8602;0.6712;3509000.0;3032500.0;6541500.0;0.8642
dma;US;Davenport-Rock Island-Moline;500.0;500.0;27000.0;22500.0;29000.0;31000.0;33000.0;32000.0;21500.0;21500.0;22000.0;28500.0;1.0;1.2;0.9355;1.0312;1.0;0.7719;136000.0;133000.0;269000.0;0.9779
dma;US;Dayton;500.0;500.0;50500.0;43500.0;62500.0;73000.0;69500.0;78500.0;43500.0;50500.0;47000.0;68000.0;1.0;1.1609;0.8562;0.8854;0.8614;0.6912;314000.0;273500.0;587500.0;0.871
dma;US;Denver;500.0;500.0;250500.0;208500.0;296000.0;345000.0;235000.0;303000.0;167000.0;194500.0;175000.0;260500.0;1.0;1.2014;0.858;0.7756;0.8586;0.6718;1312000.0;1124000.0;2436000.0;0.8567
dma;US;Des Moines-Ames;500.0;500.0;60500.0;50500.0;61500.0;68500.0;62500.0;68000.0;42500.0;47000.0;42500.0;61500.0;1.0;1.198;0.8978;0.9191;0.9043;0.6911;296000.0;270000.0;566000.0;0.9122
dma;US;Detroit;500.0;500.0;304000.0;251500.0;350500.0;409500.0;367000.0;411500.0;235000.0;265000.0;256000.0;381000.0;1.0;1.2087;0.8559;0.8919;0.8868;0.6719;1719000.0;1513000.0;3232000.0;0.8802
dma;US;Dothan;500.0;500.0;11500.0;9500.0;13500.0;14000.0;16000.0;15500.0;10500.0;10500.0;9500.0;13000.0;1.0;1.2105;0.9643;1.0323;1.0;0.7308;63000.0;61500.0;124500.0;0.9762
dma;US;Duluth-Superior, WI;500.0;500.0;15500.0;12000.0;14000.0;14000.0;14000.0;14000.0;10500.0;9500.0;10500.0;13500.0;1.0;1.2917;1.0;1.0;1.1053;0.7778;63500.0;65000.0;128500.0;1.0236
dma;US;El Paso (Las Cruces);500.0;500.0;60500.0;47000.0;69500.0;82000.0;64000.0;72500.0;46000.0;47000.0;53000.0;67500.0;1.0;1.2872;0.8476;0.8828;0.9787;0.7852;316500.0;293500.0;610000.0;0.9273
dma;US;Elmira (Corning);500.0;500.0;8000.0;6000.0;8500.0;9000.0;10500.0;9500.0;6000.0;6000.0;6500.0;8000.0;1.0;1.3333;0.9444;1.1053;1.0;0.8125;39000.0;40000.0;79000.0;1.0256
dma;US;Erie;500.0;500.0;14000.0;11000.0;15000.0;16000.0;16500.0;16500.0;10500.0;10500.0;10500.0;14000.0;1.0;1.2727;0.9375;1.0;1.0;0.75;68500.0;67000.0;135500.0;0.9781
dma;US;Eugene;500.0;500.0;27000.0;19500.0;25000.0;24000.0;20500.0;20500.0;16000.0;15000.0;17000.0;21500.0;1.0;1.3846;1.0417;1.0;1.0667;0.7907;101000.0;106000.0;207000.0;1.0495
dma;US;Eureka;500.0;500.0;6000.0;4000.0;6000.0;5000.0;5000.0;5000.0;3500.0;3500.0;4000.0;5000.0;1.0;1.5;1.2;1.0;1.0;0.8;23000.0;25000.0;48000.0;1.087
dma;US;Evansville;500.0;500.0;28500.0;23000.0;32500.0;34000.0;38000.0;39500.0;26000.0;27000.0;25000.0;34000.0;1.0;1.2391;0.9559;0.962;0.963;0.7353;158000.0;150500.0;308500.0;0.9525
dma;US;Fairbanks;500.0;500.0;3000.0;3000.0;4000.0;5000.0;2500.0;2500.0;1500.0;1500.0;1500.0;2000.0;1.0;1.0;0.8;1.0;1.0;0.75;14500.0;13000.0;27500.0;0.8966
dma;US;Fargo-Moorhead-Grand Forks;500.0;500.0;28000.0;23500.0;26500.0;29500.0;25000.0;27500.0;17000.0;18500.0;16000.0;22500.0;1.0;1.1915;0.8983;0.9091;0.9189;0.7111;122000.0;113000.0;235000.0;0.9262
dma;US;Flint-Saginaw-Bay City;500.0;500.0;43500.0;34000.0;49500.0;50500.0;53000.0;52000.0;36000.0;35000.0;37000.0;47500.0;1.0;1.2794;0.9802;1.0192;1.0286;0.7789;219500.0;219500.0;439000.0;1.0
dma;US;Fort Myers-Naples;500.0;500.0;60500.0;48500.0;67500.0;76000.0;72000.0;78500.0;53000.0;56000.0;65000.0;85000.0;1.0;1.2474;0.8882;0.9172;0.9464;0.7647;344500.0;318500.0;663000.0;0.9245
dma;US;Fort Smith-Fayetteville-Springdale-Rogers;500.0;500.0;44000.0;31500.0;46500.0;48000.0;42000.0;45000.0;30500.0;31000.0;28500.0;38000.0;1.0;1.3968;0.9688;0.9333;0.9839;0.75;194000.0;192000.0;386000.0;0.9897
dma;US;Fort Wayne;500.0;500.0;29500.0;23000.0;33500.0;35000.0;32000.0;33500.0;21500.0;21500.0;20500.0;27500.0;1.0;1.2826;0.9571;0.9552;1.0;0.7455;141000.0;137500.0;278500.0;0.9752
dma;US;Fresno-Visalia;500.0;500.0;171500.0;133500.0;186500.0;236500.0;172000.0;224000.0;120500.0;144000.0;136000.0;211000.0;1.0;1.2846;0.7886;0.7679;0.8368;0.6445;949500.0;787000.0;1736500.0;0.8289
dma;US;Gainesville;500.0;500.0;18500.0;12500.0;16000.0;15000.0;13000.0;13000.0;8500.0;8500.0;9000.0;11500.0;1.0;1.48;1.0667;1.0;1.0;0.7826;61000.0;65500.0;126500.0;1.0738
dma;US;Glendive;500.0;500.0;500.0;500.0;500.0;500.0;500.0;500.0;500.0;500.0;500.0;500.0;1.0;1.0;1.0;1.0;1.0;1.0;3000.0;3000.0;6000.0;1.0
dma;US;Grand Junction-Montrose;500.0;500.0;8000.0;6500.0;7500.0;8500.0;7000.0;7500.0;5000.0;5000.0;5000.0;7000.0;1.0;1.2308;0.8824;0.9333;1.0;0.7143;35000.0;33000.0;68000.0;0.9429
dma;US;Grand Rapids-Kalamazoo-Battle Creek;500.0;500.0;85000.0;66000.0;93500.0;96000.0;86000.0;88500.0;57000.0;58000.0;58000.0;77500.0;1.0;1.2879;0.974;0.9718;0.9828;0.7484;386500.0;380000.0;766500.0;0.9832
dma;US;Great Falls;500.0;500.0;6000.0;5000.0;6000.0;6000.0;5000.0;6000.0;4000.0;4000.0;3500.0;5000.0;1.0;1.2;1.0;0.8333;1.0;0.7;26500.0;25000.0;51500.0;0.9434
dma;US;Green Bay-Appleton;500.0;500.0;45000.0;36500.0;46000.0;48500.0;43500.0;47000.0;30500.0;31000.0;30500.0;41500.0;1.0;1.2329;0.9485;0.9255;0.9839;0.7349;205000.0;196000.0;401000.0;0.9561
dma;US;Greensboro–High Point–Winston-Salem;500.0;500.0;90500.0;70500.0;102000.0;106000.0;104000.0;107000.0;73000.0;74000.0;76000.0;98500.0;1.0;1.2837;0.9623;0.972;0.9865;0.7716;456500.0;446000.0;902500.0;0.977
dma;US;Greenville-New Bern-Washington;500.0;500.0;39000.0;34000.0;43000.0;44000.0;42500.0;40500.0;28000.0;27000.0;28000.0;36000.0;1.0;1.1471;0.9773;1.0494;1.037;0.7778;182000.0;181000.0;363000.0;0.9945
dma;US;Greenville-Spartanburg-Asheville-Anderson;500.0;500.0;104000.0;83000.0;118500.0;125000.0;121500.0;131500.0;85000.0;89500.0;87000.0;117000.0;1.0;1.253;0.948;0.924;0.9497;0.7436;546500.0;516500.0;1063000.0;0.9451
dma;US;Greenwood-Greenville;500.0;500.0;6000.0;5000.0;7500.0;7000.0;9500.0;8500.0;6000.0;5500.0;6000.0;7000.0;1.0;1.2;1.0714;1.1176;1.0909;0.8571;33500.0;35500.0;69000.0;1.0597
dma;US;Harlingen-Weslaco-Brownsville-McAllen;500.0;500.0;89500.0;62500.0;95000.0;105000.0;94000.0;101500.0;66000.0;63000.0;68500.0;85000.0;1.0;1.432;0.9048;0.9261;1.0476;0.8059;417500.0;413500.0;831000.0;0.9904
dma;US;Harrisburg-Lancaster-Lebanon-York;500.0;500.0;76000.0;61500.0;87000.0;90500.0;91500.0;91500.0;57500.0;57500.0;59000.0;78500.0;1.0;1.2358;0.9613;1.0;1.0;0.7516;380000.0;371500.0;751500.0;0.9776
dma;US;Harrisonburg;500.0;500.0;13000.0;10500.0;12500.0;13500.0;12000.0;13000.0;8000.0;8500.0;8500.0;11500.0;1.0;1.2381;0.9259;0.9231;0.9412;0.7391;57500.0;54500.0;112000.0;0.9478
dma;US;Hartford-New Haven;500.0;500.0;122500.0;99500.0;144000.0;155000.0;143000.0;147000.0;95000.0;96000.0;108000.0;147500.0;1.0;1.2312;0.929;0.9728;0.9896;0.7322;645500.0;613000.0;1258500.0;0.9497
dma;US;Hattiesburg-Laurel;500.0;500.0;16500.0;13000.0;17500.0;17000.0;20500.0;19500.0;14000.0;14000.0;13000.0;17000.0;1.0;1.2692;1.0294;1.0513;1.0;0.7647;81000.0;82000.0;163000.0;1.0123
dma;US;Helena;500.0;500.0;2500.0;2000.0;2500.0;2500.0;2000.0;2500.0;1500.0;1500.0;1500.0;2000.0;1.0;1.25;1.0;0.8;1.0;0.75;11000.0;10500.0;21500.0;0.9545
dma;US;Honolulu;500.0;500.0;68500.0;52000.0;67500.0;73000.0;47000.0;48500.0;32000.0;31000.0;37000.0;50500.0;1.0;1.3173;0.9247;0.9691;1.0323;0.7327;255500.0;252500.0;508000.0;0.9883
dma;US;Houston;500.0;500.0;467500.0;374000.0;560500.0;635000.0;552000.0;637000.0;368500.0;415000.0;383000.0;555500.0;1.0;1.25;0.8827;0.8666;0.888;0.6895;2617000.0;2332000.0;4949000.0;0.8911
dma;US;Huntsville-Decatur (Florence);500.0;500.0;47000.0;37000.0;55000.0;56000.0;56000.0;58000.0;39500.0;39500.0;37500.0;48000.0;1.0;1.2703;0.9821;0.9655;1.0;0.7812;239000.0;235500.0;474500.0;0.9854
dma;US;Idaho Falls-Pocatello (Jackson);500.0;500.0;16000.0;11500.0;15000.0;15000.0;11500.0;13000.0;8500.0;8500.0;7500.0;10500.0;1.0;1.3913;1.0;0.8846;1.0;0.7143;59000.0;59000.0;118000.0;1.0
dma;US;Indianapolis;500.0;500.0;176000.0;145000.0;208000.0;239500.0;223500.0;257000.0;147500.0;168500.0;151500.0;220500.0;1.0;1.2138;0.8685;0.8696;0.8754;0.6871;1031000.0;907000.0;1938000.0;0.8797
dma;US;Jackson, MS;500.0;500.0;42000.0;35500.0;47500.0;50500.0;58500.0;58000.0;39000.0;41500.0;38500.0;54000.0;1.0;1.1831;0.9406;1.0086;0.9398;0.713;240000.0;226000.0;466000.0;0.9417
dma;US;Jackson, TN;500.0;500.0;12000.0;9500.0;13500.0;13500.0;16000.0;16000.0;11000.0;10500.0;10500.0;13000.0;1.0;1.2632;1.0;1.0;1.0476;0.8077;63000.0;63500.0;126500.0;1.0079
dma;US;Jacksonville;500.0;500.0;113000.0;89500.0;134000.0;139500.0;139000.0;142000.0;90500.0;94000.0;94000.0;128500.0;1.0;1.2626;0.9606;0.9789;0.9628;0.7315;594000.0;571000.0;1165000.0;0.9613
dma;US;Johnstown-Altoona-State College;500.0;500.0;26000.0;21500.0;24000.0;26500.0;28000.0;28000.0;18000.0;18500.0;18500.0;25000.0;1.0;1.2093;0.9057;1.0;0.973;0.74;120000.0;115000.0;235000.0;0.9583
dma;US;Jonesboro;500.0;500.0;10500.0;8500.0;12000.0;12000.0;13500.0;14000.0;8500.0;9000.0;8000.0;10500.0;1.0;1.2353;1.0;0.9643;0.9444;0.7619;54500.0;53000.0;107500.0;0.9725
dma;US;Joplin-Pittsburg;500.0;500.0;13500.0;11500.0;13500.0;14000.0;14000.0;14000.0;9500.0;10500.0;8500.0;11500.0;1.0;1.1739;0.9643;1.0;0.9048;0.7391;62000.0;59500.0;121500.0;0.9597
dma;US;Juneau;500.0;500.0;2500.0;2000.0;2500.0;2500.0;2000.0;2000.0;1500.0;1500.0;1500.0;2000.0;1.0;1.25;1.0;1.0;1.0;0.75;10500.0;10500.0;21000.0;1.0
dma;US;Kansas City;500.0;500.0;158500.0;133000.0;173500.0;204000.0;171500.0;198500.0;119500.0;133500.0;120500.0;176000.0;1.0;1.1917;0.8505;0.864;0.8951;0.6847;845500.0;744000.0;1589500.0;0.88
dma;US;Knoxville;500.0;500.0;73000.0;58000.0;81500.0;89500.0;85000.0;97000.0;63000.0;68000.0;62000.0;85000.0;1.0;1.2586;0.9106;0.8763;0.9265;0.7294;398000.0;365000.0;763000.0;0.9171
dma;US;La Crosse-Eau Claire;500.0;500.0;25000.0;19500.0;21500.0;22500.0;19500.0;20500.0;14000.0;14000.0;14000.0;19000.0;1.0;1.2821;0.9556;0.9512;1.0;0.7368;96000.0;94500.0;190500.0;0.9844
dma;US;Lafayette, IN;500.0;500.0;10500.0;8500.0;10500.0;10500.0;9500.0;9500.0;6000.0;6000.0;6000.0;8000.0;1.0;1.2353;1.0;1.0;1.0;0.75;43000.0;43000.0;86000.0;1.0
dma;US;Lafayette, LA;500.0;500.0;28500.0;23000.0;32500.0;32000.0;38500.0;36000.0;24000.0;23000.0;22000.0;29000.0;1.0;1.2391;1.0156;1.0694;1.0435;0.7586;143500.0;146000.0;289500.0;1.0174
dma;US;Lake Charles;500.0;500.0;10500.0;8500.0;12000.0;12000.0;13500.0;13000.0;8500.0;8500.0;8000.0;10500.0;1.0;1.2353;1.0;1.0385;1.0;0.7619;53000.0;53000.0;106000.0;1.0
dma;US;Lansing;500.0;500.0;28000.0;22000.0;29000.0;31500.0;28000.0;28500.0;18500.0;18500.0;19000.0;25000.0;1.0;1.2727;0.9206;0.9825;1.0;0.76;126000.0;123000.0;249000.0;0.9762
dma;US;Laredo;500.0;500.0;17500.0;13000.0;19500.0;22500.0;18500.0;20500.0;12500.0;12500.0;13000.0;16000.0;1.0;1.3462;0.8667;0.9024;1.0;0.8125;85000.0;81500.0;166500.0;0.9588
dma;US;Las Vegas;500.0;500.0;143000.0;114000.0;182500.0;207000.0;163500.0;185000.0;110500.0;120500.0;123000.0;176000.0;1.0;1.2544;0.8816;0.8838;0.917;0.6989;803000.0;723000.0;1526000.0;0.9004
dma;US;Lexington;500.0;500.0;59500.0;45000.0;67500.0;69000.0;73500.0;75000.0;51500.0;51000.0;49500.0;63000.0;1.0;1.3222;0.9783;0.98;1.0098;0.7857;303500.0;302000.0;605500.0;0.9951
dma;US;Lima;500.0;500.0;7000.0;6500.0;7500.0;8500.0;9000.0;9000.0;5000.0;6000.0;5000.0;7500.0;1.0;1.0769;0.8824;1.0;0.8333;0.6667;38000.0;34000.0;72000.0;0.8947
dma;US;Lincoln-Hastings-Kearney;500.0;500.0;34000.0;28000.0;32000.0;36500.0;30500.0;35000.0;22000.0;24000.0;20500.0;29500.0;1.0;1.2143;0.8767;0.8714;0.9167;0.6949;153500.0;139500.0;293000.0;0.9088
dma;US;Little Rock-Pine Bluff;500.0;500.0;61500.0;49500.0;69500.0;69000.0;77000.0;75000.0;54000.0;52500.0;49500.0;64000.0;1.0;1.2424;1.0072;1.0267;1.0286;0.7734;310500.0;312000.0;622500.0;1.0048
dma;US;Los Angeles;500.0;500.0;995000.0;792000.0;1256000.0;1500500.0;991500.0;1248500.0;675000.0;781500.0;825000.0;1243000.0;1.0;1.2563;0.8371;0.7942;0.8637;0.6637;5566000.0;4743000.0;10309000.0;0.8521
dma;US;Louisville;500.0;500.0;97500.0;80500.0;116000.0;131500.0;129500.0;144000.0;86000.0;96000.0;86000.0;122000.0;1.0;1.2112;0.8821;0.8993;0.8958;0.7049;574500.0;515500.0;1090000.0;0.8973
dma;US;Lubbock;500.0;500.0;28500.0;22000.0;26000.0;28000.0;26000.0;27000.0;17000.0;17000.0;15000.0;20500.0;1.0;1.2955;0.9286;0.963;1.0;0.7317;115000.0;113000.0;228000.0;0.9826
dma;US;Macon;500.0;500.0;34000.0;28500.0;37000.0;42500.0;45000.0;47000.0;27500.0;29500.0;27000.0;37500.0;1.0;1.193;0.8706;0.9574;0.9322;0.72;185500.0;171000.0;356500.0;0.9218
dma;US;Madison;500.0;500.0;48000.0;37500.0;49500.0;52000.0;43500.0;46500.0;30500.0;31500.0;31500.0;44000.0;1.0;1.28;0.9519;0.9355;0.9683;0.7159;212000.0;203500.0;415500.0;0.9599
dma;US;Mankato;500.0;500.0;7000.0;6000.0;6000.0;6500.0;5000.0;5000.0;3500.0;4000.0;3000.0;4500.0;1.0;1.1667;0.9231;1.0;0.875;0.6667;26500.0;25000.0;51500.0;0.9434
dma;US;Marquette;500.0;500.0;7500.0;6000.0;7000.0;7000.0;7500.0;7000.0;5000.0;5000.0;5000.0;6500.0;1.0;1.25;1.0;1.0714;1.0;0.7692;32000.0;32500.0;64500.0;1.0156
dma;US;Medford-Klamath Falls;500.0;500.0;15000.0;11000.0;15000.0;15000.0;14000.0;14000.0;11500.0;10500.0;11000.0;14000.0;1.0;1.3636;1.0;1.0;1.0952;0.7857;65000.0;67000.0;132000.0;1.0308
dma;US;Memphis;500.0;500.0;118000.0;99000.0;140500.0;159500.0;161500.0;177500.0;97500.0;112000.0;97000.0;143000.0;1.0;1.1919;0.8809;0.9099;0.8705;0.6783;691500.0;615000.0;1306500.0;0.8894
dma;US;Meridian;500.0;500.0;7000.0;6000.0;7000.0;7500.0;9000.0;9000.0;6000.0;6000.0;5000.0;7500.0;1.0;1.1667;0.9333;1.0;1.0;0.6667;36500.0;34500.0;71000.0;0.9452
dma;US;Miami-Fort Lauderdale;500.0;500.0;319500.0;262500.0;380500.0;446000.0;405000.0;479500.0;284000.0;333000.0;359500.0;518000.0;1.0;1.2171;0.8531;0.8446;0.8529;0.694;2039500.0;1749000.0;3788500.0;0.8576
dma;US;Milwaukee;500.0;500.0;107000.0;85000.0;122500.0;133000.0;116000.0;123000.0;74000.0;78500.0;80500.0;112500.0;1.0;1.2588;0.9211;0.9431;0.9427;0.7156;532500.0;500500.0;1033000.0;0.9399
dma;US;Minneapolis-St. Paul;500.0;500.0;252000.0;204000.0;262000.0;297500.0;240500.0;275000.0;159500.0;178000.0;166000.0;246500.0;1.0;1.2353;0.8807;0.8745;0.8961;0.6734;1201500.0;1080500.0;2282000.0;0.8993
dma;US;Minot-Bismarck-Dickinson (Williston);500.0;500.0;17500.0;16000.0;18000.0;21500.0;18000.0;21500.0;11500.0;13500.0;10500.0;15000.0;1.0;1.0938;0.8372;0.8372;0.8519;0.7;88000.0;76000.0;164000.0;0.8636
dma;US;Missoula;500.0;500.0;11500.0;8500.0;11000.0;9500.0;8500.0;8500.0;6500.0;6500.0;6500.0;8500.0;1.0;1.3529;1.1579;1.0;1.0;0.7647;42000.0;44500.0;86500.0;1.0595
dma;US;Mobile-Pensacola (Navarre);500.0;500.0;83500.0;67000.0;92500.0;96000.0;98500.0;101500.0;66000.0;67000.0;60500.0;81500.0;1.0;1.2463;0.9635;0.9704;0.9851;0.7423;413500.0;401500.0;815000.0;0.971
dma;US;Monroe-El Dorado;500.0;500.0;17000.0;14000.0;18000.0;17500.0;21500.0;19500.0;13500.0;13000.0;12500.0;16000.0;1.0;1.2143;1.0286;1.1026;1.0385;0.7812;80500.0;83000.0;163500.0;1.0311
dma;US;Monterey-Salinas;500.0;500.0;39500.0;28500.0;37500.0;43000.0;29500.0;35000.0;22500.0;22500.0;25000.0;33000.0;1.0;1.386;0.8721;0.8429;1.0;0.7576;162500.0;154500.0;317000.0;0.9508
dma;US;Montgomery-Selma;500.0;500.0;28000.0;23500.0;33000.0;35000.0;40500.0;40500.0;26000.0;26500.0;25500.0;35000.0;1.0;1.1915;0.9429;1.0;0.9811;0.7286;161000.0;153500.0;314500.0;0.9534
dma;US;Myrtle Beach-Florence;500.0;500.0;46000.0;36000.0;48000.0;50500.0;59000.0;56500.0;39500.0;38000.0;40500.0;51000.0;1.0;1.2778;0.9505;1.0442;1.0395;0.7941;232500.0;233500.0;466000.0;1.0043
dma;US;Nashville;500.0;500.0;170500.0;138000.0;217500.0;234000.0;208000.0;236500.0;144000.0;159500.0;145000.0;204000.0;1.0;1.2355;0.9295;0.8795;0.9028;0.7108;972500.0;885500.0;1858000.0;0.9105
dma;US;New Orleans;500.0;500.0;145000.0;121000.0;167500.0;189500.0;197000.0;214000.0;126500.0;143500.0;127000.0;188000.0;1.0;1.1983;0.8839;0.9206;0.8815;0.6755;856500.0;763500.0;1620000.0;0.8914
dma;US;New York;500.0;500.0;1040500.0;881500.0;1374000.0;1630500.0;1239500.0;1498500.0;781500.0;901500.0;944000.0;1450500.0;1.0;1.1804;0.8427;0.8272;0.8669;0.6508;6363000.0;5380000.0;11743000.0;0.8455
dma;US;Norfolk-Portsmouth-Newport News;500.0;500.0;103000.0;85500.0;124000.0;133500.0;126000.0;126000.0;77500.0;79500.0;83000.0;112500.0;1.0;1.2047;0.9288;1.0;0.9748;0.7378;537500.0;514000.0;1051500.0;0.9563
dma;US;North Platte;500.0;500.0;1500.0;1500.0;1500.0;1500.0;1500.0;1500.0;1500.0;1500.0;1500.0;1500.0;1.0;1.0;1.0;1.0;1.0;1.0;8000.0;8000.0;16000.0;1.0
dma;US;Odessa-Midland;500.0;500.0;30500.0;26000.0;36500.0;45000.0;40500.0;52500.0;26000.0;32500.0;25000.0;38000.0;1.0;1.1731;0.8111;0.7714;0.8;0.6579;194500.0;159000.0;353500.0;0.8175
dma;US;Oklahoma City;500.0;500.0;125000.0;100500.0;132500.0;150500.0;138000.0;156000.0;98000.0;108500.0;96000.0;135000.0;1.0;1.2438;0.8804;0.8846;0.9032;0.7111;651000.0;590000.0;1241000.0;0.9063
dma;US;Omaha;500.0;500.0;74000.0;63000.0;79500.0;96000.0;81500.0;97000.0;54500.0;65000.0;55000.0;85000.0;1.0;1.1746;0.8281;0.8402;0.8385;0.6471;406500.0;345000.0;751500.0;0.8487
dma;US;Orlando-Daytona Beach-Melbourne;500.0;500.0;273000.0;221500.0;325000.0;357000.0;326500.0;361000.0;228000.0;250500.0;260500.0;365000.0;1.0;1.2325;0.9104;0.9044;0.9102;0.7137;1555500.0;1413500.0;2969000.0;0.9087
dma;US;Ottumwa-Kirksville;500.0;500.0;4500.0;4000.0;4000.0;5000.0;5000.0;5000.0;3500.0;4000.0;3000.0;4500.0;1.0;1.125;0.8;1.0;0.875;0.6667;23000.0;20500.0;43500.0;0.8913
dma;US;Paducah-Cape Girardeau-Harrisburg;500.0;500.0;37000.0;29500.0;38500.0;39500.0;46000.0;46000.0;32000.0;32500.0;30500.0;38500.0;1.0;1.2542;0.9747;1.0;0.9846;0.7922;186500.0;184500.0;371000.0;0.9893
dma;US;Palm Springs;500.0;500.0;137000.0;102500.0;148000.0;160500.0;125000.0;131500.0;92500.0;91500.0;100500.0;137000.0;1.0;1.3366;0.9221;0.9506;1.0109;0.7336;623500.0;603500.0;1227000.0;0.9679
dma;US;Panama City;500.0;500.0;24000.0;17000.0;24000.0;22000.0;25000.0;23500.0;18000.0;16500.0;16000.0;20500.0;1.0;1.4118;1.0909;1.0638;1.0909;0.7805;100000.0;107500.0;207500.0;1.075
dma;US;Parkersburg;500.0;500.0;5000.0;4000.0;6000.0;6000.0;7000.0;7000.0;5000.0;5000.0;5000.0;6000.0;1.0;1.25;1.0;1.0;1.0;0.8333;28500.0;28500.0;57000.0;1.0
dma;US;Peoria-Bloomington;500.0;500.0;27000.0;20500.0;27000.0;27500.0;28500.0;28000.0;18500.0;18500.0;18500.0;24000.0;1.0;1.3171;0.9818;1.0179;1.0;0.7708;119000.0;120000.0;239000.0;1.0084
dma;US;Philadelphia;500.0;500.0;423000.0;346000.0;510500.0;566000.0;528000.0;562000.0;322000.0;341000.0;356000.0;509500.0;1.0;1.2225;0.9019;0.9395;0.9443;0.6987;2325000.0;2140000.0;4465000.0;0.9204
dma;US;Phoenix (Prescott);500.0;500.0;325000.0;254000.0;377500.0;430500.0;315000.0;371500.0;229500.0;250500.0;251500.0;355000.0;1.0;1.2795;0.8769;0.8479;0.9162;0.7085;1662000.0;1499000.0;3161000.0;0.9019
dma;US;Pittsburgh;500.0;500.0;126000.0;101500.0;149500.0;161500.0;163000.0;170500.0;103500.0;110500.0;114000.0;158000.0;1.0;1.2414;0.9257;0.956;0.9367;0.7215;702500.0;656500.0;1359000.0;0.9345
dma;US;Portland, OR;500.0;500.0;146500.0;110500.0;176000.0;185500.0;137500.0;159500.0;101500.0;108000.0;112000.0;156000.0;1.0;1.3258;0.9488;0.8621;0.9398;0.7179;720000.0;674000.0;1394000.0;0.9361
dma;US;Portland-Auburn;500.0;500.0;41500.0;31000.0;45000.0;42000.0;43000.0;40500.0;29500.0;27500.0;31500.0;40500.0;1.0;1.3387;1.0714;1.0617;1.0727;0.7778;182000.0;191000.0;373000.0;1.0495
dma;US;Presque Isle;500.0;500.0;2000.0;1500.0;2000.0;2000.0;2000.0;2500.0;1500.0;1500.0;1500.0;2500.0;1.0;1.3333;1.0;0.8;1.0;0.6;10500.0;9500.0;20000.0;0.9048
dma;US;Providence-New Bedford;500.0;500.0;84000.0;66500.0;100500.0;106000.0;99500.0;100500.0;62500.0;61500.0;69500.0;95000.0;1.0;1.2632;0.9481;0.99;1.0163;0.7316;430000.0;416500.0;846500.0;0.9686
dma;US;Quincy-Hannibal-Keokuk;500.0;500.0;8500.0;7500.0;8500.0;9500.0;10500.0;10500.0;7000.0;7500.0;7000.0;9000.0;1.0;1.1333;0.8947;1.0;0.9333;0.7778;44500.0;42000.0;86500.0;0.9438
dma;US;Raleigh-Durham (Fayetteville);500.0;500.0;168500.0;136000.0;202500.0;217000.0;192500.0;207000.0;129500.0;137000.0;137000.0;189500.0;1.0;1.239;0.9332;0.93;0.9453;0.723;887000.0;830500.0;1717500.0;0.9363
dma;US;Rapid City;500.0;500.0;10500.0;8500.0;9500.0;10500.0;9000.0;9500.0;7000.0;7000.0;6000.0;8500.0;1.0;1.2353;0.9048;0.9474;1.0;0.7059;44500.0;42500.0;87000.0;0.9551
dma;US;Reno;500.0;500.0;41000.0;31500.0;45000.0;49500.0;36000.0;42000.0;27000.0;28500.0;28500.0;39500.0;1.0;1.3016;0.9091;0.8571;0.9474;0.7215;191500.0;178000.0;369500.0;0.9295
dma;US;Richmond-Petersburg;500.0;500.0;85000.0;70500.0;106000.0;118500.0;106000.0;116500.0;67000.0;74500.0;75000.0;107000.0;1.0;1.2057;0.8945;0.9099;0.8993;0.7009;487500.0;439500.0;927000.0;0.9015
dma;US;Roanoke-Lynchburg;500.0;500.0;46500.0;37500.0;51000.0;54000.0;52500.0;56500.0;36500.0;39500.0;38000.0;52500.0;1.0;1.24;0.9444;0.9292;0.9241;0.7238;240500.0;225000.0;465500.0;0.9356
dma;US;Rochester, NY;500.0;500.0;55000.0;44000.0;64000.0;66500.0;69500.0;67500.0;40500.0;40500.0;45000.0;59500.0;1.0;1.25;0.9624;1.0296;1.0;0.7563;278500.0;274500.0;553000.0;0.9856
dma;US;Rochestr-Mason City-Austin;500.0;500.0;15000.0;12000.0;16000.0;17000.0;15000.0;16000.0;10500.0;10500.0;10500.0;14000.0;1.0;1.25;0.9412;0.9375;1.0;0.75;70000.0;67500.0;137500.0;0.9643
dma;US;Rockford;500.0;500.0;20500.0;16000.0;22500.0;23500.0;22500.0;22500.0;15000.0;15000.0;15000.0;19500.0;1.0;1.2812;0.9574;1.0;1.0;0.7692;97000.0;96000.0;193000.0;0.9897
dma;US;Sacramento-Stockton-Modesto;500.0;500.0;293000.0;224000.0;304000.0;360500.0;260500.0;317500.0;189500.0;212500.0;207000.0;308500.0;1.0;1.308;0.8433;0.8205;0.8918;0.671;1423500.0;1254500.0;2678000.0;0.8813
dma;US;Salisbury;500.0;500.0;28000.0;21500.0;29000.0;30500.0;29500.0;29500.0;19500.0;18500.0;20500.0;27000.0;1.0;1.3023;0.9508;1.0;1.0541;0.7593;127500.0;127000.0;254500.0;0.9961
dma;US;Salt Lake City;500.0;500.0;175000.0;131500.0;198000.0;213500.0;146500.0;179000.0;107500.0;118500.0;105500.0;148500.0;1.0;1.3308;0.9274;0.8184;0.9072;0.7104;791500.0;733000.0;1524500.0;0.9261
dma;US;San Angelo;500.0;500.0;8000.0;7000.0;8000.0;8500.0;8000.0;8500.0;6000.0;6000.0;5000.0;7000.0;1.0;1.1429;0.9412;0.9412;1.0;0.7143;37500.0;35500.0;73000.0;0.9467
dma;US;San Antonio;500.0;500.0;256500.0;203000.0;291500.0;356000.0;288000.0;368500.0;204000.0;244000.0;221000.0;328000.0;1.0;1.2635;0.8188;0.7815;0.8361;0.6738;1500000.0;1261500.0;2761500.0;0.841
dma;US;San Diego;500.0;500.0;164000.0;128500.0;192500.0;208000.0;129500.0;153000.0;94000.0;101500.0;112500.0;164000.0;1.0;1.2763;0.9255;0.8464;0.9261;0.686;755500.0;693000.0;1448500.0;0.9173
dma;US;San Francisco-Oakland-San Jose;500.0;500.0;374500.0;298500.0;427000.0;537000.0;322000.0;443000.0;228500.0;280500.0;283000.0;452500.0;1.0;1.2546;0.7952;0.7269;0.8146;0.6254;2012000.0;1635500.0;3647500.0;0.8129
dma;US;Santa Barbara-Santa Maria-San Luis Obispo;500.0;500.0;39500.0;27500.0;33000.0;36500.0;24000.0;28500.0;18500.0;19000.0;21000.0;28000.0;1.0;1.4364;0.9041;0.8421;0.9737;0.75;140000.0;136500.0;276500.0;0.975
dma;US;Savannah;500.0;500.0;54000.0;42000.0;59000.0;62000.0;59500.0;59500.0;38500.0;38000.0;38000.0;49500.0;1.0;1.2857;0.9516;1.0;1.0132;0.7677;251500.0;249500.0;501000.0;0.992
dma;US;Seattle-Tacoma;500.0;500.0;281000.0;230500.0;328000.0;386000.0;259500.0;329000.0;182500.0;212000.0;205000.0;309500.0;1.0;1.2191;0.8497;0.7888;0.8608;0.6624;1467500.0;1256500.0;2724000.0;0.8562
dma;US;Sherman-Ada;500.0;500.0;16000.0;12500.0;17000.0;17000.0;18000.0;18500.0;13000.0;13000.0;11500.0;15000.0;1.0;1.28;1.0;0.973;1.0;0.7667;76500.0;76000.0;152500.0;0.9935
dma;US;Shreveport;500.0;500.0;38500.0;31500.0;42000.0;41500.0;50500.0;47000.0;32000.0;31500.0;29500.0;38000.0;1.0;1.2222;1.012;1.0745;1.0159;0.7763;190000.0;193000.0;383000.0;1.0158
dma;US;Sioux City;500.0;500.0;19500.0;17000.0;18500.0;21500.0;18500.0;21500.0;12500.0;14000.0;12000.0;17000.0;1.0;1.1471;0.8605;0.8605;0.8929;0.7059;91500.0;81500.0;173000.0;0.8907
dma;US;Sioux Falls(Mitchell);500.0;500.0;33500.0;28500.0;31500.0;36000.0;29500.0;34000.0;20500.0;23000.0;19500.0;27000.0;1.0;1.1754;0.875;0.8676;0.8913;0.7222;149000.0;135000.0;284000.0;0.906
dma;US;South Bend-Elkhart;500.0;500.0;38000.0;29500.0;39500.0;42000.0;40500.0;42000.0;27500.0;28500.0;27500.0;37000.0;1.0;1.2881;0.9405;0.9643;0.9649;0.7432;179500.0;173500.0;353000.0;0.9666
dma;US;Spokane;500.0;500.0;56500.0;42000.0;56000.0;59500.0;46000.0;52000.0;34500.0;35000.0;35000.0;47000.0;1.0;1.3452;0.9412;0.8846;0.9857;0.7447;236000.0;228500.0;464500.0;0.9682
dma;US;Springfield, MO;500.0;500.0;39500.0;31500.0;40500.0;40500.0;40500.0;41500.0;29500.0;30500.0;28000.0;37000.0;1.0;1.254;1.0;0.9759;0.9672;0.7568;181500.0;178500.0;360000.0;0.9835
dma;US;Springfield-Holyoke;500.0;500.0;30500.0;23000.0;33500.0;35000.0;33000.0;32500.0;20500.0;19500.0;22500.0;29000.0;1.0;1.3261;0.9571;1.0154;1.0513;0.7759;139500.0;140500.0;280000.0;1.0072
dma;US;St. Joseph;500.0;500.0;5000.0;4000.0;5500.0;6000.0;6500.0;7000.0;4000.0;5000.0;4000.0;6000.0;1.0;1.25;0.9167;0.9286;0.8;0.6667;28500.0;25500.0;54000.0;0.8947
dma;US;St. Louis;500.0;500.0;147000.0;125000.0;168500.0;190500.0;183000.0;196000.0;122500.0;131500.0;127000.0;181500.0;1.0;1.176;0.8845;0.9337;0.9316;0.6997;825000.0;748500.0;1573500.0;0.9073
dma;US;Syracuse;500.0;500.0;38500.0;31000.0;43000.0;45000.0;45000.0;43500.0;27000.0;26500.0;29500.0;38500.0;1.0;1.2419;0.9556;1.0345;1.0189;0.7662;185000.0;183500.0;368500.0;0.9919
dma;US;Tallahassee-Thomasville;500.0;500.0;40500.0;30500.0;37500.0;37000.0;38000.0;35500.0;24000.0;23500.0;24000.0;31500.0;1.0;1.3279;1.0135;1.0704;1.0213;0.7619;158500.0;164500.0;323000.0;1.0379
dma;US;Tampa-St. Petersburg (Sarasota);500.0;500.0;240500.0;189000.0;295500.0;310500.0;296000.0;318500.0;208000.0;221000.0;236000.0;323500.0;1.0;1.2725;0.9517;0.9294;0.9412;0.7295;1363000.0;1276500.0;2639500.0;0.9365
dma;US;Terre Haute;500.0;500.0;12000.0;9500.0;12500.0;12500.0;15000.0;15000.0;9500.0;10500.0;9500.0;12500.0;1.0;1.2632;1.0;1.0;0.9048;0.76;60500.0;59000.0;119500.0;0.9752
dma;US;Toledo;500.0;500.0;45500.0;37000.0;50500.0;52000.0;56000.0;55000.0;35000.0;35000.0;35000.0;46000.0;1.0;1.2297;0.9712;1.0182;1.0;0.7609;225500.0;222500.0;448000.0;0.9867
dma;US;Topeka;500.0;500.0;20500.0;17000.0;19500.0;21500.0;17500.0;18500.0;13000.0;12500.0;11500.0;15000.0;1.0;1.2059;0.907;0.9459;1.04;0.7667;85000.0;82500.0;167500.0;0.9706
dma;US;Traverse City-Cadillac;500.0;500.0;24000.0;18000.0;23000.0;23000.0;24000.0;23500.0;18000.0;17000.0;18500.0;25000.0;1.0;1.3333;1.0;1.0213;1.0588;0.74;107000.0;108000.0;215000.0;1.0093
dma;US;Tri-Cities, TN-VA;500.0;500.0;27500.0;21500.0;31500.0;32000.0;35000.0;37000.0;27500.0;27000.0;27000.0;35000.0;1.0;1.2791;0.9844;0.9459;1.0185;0.7714;153000.0;149000.0;302000.0;0.9739
dma;US;Tucson (Sierra Vista);500.0;500.0;53000.0;39500.0;58500.0;65000.0;51000.0;56500.0;38500.0;38500.0;44000.0;59000.0;1.0;1.3418;0.9;0.9027;1.0;0.7458;259000.0;245500.0;504500.0;0.9479
dma;US;Tulsa;500.0;500.0;68500.0;53000.0;75000.0;78500.0;78000.0;81500.0;55000.0;56000.0;53000.0;69500.0;1.0;1.2925;0.9554;0.9571;0.9821;0.7626;339000.0;330000.0;669000.0;0.9735
dma;US;Twin Falls;500.0;500.0;7500.0;6000.0;7000.0;7500.0;6000.0;7500.0;5000.0;5000.0;4000.0;6000.0;1.0;1.25;0.9333;0.8;1.0;0.6667;32500.0;30000.0;62500.0;0.9231
dma;US;Tyler-Longview (Lufkin-Nacogdoches);500.0;500.0;39500.0;31500.0;40500.0;42000.0;42500.0;43000.0;30500.0;30500.0;29000.0;37500.0;1.0;1.254;0.9643;0.9884;1.0;0.7733;185000.0;182500.0;367500.0;0.9865
dma;US;Utica;500.0;500.0;13500.0;11000.0;14000.0;15500.0;16000.0;16000.0;9500.0;9500.0;10500.0;13000.0;1.0;1.2273;0.9032;1.0;1.0;0.8077;65500.0;64000.0;129500.0;0.9771
dma;US;Victoria;500.0;500.0;4000.0;3000.0;5000.0;5000.0;5000.0;5000.0;3500.0;3000.0;3000.0;4000.0;1.0;1.3333;1.0;1.0;1.1667;0.75;20500.0;21000.0;41500.0;1.0244
dma;US;Waco-Temple-Bryan;500.0;500.0;61500.0;48500.0;61500.0;66000.0;57000.0;57000.0;36500.0;35000.0;34000.0;43000.0;1.0;1.268;0.9318;1.0;1.0429;0.7907;250000.0;251000.0;501000.0;1.004
dma;US;Washington (Hagerstown);500.0;500.0;428000.0;362000.0;503000.0;600500.0;456500.0;547500.0;295000.0;346000.0;326500.0;504000.0;1.0;1.1823;0.8376;0.8338;0.8526;0.6478;2360500.0;2009500.0;4370000.0;0.8513
dma;US;Watertown;500.0;500.0;9000.0;8000.0;10500.0;11500.0;10500.0;10500.0;6500.0;6500.0;6500.0;8500.0;1.0;1.125;0.913;1.0;1.0;0.7647;45500.0;43500.0;89000.0;0.956
dma;US;Wausau-Rhinelander;500.0;500.0;19500.0;16000.0;18000.0;19500.0;18000.0;19000.0;13000.0;13000.0;13000.0;17500.0;1.0;1.2188;0.9231;0.9474;1.0;0.7429;85500.0;82000.0;167500.0;0.9591
dma;US;West Palm Beach-Fort Pierce;500.0;500.0;96500.0;79000.0;111000.0;124000.0;114500.0;122500.0;79500.0;84000.0;97000.0;134000.0;1.0;1.2215;0.8952;0.9347;0.9464;0.7239;544000.0;499000.0;1043000.0;0.9173
dma;US;Wheeling-Steubenville, OH;500.0;500.0;9500.0;7500.0;10500.0;11500.0;13500.0;13000.0;8500.0;8500.0;8500.0;11500.0;1.0;1.2667;0.913;1.0385;1.0;0.7391;52500.0;51000.0;103500.0;0.9714
dma;US;Wichita Falls & Lawton;500.0;500.0;17000.0;15000.0;18500.0;20500.0;20500.0;20500.0;13500.0;14000.0;12500.0;16500.0;1.0;1.1333;0.9024;1.0;0.9643;0.7576;87000.0;82500.0;169500.0;0.9483
dma;US;Wichita-Hutchinson;500.0;500.0;53000.0;43500.0;53500.0;58500.0;52500.0;56000.0;38000.0;38000.0;35000.0;47000.0;1.0;1.2184;0.9145;0.9375;1.0;0.7447;243500.0;232500.0;476000.0;0.9548
dma;US;Wilkes-Barre–Scranton–Hazleton;500.0;500.0;57500.0;46000.0;60500.0;65000.0;70500.0;69000.0;45000.0;44000.0;47000.0;61500.0;1.0;1.25;0.9308;1.0217;1.0227;0.7642;286000.0;281000.0;567000.0;0.9825
dma;US;Wilmington;500.0;500.0;31000.0;22500.0;33000.0;30500.0;30500.0;29500.0;23000.0;21500.0;24500.0;30500.0;1.0;1.3778;1.082;1.0339;1.0698;0.8033;135000.0;142500.0;277500.0;1.0556
dma;US;Yakima-Pasco-Richland-Kennewick;500.0;500.0;42000.0;31000.0;43000.0;51500.0;37000.0;46000.0;26000.0;27500.0;26000.0;36000.0;1.0;1.3548;0.835;0.8043;0.9455;0.7222;192500.0;174500.0;367000.0;0.9065
dma;US;Youngstown;500.0;500.0;18500.0;15000.0;22000.0;23000.0;25000.0;24500.0;16000.0;16000.0;17000.0;21500.0;1.0;1.2333;0.9565;1.0204;1.0;0.7907;100500.0;99000.0;199500.0;0.9851
dma;US;Yuma-El Centro;500.0;500.0;19500.0;14000.0;19500.0;22000.0;18500.0;18500.0;13000.0;11500.0;15000.0;17000.0;1.0;1.3929;0.8864;1.0;1.1304;0.8824;83500.0;86000.0;169500.0;1.0299
dma;US;Zanesville;500.0;500.0;3000.0;2500.0;4500.0;4500.0;5500.0;5000.0;3000.0;3000.0;3000.0;4000.0;1.0;1.2;1.0;1.1;1.0;0.75;19500.0;19500.0;39000.0;1.0
