Country Code,Country Name,year,female1317,female1824,male1317,male1824
ABW,Aruba,2021,3437.5,4097.0,3591.5,4418.0
ABW,Aruba,2022,3425.0,4280.0,3574.0,4630.0
ABW,Aruba,2023,3398.0,4459.5,3541.5,4809.0
ABW,Aruba,2024,3383.5,4614.0,3520.0,4944.5
ABW,Aruba,2025,3382.5,4725.5,3517.0,5018.0
AFE,Africa Eastern and Southern,2021,0.0,0.0,0.0,0.0
AFE,Africa Eastern and Southern,2022,0.0,0.0,0.0,0.0
AFE,Africa Eastern and Southern,2023,0.0,0.0,0.0,0.0
AFE,Africa Eastern and Southern,2024,0.0,0.0,0.0,0.0
AFE,Africa Eastern and Southern,2025,0.0,0.0,0.0,0.0
AFG,Afghanistan,2021,2341890.0,2841046.0,2462760.5,2953647.0
AFG,Afghanistan,2022,2354723.5,2877191.5,2475958.0,2994051.0
AFG,Afghanistan,2023,2386105.5,2925723.5,2508936.0,3051771.0
AFG,Afghanistan,2024,2441497.0,2988532.0,2566328.0,3123323.5
AFG,Afghanistan,2025,2503971.0,3043454.0,2630299.5,3185306.5
AFW,Africa Western and Central,2021,0.0,0.0,0.0,0.0
AFW,Africa Western and Central,2022,0.0,0.0,0.0,0.0
AFW,Africa Western and Central,2023,0.0,0.0,0.0,0.0
AFW,Africa Western and Central,2024,0.0,0.0,0.0,0.0
AFW,Africa Western and Central,2025,0.0,0.0,0.0,0.0
AGO,Angola,2021,1929191.5,2114847.0,1933177.0,2098988.5
AGO,Angola,2022,2010946.5,2193257.0,2016188.0,2178740.0
AGO,Angola,2023,2092913.5,2278202.5,2099434.0,2265408.0
AGO,Angola,2024,2174814.0,2372325.0,2182511.0,2361349.0
AGO,Angola,2025,2256347.0,2474399.0,2265155.0,2465244.5
ALB,Albania,2021,83625.5,144546.5,91280.5,152197.0
ALB,Albania,2022,80879.0,136400.5,88433.5,145081.0
ALB,Albania,2023,78977.0,130717.5,86117.0,140056.5
ALB,Albania,2024,77742.0,124584.5,84693.5,134415.0
ALB,Albania,2025,77597.5,117788.0,84732.0,128049.5
AND,Andorra,2021,1915.0,2868.0,2149.5,3174.0
AND,Andorra,2022,1980.0,2976.0,2196.0,3231.0
AND,Andorra,2023,2060.5,3067.5,2212.0,3284.5
AND,Andorra,2024,2122.0,3085.0,2208.5,3349.0
AND,Andorra,2025,2143.0,3082.5,2191.0,3362.0
ARB,Arab World,2021,0.0,0.0,0.0,0.0
ARB,Arab World,2022,0.0,0.0,0.0,0.0
ARB,Arab World,2023,0.0,0.0,0.0,0.0
ARB,Arab World,2024,0.0,0.0,0.0,0.0
ARB,Arab World,2025,0.0,0.0,0.0,0.0
ARE,United Arab Emirates,2021,209406.5,449814.0,217418.0,671774.5
ARE,United Arab Emirates,2022,219867.5,469739.5,227836.5,700481.5
ARE,United Arab Emirates,2023,232438.5,470070.0,241860.5,687990.5
ARE,United Arab Emirates,2024,243539.5,458776.0,252503.0,678046.0
ARE,United Arab Emirates,2025,249813.0,450075.0,253438.0,705818.0
ARG,Argentina,2021,1711633.0,2379433.0,1807179.0,2487017.5
ARG,Argentina,2022,1729688.5,2374993.0,1828642.0,2484142.0
ARG,Argentina,2023,1747937.5,2375187.0,1849581.5,2486187.0
ARG,Argentina,2024,1767469.5,2375781.5,1870987.0,2489325.5
ARG,Argentina,2025,1782401.5,2375502.5,1886790.5,2492470.0
ARM,Armenia,2021,85804.5,115632.5,90153.5,116525.5
ARM,Armenia,2022,88339.0,117182.0,92986.0,117000.5
ARM,Armenia,2023,92549.0,124001.0,98231.5,123871.5
ARM,Armenia,2024,95131.0,127111.5,101892.0,127286.0
ARM,Armenia,2025,95542.0,124350.0,103324.5,125313.5
ASM,American Samoa,2021,2517.0,2588.5,2669.5,2754.0
ASM,American Samoa,2022,2426.5,2602.0,2537.5,2793.0
ASM,American Samoa,2023,2363.5,2628.5,2448.5,2845.0
ASM,American Samoa,2024,2334.5,2687.5,2408.0,2920.5
ASM,American Samoa,2025,2304.5,2764.0,2371.5,2989.0
ATG,Antigua and Barbuda,2021,3146.0,4790.0,3230.0,4892.0
ATG,Antigua and Barbuda,2022,3211.0,4676.0,3297.5,4788.5
ATG,Antigua and Barbuda,2023,3242.5,4590.5,3331.5,4704.5
ATG,Antigua and Barbuda,2024,3234.0,4537.5,3324.0,4652.5
ATG,Antigua and Barbuda,2025,3198.5,4461.5,3289.0,4577.0
AUS,Australia,2021,753522.0,1095621.5,801057.5,1163189.5
AUS,Australia,2022,773587.0,1084484.0,820993.0,1150531.0
AUS,Australia,2023,790921.0,1082036.5,837356.5,1146763.5
AUS,Australia,2024,802164.0,1091647.5,847563.5,1154648.5
AUS,Australia,2025,807739.5,1112354.0,852422.5,1173529.0
AUT,Austria,2021,209436.5,328565.5,220311.0,347959.0
AUT,Austria,2022,210577.0,323797.5,221424.0,342720.0
AUT,Austria,2023,210880.5,318174.5,221744.5,336431.5
AUT,Austria,2024,210136.0,314754.5,221718.5,331644.0
AUT,Austria,2025,210007.0,315476.5,222555.5,331215.5
AZE,Azerbaijan,2021,346966.5,454728.5,387767.5,472829.0
AZE,Azerbaijan,2022,361573.0,443040.0,403543.5,470604.5
AZE,Azerbaijan,2023,373686.5,440606.5,416456.5,476431.0
AZE,Azerbaijan,2024,383768.5,445803.0,427271.5,488430.0
AZE,Azerbaijan,2025,393544.0,458460.5,437791.0,507009.5
BDI,Burundi,2021,769379.5,757562.5,771356.0,756808.5
BDI,Burundi,2022,811423.0,794661.0,813672.0,793476.5
BDI,Burundi,2023,854618.0,842280.0,857248.0,840490.0
BDI,Burundi,2024,895764.5,892565.5,898815.5,890202.0
BDI,Burundi,2025,931659.5,942772.5,935164.0,939932.0
BEL,Belgium,2021,321604.0,454569.5,337936.0,473354.0
BEL,Belgium,2022,328320.5,454483.0,344417.0,472648.0
BEL,Belgium,2023,334459.0,452900.0,350359.0,473144.0
BEL,Belgium,2024,338060.0,456741.0,354047.0,478007.5
BEL,Belgium,2025,339444.5,466060.0,355635.0,487545.0
BEN,Benin,2021,740613.5,857053.0,764186.5,883696.0
BEN,Benin,2022,761500.0,880434.5,784925.5,907728.0
BEN,Benin,2023,782379.5,904897.5,805473.0,932714.5
BEN,Benin,2024,802975.0,930597.0,825794.0,958687.0
BEN,Benin,2025,824085.0,957400.5,846871.5,985544.5
BFA,Burkina Faso,2021,1287646.0,1441876.5,1324097.0,1470391.5
BFA,Burkina Faso,2022,1333039.5,1488126.0,1371045.0,1518300.0
BFA,Burkina Faso,2023,1377987.0,1536576.5,1417271.0,1567504.0
BFA,Burkina Faso,2024,1420400.0,1589221.0,1461197.0,1621706.0
BFA,Burkina Faso,2025,1459954.5,1644863.5,1502475.0,1680003.0
BGD,Bangladesh,2021,8634047.5,12046418.0,8626394.0,10403514.5
BGD,Bangladesh,2022,8510123.0,12111186.0,8702682.0,10408006.5
BGD,Bangladesh,2023,8325552.5,12107133.0,8729347.5,10608563.0
BGD,Bangladesh,2024,8140047.5,12080639.5,8712498.5,10853700.5
BGD,Bangladesh,2025,7969465.5,12022540.5,8653746.0,11121325.5
BGR,Bulgaria,2021,160062.5,207804.0,169821.0,220712.5
BGR,Bulgaria,2022,164641.0,211354.0,174263.5,224062.5
BGR,Bulgaria,2023,168469.0,217251.5,177936.0,229529.5
BGR,Bulgaria,2024,169986.5,218905.5,179618.5,231503.0
BGR,Bulgaria,2025,170355.5,218538.0,180075.0,231781.5
BHR,Bahrain,2021,41252.5,64524.5,48565.0,98836.5
BHR,Bahrain,2022,42004.5,59284.5,45322.5,93099.0
BHR,Bahrain,2023,43838.0,55211.0,44440.0,85627.5
BHR,Bahrain,2024,45173.0,56807.5,46118.0,85231.5
BHR,Bahrain,2025,45873.0,59113.5,46835.5,88579.0
BHS,"Bahamas, The",2021,13973.5,20681.0,14170.5,20414.0
BHS,"Bahamas, The",2022,14131.0,20299.5,14335.0,20043.5
BHS,"Bahamas, The",2023,14178.5,20063.5,14381.0,19800.0
BHS,"Bahamas, The",2024,14058.5,20037.5,14270.5,19797.5
BHS,"Bahamas, The",2025,13867.0,20230.5,14097.5,20042.5
BIH,Bosnia and Herzegovina,2021,80414.5,119251.0,86804.5,130714.0
BIH,Bosnia and Herzegovina,2022,78894.0,116739.0,85160.0,127706.5
BIH,Bosnia and Herzegovina,2023,77922.0,114623.0,84071.5,124881.5
BIH,Bosnia and Herzegovina,2024,76482.0,112836.0,82488.0,122580.0
BIH,Bosnia and Herzegovina,2025,74745.0,111463.0,80572.5,120907.0
BLR,Belarus,2021,226934.0,299056.5,239649.5,317346.0
BLR,Belarus,2022,236818.0,295027.5,250438.0,313305.5
BLR,Belarus,2023,246719.0,295095.0,261458.0,312522.5
BLR,Belarus,2024,255172.0,296009.0,270764.0,312620.0
BLR,Belarus,2025,262844.5,299067.0,278882.0,315914.0
BLZ,Belize,2021,18966.5,26906.0,19482.5,27482.5
BLZ,Belize,2022,18881.5,27254.5,19519.0,28032.5
BLZ,Belize,2023,18653.5,27564.5,19401.0,28564.5
BLZ,Belize,2024,18260.5,27394.5,19050.5,28384.5
BLZ,Belize,2025,17983.0,26986.0,18801.5,27978.0
BMU,Bermuda,2021,1563.5,2385.5,1738.5,2374.0
BMU,Bermuda,2022,1592.0,2369.5,1768.0,2400.0
BMU,Bermuda,2023,1608.5,2326.5,1785.5,2400.5
BMU,Bermuda,2024,1607.0,2280.5,1778.5,2402.0
BMU,Bermuda,2025,1593.0,2239.5,1748.0,2406.5
BOL,Bolivia,2021,577135.5,770154.5,595004.0,788453.5
BOL,Bolivia,2022,581912.0,774290.0,600261.5,792901.5
BOL,Bolivia,2023,586417.0,778643.0,605168.5,797622.0
BOL,Bolivia,2024,589690.0,783445.0,608717.0,802854.5
BOL,Bolivia,2025,591925.0,789009.5,611109.0,808873.5
BRA,Brazil,2021,7428184.0,11278441.0,7714166.0,11576379.0
BRA,Brazil,2022,7331312.0,11107717.0,7617275.0,11413989.0
BRA,Brazil,2023,7236441.0,10922076.0,7521439.5,11234820.5
BRA,Brazil,2024,7155553.0,10738010.0,7438667.0,11053477.0
BRA,Brazil,2025,7094843.5,10563774.5,7376097.5,10878394.0
BRB,Barbados,2021,8942.5,12918.5,9179.5,13278.5
BRB,Barbados,2022,8975.5,12900.5,9264.0,13301.5
BRB,Barbados,2023,8930.5,12848.5,9278.5,13223.0
BRB,Barbados,2024,8857.5,12739.5,9248.5,13063.5
BRB,Barbados,2025,8737.0,12598.0,9113.0,12907.0
BRN,Brunei Darussalam,2021,15604.5,24326.5,16880.5,28321.5
BRN,Brunei Darussalam,2022,15251.0,24061.0,16571.5,27370.0
BRN,Brunei Darussalam,2023,15006.5,23765.0,16285.0,26526.5
BRN,Brunei Darussalam,2024,14966.0,23477.5,16205.5,25826.5
BRN,Brunei Darussalam,2025,15128.5,23198.0,16428.0,25263.5
BTN,Bhutan,2021,33346.0,48081.0,35902.5,53754.0
BTN,Bhutan,2022,32465.5,48446.5,35184.5,53140.0
BTN,Bhutan,2023,31699.0,48684.5,34591.5,52684.5
BTN,Bhutan,2024,31167.0,48764.5,34221.5,52443.0
BTN,Bhutan,2025,30898.5,48655.5,34065.5,52360.5
BWA,Botswana,2021,123328.0,172195.0,124968.5,173574.5
BWA,Botswana,2022,122690.5,173295.5,124232.0,174227.0
BWA,Botswana,2023,121733.0,173149.5,123101.0,173553.5
BWA,Botswana,2024,121152.0,172600.0,122455.0,172936.0
BWA,Botswana,2025,121093.5,171778.0,122444.5,172163.5
CAF,Central African Republic,2021,330354.0,378892.5,334931.0,368726.5
CAF,Central African Republic,2022,332250.5,386100.5,333703.0,363824.0
CAF,Central African Republic,2023,340101.5,397791.5,339930.5,367195.5
CAF,Central African Republic,2024,353499.5,410437.5,355297.5,385277.0
CAF,Central African Republic,2025,367372.0,420740.5,370743.0,401154.5
CAN,Canada,2021,1011593.0,1605211.0,1048652.0,1725595.5
CAN,Canada,2022,1029434.0,1604961.5,1066025.5,1705499.0
CAN,Canada,2023,1048711.5,1618943.0,1085271.5,1699444.5
CAN,Canada,2024,1059088.5,1627693.0,1097134.5,1691794.5
CAN,Canada,2025,1060644.5,1634230.5,1101466.0,1686139.5
CEB,Central Europe and the Baltics,2021,0.0,0.0,0.0,0.0
CEB,Central Europe and the Baltics,2022,0.0,0.0,0.0,0.0
CEB,Central Europe and the Baltics,2023,0.0,0.0,0.0,0.0
CEB,Central Europe and the Baltics,2024,0.0,0.0,0.0,0.0
CEB,Central Europe and the Baltics,2025,0.0,0.0,0.0,0.0
CHE,Switzerland,2021,204773.5,311849.0,216569.5,333530.5
CHE,Switzerland,2022,208293.0,307903.0,220648.5,329217.5
CHE,Switzerland,2023,211995.5,303406.0,224163.0,323960.0
CHE,Switzerland,2024,215335.5,303109.0,227081.5,322844.5
CHE,Switzerland,2025,217913.0,307503.5,229927.5,325969.0
CHI,Channel Islands,2021,4157.0,6123.0,4326.0,6454.0
CHI,Channel Islands,2022,4211.0,6139.0,4364.0,6445.0
CHI,Channel Islands,2023,4285.0,6136.0,4408.0,6417.0
CHI,Channel Islands,2024,4362.0,6166.0,4471.0,6402.0
CHI,Channel Islands,2025,4425.0,6250.0,4551.0,6446.0
CHL,Chile,2021,586405.0,955181.0,610774.5,983118.5
CHL,Chile,2022,589916.5,932499.0,614263.5,959759.0
CHL,Chile,2023,596136.0,911252.0,620103.0,938495.5
CHL,Chile,2024,602918.5,891510.0,626706.0,919477.0
CHL,Chile,2025,608089.0,874220.0,631920.5,903216.5
CHN,China,2021,37553231.0,52490424.0,44057289.0,61025657.5
CHN,China,2022,38334516.0,51828532.5,44961144.0,60412550.0
CHN,China,2023,39077717.0,51498361.0,45800111.5,60156776.0
CHN,China,2024,39682750.5,51390974.0,46455691.5,60146647.5
CHN,China,2025,40465565.5,51310904.0,47291997.0,60151495.0
CIV,Cote d'Ivoire,2021,1583645.0,1736238.0,1675514.5,1886675.5
CIV,Cote d'Ivoire,2022,1657457.0,1794978.0,1746439.5,1959129.0
CIV,Cote d'Ivoire,2023,1728490.0,1861016.0,1818235.5,2025867.5
CIV,Cote d'Ivoire,2024,1787548.5,1942311.0,1880790.0,2099472.5
CIV,Cote d'Ivoire,2025,1830615.5,2042823.5,1927684.0,2190858.0
CMR,Cameroon,2021,1527872.0,1741040.0,1534921.5,1741739.0
CMR,Cameroon,2022,1574213.5,1795842.5,1581767.5,1796738.5
CMR,Cameroon,2023,1618138.0,1855505.0,1626599.5,1856709.5
CMR,Cameroon,2024,1659086.5,1915728.5,1668944.0,1917212.0
CMR,Cameroon,2025,1697299.5,1976336.5,1709142.5,1977957.0
COD,"Congo, Dem. Rep.",2021,5526604.0,6295759.5,5508689.0,6261285.5
COD,"Congo, Dem. Rep.",2022,5735521.5,6471208.5,5715217.5,6430687.5
COD,"Congo, Dem. Rep.",2023,5957897.5,6675769.5,5935419.0,6628840.0
COD,"Congo, Dem. Rep.",2024,6185810.0,6894298.5,6161762.0,6841436.0
COD,"Congo, Dem. Rep.",2025,6420749.0,7117127.5,6396135.0,7058527.0
COG,"Congo, Rep.",2021,321491.5,352296.0,325060.5,355154.0
COG,"Congo, Rep.",2022,336079.5,364494.5,339974.5,367456.0
COG,"Congo, Rep.",2023,352088.5,378460.5,356390.5,381524.5
COG,"Congo, Rep.",2024,368570.0,393725.0,373354.5,396919.0
COG,"Congo, Rep.",2025,383623.0,410130.0,388924.5,413504.0
COL,Colombia,2021,1961593.5,3042894.5,2042788.0,3111865.0
COL,Colombia,2022,1935242.0,3026806.0,2016120.5,3098549.0
COL,Colombia,2023,1908799.5,2995704.0,1989063.5,3070600.0
COL,Colombia,2024,1880431.5,2952474.0,1959768.0,3030965.0
COL,Colombia,2025,1852002.5,2905841.5,1930145.0,2988216.5
COM,Comoros,2021,42455.5,52696.0,44956.5,53628.0
COM,Comoros,2022,43240.0,53677.5,45575.5,55168.5
COM,Comoros,2023,44140.5,54377.5,46245.5,56293.0
COM,Comoros,2024,45225.0,54978.0,47148.5,57241.0
COM,Comoros,2025,46412.5,55632.0,48222.0,58179.5
CPV,Cabo Verde,2021,22873.0,27715.0,24793.0,31598.0
CPV,Cabo Verde,2022,23192.5,27835.0,25054.5,31684.5
CPV,Cabo Verde,2023,23398.5,28214.0,25239.0,31946.0
CPV,Cabo Verde,2024,23571.5,28793.5,25397.0,32360.0
CPV,Cabo Verde,2025,23718.0,29503.0,25519.0,32818.0
CRI,Costa Rica,2021,176212.0,266672.5,183918.0,277678.0
CRI,Costa Rica,2022,177163.0,262651.0,184924.5,273522.0
CRI,Costa Rica,2023,176847.0,259084.0,184627.0,269803.0
CRI,Costa Rica,2024,176366.0,255242.5,184154.0,265745.5
CRI,Costa Rica,2025,176574.5,251262.0,184362.5,261519.5
CSS,Caribbean small states,2021,0.0,0.0,0.0,0.0
CSS,Caribbean small states,2022,0.0,0.0,0.0,0.0
CSS,Caribbean small states,2023,0.0,0.0,0.0,0.0
CSS,Caribbean small states,2024,0.0,0.0,0.0,0.0
CSS,Caribbean small states,2025,0.0,0.0,0.0,0.0
CUB,Cuba,2021,288684.5,468415.5,302831.5,491458.0
CUB,Cuba,2022,285546.0,461645.5,299608.0,483501.5
CUB,Cuba,2023,287565.0,449841.5,301603.5,470674.0
CUB,Cuba,2024,293611.5,435472.0,307603.5,455692.0
CUB,Cuba,2025,299275.5,421251.0,313812.0,441253.5
CUW,Curacao,2021,5171.5,8735.5,5369.0,10189.5
CUW,Curacao,2022,5108.0,8440.0,5267.5,9708.5
CUW,Curacao,2023,5093.0,8180.5,5243.0,9247.0
CUW,Curacao,2024,5138.5,7998.5,5301.5,8871.5
CUW,Curacao,2025,5246.0,7891.0,5435.0,8595.5
CYM,Cayman Islands,2021,1751.5,2487.5,1762.5,2574.5
CYM,Cayman Islands,2022,1835.5,2503.0,1882.5,2556.0
CYM,Cayman Islands,2023,1905.0,2562.5,1982.0,2576.5
CYM,Cayman Islands,2024,1952.5,2660.5,2047.0,2650.5
CYM,Cayman Islands,2025,1972.0,2784.5,2072.0,2775.0
CYP,Cyprus,2021,31337.5,51577.0,33336.5,53889.0
CYP,Cyprus,2022,31688.0,50670.5,33705.0,52879.0
CYP,Cyprus,2023,32185.5,49955.0,34222.0,52134.5
CYP,Cyprus,2024,32795.0,49648.0,34852.5,51867.5
CYP,Cyprus,2025,33529.0,49751.0,35605.5,52056.5
CZE,Czechia,2021,259886.0,324944.5,274000.0,344402.0
CZE,Czechia,2022,276368.0,347570.0,289750.5,365402.0
CZE,Czechia,2023,288726.0,368919.0,301623.0,385190.0
CZE,Czechia,2024,289379.5,368817.0,302568.0,385590.0
CZE,Czechia,2025,285027.5,370789.0,298272.0,387852.5
DEU,Germany,2021,1834553.0,2925726.0,1946908.5,3196503.0
DEU,Germany,2022,1842159.0,2860959.0,1953143.5,3110598.0
DEU,Germany,2023,1854845.5,2807158.0,1965477.5,3034480.5
DEU,Germany,2024,1864416.0,2772508.5,1973361.0,2976215.0
DEU,Germany,2025,1862337.5,2747710.0,1969181.0,2930727.0
DJI,Djibouti,2021,57662.5,75876.5,58609.5,76487.5
DJI,Djibouti,2022,57174.5,77577.5,58117.0,78208.5
DJI,Djibouti,2023,56764.5,78943.5,57705.0,79598.0
DJI,Djibouti,2024,56466.5,80155.5,57408.0,80843.0
DJI,Djibouti,2025,56235.0,81204.0,57178.5,81929.0
DMA,Dominica,2021,2240.5,3291.5,2170.0,3297.5
DMA,Dominica,2022,2247.5,3190.5,2134.0,3202.0
DMA,Dominica,2023,2256.5,3137.5,2111.5,3142.5
DMA,Dominica,2024,2235.0,3104.0,2100.0,3081.0
DMA,Dominica,2025,2208.5,3068.5,2115.5,3000.0
DNK,Denmark,2021,166911.5,251009.5,174986.5,262193.0
DNK,Denmark,2022,167942.5,251874.5,176347.5,262209.5
DNK,Denmark,2023,168474.0,251178.0,177271.0,260563.5
DNK,Denmark,2024,167219.5,250741.5,175991.5,260172.0
DNK,Denmark,2025,164429.5,252284.5,173062.0,262210.0
DOM,Dominican Republic,2021,478624.5,667528.0,498989.5,691212.0
DOM,Dominican Republic,2022,480223.5,667017.5,500697.5,691203.0
DOM,Dominican Republic,2023,484124.5,665806.5,504767.5,690571.5
DOM,Dominican Republic,2024,489886.0,663129.5,510646.0,688243.0
DOM,Dominican Republic,2025,495759.5,658426.0,516521.0,683649.0
DZA,Algeria,2021,1697000.5,1986394.0,1775541.0,2076086.0
DZA,Algeria,2022,1791992.5,1986518.0,1874950.0,2065423.5
DZA,Algeria,2023,1885467.5,2019312.0,1971884.0,2095749.0
DZA,Algeria,2024,1973810.5,2079040.0,2062857.0,2161589.5
DZA,Algeria,2025,2060807.0,2153248.5,2152282.5,2242654.0
EAP,East Asia & Pacific (excluding high income),2021,0.0,0.0,0.0,0.0
EAP,East Asia & Pacific (excluding high income),2022,0.0,0.0,0.0,0.0
EAP,East Asia & Pacific (excluding high income),2023,0.0,0.0,0.0,0.0
EAP,East Asia & Pacific (excluding high income),2024,0.0,0.0,0.0,0.0
EAP,East Asia & Pacific (excluding high income),2025,0.0,0.0,0.0,0.0
EAR,Early-demographic dividend,2021,0.0,0.0,0.0,0.0
EAR,Early-demographic dividend,2022,0.0,0.0,0.0,0.0
EAR,Early-demographic dividend,2023,0.0,0.0,0.0,0.0
EAR,Early-demographic dividend,2024,0.0,0.0,0.0,0.0
EAR,Early-demographic dividend,2025,0.0,0.0,0.0,0.0
EAS,East Asia & Pacific,2021,0.0,0.0,0.0,0.0
EAS,East Asia & Pacific,2022,0.0,0.0,0.0,0.0
EAS,East Asia & Pacific,2023,0.0,0.0,0.0,0.0
EAS,East Asia & Pacific,2024,0.0,0.0,0.0,0.0
EAS,East Asia & Pacific,2025,0.0,0.0,0.0,0.0
ECA,Europe & Central Asia (excluding high income),2021,0.0,0.0,0.0,0.0
ECA,Europe & Central Asia (excluding high income),2022,0.0,0.0,0.0,0.0
ECA,Europe & Central Asia (excluding high income),2023,0.0,0.0,0.0,0.0
ECA,Europe & Central Asia (excluding high income),2024,0.0,0.0,0.0,0.0
ECA,Europe & Central Asia (excluding high income),2025,0.0,0.0,0.0,0.0
ECS,Europe & Central Asia,2021,0.0,0.0,0.0,0.0
ECS,Europe & Central Asia,2022,0.0,0.0,0.0,0.0
ECS,Europe & Central Asia,2023,0.0,0.0,0.0,0.0
ECS,Europe & Central Asia,2024,0.0,0.0,0.0,0.0
ECS,Europe & Central Asia,2025,0.0,0.0,0.0,0.0
ECU,Ecuador,2021,772747.5,1085222.0,804336.0,1120848.0
ECU,Ecuador,2022,775869.5,1079996.0,807869.5,1116322.0
ECU,Ecuador,2023,780244.0,1075250.5,812632.5,1112402.0
ECU,Ecuador,2024,785227.5,1071523.0,817930.0,1109467.0
ECU,Ecuador,2025,789318.5,1069314.0,822214.5,1107954.5
EGY,"Egypt, Arab Rep.",2021,5125196.0,6429241.5,5350753.0,6729830.0
EGY,"Egypt, Arab Rep.",2022,5245320.0,6545632.5,5487653.0,6839767.5
EGY,"Egypt, Arab Rep.",2023,5388924.0,6673425.0,5647960.0,6960686.5
EGY,"Egypt, Arab Rep.",2024,5543741.5,6801559.0,5816013.5,7084663.5
EGY,"Egypt, Arab Rep.",2025,5708109.0,6917641.5,5989603.0,7200187.5
EMU,Euro area,2021,0.0,0.0,0.0,0.0
EMU,Euro area,2022,0.0,0.0,0.0,0.0
EMU,Euro area,2023,0.0,0.0,0.0,0.0
EMU,Euro area,2024,0.0,0.0,0.0,0.0
EMU,Euro area,2025,0.0,0.0,0.0,0.0
ERI,Eritrea,2021,211012.5,241063.0,213878.0,244280.5
ERI,Eritrea,2022,213461.0,246819.0,216398.0,249959.0
ERI,Eritrea,2023,214866.0,254150.0,217877.0,257251.5
ERI,Eritrea,2024,215966.5,262218.5,219033.0,265219.5
ERI,Eritrea,2025,217112.5,270312.5,220242.0,273145.5
ESP,Spain,2021,1214115.0,1638175.5,1285059.0,1735114.0
ESP,Spain,2022,1229935.0,1651783.5,1302982.0,1752962.5
ESP,Spain,2023,1234455.5,1664089.5,1309767.5,1766907.5
ESP,Spain,2024,1230756.5,1694745.0,1307068.0,1795786.0
ESP,Spain,2025,1219664.5,1740232.5,1295288.0,1837461.0
EST,Estonia,2021,34682.5,43002.0,36715.5,45150.5
EST,Estonia,2022,36537.0,44123.5,38689.0,46067.5
EST,Estonia,2023,38132.5,45347.0,40226.0,47412.0
EST,Estonia,2024,38714.0,45913.0,40719.0,48337.5
EST,Estonia,2025,38332.0,46227.5,40298.0,48820.5
ETH,Ethiopia,2021,7134058.0,8696353.5,7335488.0,8854707.0
ETH,Ethiopia,2022,7224966.5,8913255.5,7434044.5,9067173.5
ETH,Ethiopia,2023,7289274.5,9132131.0,7503722.5,9286353.5
ETH,Ethiopia,2024,7344772.5,9382527.5,7563267.0,9542600.0
ETH,Ethiopia,2025,7391595.5,9656579.0,7613633.0,9826438.5
EUU,European Union,2021,0.0,0.0,0.0,0.0
EUU,European Union,2022,0.0,0.0,0.0,0.0
EUU,European Union,2023,0.0,0.0,0.0,0.0
EUU,European Union,2024,0.0,0.0,0.0,0.0
EUU,European Union,2025,0.0,0.0,0.0,0.0
FCS,Fragile and conflict affected situations,2021,0.0,0.0,0.0,0.0
FCS,Fragile and conflict affected situations,2022,0.0,0.0,0.0,0.0
FCS,Fragile and conflict affected situations,2023,0.0,0.0,0.0,0.0
FCS,Fragile and conflict affected situations,2024,0.0,0.0,0.0,0.0
FCS,Fragile and conflict affected situations,2025,0.0,0.0,0.0,0.0
FIN,Finland,2021,149756.5,206200.0,156585.5,218912.0
FIN,Finland,2022,152161.0,206320.0,159028.5,218804.5
FIN,Finland,2023,154860.5,207595.5,161827.5,219679.0
FIN,Finland,2024,156610.0,211487.5,163828.0,222870.5
FIN,Finland,2025,157497.0,217315.5,164630.0,228166.5
FJI,Fiji,2021,41171.5,52534.0,40554.5,52067.0
FJI,Fiji,2022,41548.5,52585.0,40911.5,51942.0
FJI,Fiji,2023,41796.0,52966.5,41257.5,52212.5
FJI,Fiji,2024,41839.5,53513.0,41452.0,52652.5
FJI,Fiji,2025,41744.5,54206.0,41556.5,53250.0
FRA,France,2021,1988535.0,2713555.0,2097512.0,2844006.5
FRA,France,2022,1998845.5,2744114.0,2104829.5,2884705.0
FRA,France,2023,2005266.5,2754211.0,2108648.0,2900370.0
FRA,France,2024,2003562.0,2789891.0,2104635.0,2938396.5
FRA,France,2025,1993428.0,2850460.0,2093286.0,2996277.0
FRO,Faroe Islands,2021,1821.5,2111.0,1897.0,2477.5
FRO,Faroe Islands,2022,1835.5,2228.0,1912.5,2580.0
FRO,Faroe Islands,2023,1845.5,2411.0,1912.0,2722.5
FRO,Faroe Islands,2024,1842.0,2563.0,1903.0,2828.0
FRO,Faroe Islands,2025,1806.5,2665.0,1913.0,2846.0
FSM,"Micronesia, Fed. Sts.",2021,5978.0,7910.0,5932.0,8054.0
FSM,"Micronesia, Fed. Sts.",2022,5949.0,7854.5,5942.5,7984.0
FSM,"Micronesia, Fed. Sts.",2023,5912.5,7759.0,5971.5,7910.5
FSM,"Micronesia, Fed. Sts.",2024,5862.5,7710.5,6038.5,7807.0
FSM,"Micronesia, Fed. Sts.",2025,5846.0,7678.0,6110.0,7687.5
GAB,Gabon,2021,114127.5,137784.5,114490.0,139611.0
GAB,Gabon,2022,117932.0,140502.0,118342.5,141741.5
GAB,Gabon,2023,122170.5,143562.0,122685.0,144392.0
GAB,Gabon,2024,126803.0,147643.0,127471.5,148364.5
GAB,Gabon,2025,131496.5,152723.5,132336.5,153634.0
GBR,United Kingdom,2021,1913819.5,2737976.5,2015532.5,2906598.0
GBR,United Kingdom,2022,1969252.5,2717865.0,2070705.5,2879472.0
GBR,United Kingdom,2023,2014835.0,2690366.0,2117869.0,2846692.0
GBR,United Kingdom,2024,2056783.5,2711944.0,2161706.5,2861496.0
GBR,United Kingdom,2025,2093460.0,2780520.0,2199193.5,2924558.5
GEO,Georgia,2021,106624.5,143450.5,113314.0,152170.0
GEO,Georgia,2022,112574.0,143193.0,118926.5,152242.0
GEO,Georgia,2023,119207.5,143936.0,125195.5,153083.0
GEO,Georgia,2024,124398.0,144062.0,130331.5,153158.5
GEO,Georgia,2025,128309.5,145326.0,134649.0,154210.0
GHA,Ghana,2021,1713220.5,2062278.5,1744939.0,2094595.0
GHA,Ghana,2022,1744881.0,2115650.5,1776480.5,2147479.0
GHA,Ghana,2023,1777751.5,2170895.5,1809696.5,2202014.5
GHA,Ghana,2024,1813307.0,2224851.5,1845987.0,2255074.5
GHA,Ghana,2025,1854342.0,2271075.5,1887948.0,2300212.0
GIB,Gibraltar,2021,1121.0,1484.5,1136.0,1609.5
GIB,Gibraltar,2022,1144.5,1553.5,1166.0,1652.5
GIB,Gibraltar,2023,1157.0,1662.0,1190.5,1719.0
GIB,Gibraltar,2024,1170.5,1736.0,1208.5,1776.5
GIB,Gibraltar,2025,1176.0,1762.0,1227.0,1801.0
GIN,Guinea,2021,773725.5,937528.5,793952.0,958928.0
GIN,Guinea,2022,794492.0,953381.0,815384.0,975243.0
GIN,Guinea,2023,814817.0,971660.5,836392.0,993727.0
GIN,Guinea,2024,833954.0,991425.5,856295.5,1013636.5
GIN,Guinea,2025,851755.5,1011465.0,874915.0,1033759.0
GMB,"Gambia, The",2021,147314.5,172869.0,149902.0,174944.0
GMB,"Gambia, The",2022,151796.5,176493.0,154445.5,178730.5
GMB,"Gambia, The",2023,156307.5,180574.5,159027.0,182959.5
GMB,"Gambia, The",2024,160842.5,185250.0,163640.5,187694.0
GMB,"Gambia, The",2025,165551.0,190456.5,168433.5,192875.0
GNB,Guinea-Bissau,2021,116636.5,138203.0,118560.0,139472.5
GNB,Guinea-Bissau,2022,119482.5,141709.5,121520.0,143104.0
GNB,Guinea-Bissau,2023,122261.0,145306.0,124426.5,146823.5
GNB,Guinea-Bissau,2024,125019.5,148982.0,127332.5,150623.0
GNB,Guinea-Bissau,2025,127750.5,152755.5,130221.0,154520.5
GNQ,Equatorial Guinea,2021,85294.0,91750.5,87536.5,101274.5
GNQ,Equatorial Guinea,2022,89263.5,94808.5,90838.5,104008.5
GNQ,Equatorial Guinea,2023,92895.5,98702.0,94176.0,107143.0
GNQ,Equatorial Guinea,2024,96425.0,103706.0,97771.0,111246.0
GNQ,Equatorial Guinea,2025,99811.5,109615.0,101268.5,116382.0
GRC,Greece,2021,260158.0,361873.5,279190.5,399164.0
GRC,Greece,2022,261203.5,349609.5,278387.5,386459.0
GRC,Greece,2023,262900.5,346118.5,278320.5,381468.5
GRC,Greece,2024,260499.0,342026.0,275221.0,375755.0
GRC,Greece,2025,257767.0,345100.5,272316.5,377226.0
GRD,Grenada,2021,4178.0,6004.5,4357.5,6285.0
GRD,Grenada,2022,4219.0,5909.5,4403.0,6168.0
GRD,Grenada,2023,4250.0,5825.0,4433.5,6057.5
GRD,Grenada,2024,4268.0,5749.5,4452.0,5963.0
GRD,Grenada,2025,4273.5,5679.0,4457.0,5879.0
GRL,Greenland,2021,1735.5,2572.0,1828.5,2677.0
GRL,Greenland,2022,1723.0,2500.0,1825.5,2617.5
GRL,Greenland,2023,1723.0,2411.5,1828.5,2537.5
GRL,Greenland,2024,1734.5,2323.0,1842.5,2451.0
GRL,Greenland,2025,1746.5,2269.5,1858.5,2399.5
GTM,Guatemala,2021,937750.0,1260779.0,959886.5,1285445.0
GTM,Guatemala,2022,937226.5,1272533.0,959684.0,1297431.5
GTM,Guatemala,2023,938487.0,1283069.5,961386.0,1307903.0
GTM,Guatemala,2024,941979.5,1290888.5,965473.5,1315413.0
GTM,Guatemala,2025,947253.5,1296729.0,971348.0,1320868.0
GUM,Guam,2021,5868.0,7843.5,6143.5,8684.0
GUM,Guam,2022,5937.0,7835.0,6208.0,8576.5
GUM,Guam,2023,6042.0,7820.5,6325.0,8462.5
GUM,Guam,2024,6197.0,7815.0,6505.5,8361.5
GUM,Guam,2025,6381.0,7833.5,6724.5,8299.0
GUY,Guyana,2021,35612.5,53785.5,36808.5,54685.5
GUY,Guyana,2022,36029.5,52275.0,37230.0,53480.5
GUY,Guyana,2023,36490.0,50388.0,37702.0,51841.0
GUY,Guyana,2024,37013.0,48878.0,38219.5,50487.0
GUY,Guyana,2025,37502.5,47940.5,38689.5,49624.0
HIC,High income,2021,0.0,0.0,0.0,0.0
HIC,High income,2022,0.0,0.0,0.0,0.0
HIC,High income,2023,0.0,0.0,0.0,0.0
HIC,High income,2024,0.0,0.0,0.0,0.0
HIC,High income,2025,0.0,0.0,0.0,0.0
HKG,"Hong Kong SAR, China",2021,139490.0,226937.5,141089.5,221779.5
HKG,"Hong Kong SAR, China",2022,140091.0,211500.0,143363.5,208382.0
HKG,"Hong Kong SAR, China",2023,140806.5,200529.5,145102.5,199492.0
HKG,"Hong Kong SAR, China",2024,143340.5,191035.0,148378.5,192237.0
HKG,"Hong Kong SAR, China",2025,145774.0,184449.0,151190.5,186879.5
HND,Honduras,2021,520073.0,713735.0,545286.0,743958.5
HND,Honduras,2022,519731.0,719209.5,544983.5,750220.5
HND,Honduras,2023,519658.5,723228.5,544954.5,754927.0
HND,Honduras,2024,519953.5,725292.0,545328.0,757551.0
HND,Honduras,2025,520596.0,725368.5,546034.5,758066.0
HPC,Heavily indebted poor countries (HIPC),2021,0.0,0.0,0.0,0.0
HPC,Heavily indebted poor countries (HIPC),2022,0.0,0.0,0.0,0.0
HPC,Heavily indebted poor countries (HIPC),2023,0.0,0.0,0.0,0.0
HPC,Heavily indebted poor countries (HIPC),2024,0.0,0.0,0.0,0.0
HPC,Heavily indebted poor countries (HIPC),2025,0.0,0.0,0.0,0.0
HRV,Croatia,2021,97433.0,137877.5,103210.5,146257.0
HRV,Croatia,2022,99609.0,135685.5,105141.0,143760.0
HRV,Croatia,2023,101124.0,135539.5,106470.5,143449.0
HRV,Croatia,2024,101127.0,135246.5,106522.5,143098.0
HRV,Croatia,2025,100620.5,134338.0,106172.5,142116.0
HTI,Haiti,2021,579090.0,765845.5,585883.5,768600.5
HTI,Haiti,2022,582666.5,768888.0,589615.0,771683.5
HTI,Haiti,2023,586683.0,771903.5,593627.0,774784.5
HTI,Haiti,2024,591255.5,775639.0,598101.0,778629.5
HTI,Haiti,2025,595295.5,779614.0,601892.5,782711.0
HUN,Hungary,2021,239943.5,346113.5,253212.5,367717.5
HUN,Hungary,2022,242618.5,341275.5,255724.0,361506.5
HUN,Hungary,2023,242481.5,339404.5,254923.5,359258.5
HUN,Hungary,2024,238403.0,343173.5,250278.0,363497.5
HUN,Hungary,2025,233445.0,348072.5,245776.0,368465.5
IBD,IBRD only,2021,0.0,0.0,0.0,0.0
IBD,IBRD only,2022,0.0,0.0,0.0,0.0
IBD,IBRD only,2023,0.0,0.0,0.0,0.0
IBD,IBRD only,2024,0.0,0.0,0.0,0.0
IBD,IBRD only,2025,0.0,0.0,0.0,0.0
IBT,IDA & IBRD total,2021,0.0,0.0,0.0,0.0
IBT,IDA & IBRD total,2022,0.0,0.0,0.0,0.0
IBT,IDA & IBRD total,2023,0.0,0.0,0.0,0.0
IBT,IDA & IBRD total,2024,0.0,0.0,0.0,0.0
IBT,IDA & IBRD total,2025,0.0,0.0,0.0,0.0
IDA,IDA total,2021,0.0,0.0,0.0,0.0
IDA,IDA total,2022,0.0,0.0,0.0,0.0
IDA,IDA total,2023,0.0,0.0,0.0,0.0
IDA,IDA total,2024,0.0,0.0,0.0,0.0
IDA,IDA total,2025,0.0,0.0,0.0,0.0
IDB,IDA blend,2021,0.0,0.0,0.0,0.0
IDB,IDA blend,2022,0.0,0.0,0.0,0.0
IDB,IDA blend,2023,0.0,0.0,0.0,0.0
IDB,IDA blend,2024,0.0,0.0,0.0,0.0
IDB,IDA blend,2025,0.0,0.0,0.0,0.0
IDN,Indonesia,2021,11260507.0,15095670.5,11863167.0,15869019.0
IDN,Indonesia,2022,11393009.0,15065989.5,11998829.0,15841783.5
IDN,Indonesia,2023,11505377.0,15080748.0,12114183.0,15860337.5
IDN,Indonesia,2024,11620379.5,15155416.5,12234425.0,15940118.0
IDN,Indonesia,2025,11739317.0,15276561.5,12360626.0,16067453.0
IDX,IDA only,2021,0.0,0.0,0.0,0.0
IDX,IDA only,2022,0.0,0.0,0.0,0.0
IDX,IDA only,2023,0.0,0.0,0.0,0.0
IDX,IDA only,2024,0.0,0.0,0.0,0.0
IDX,IDA only,2025,0.0,0.0,0.0,0.0
IMN,Isle of Man,2021,2119.5,2927.5,2393.5,3171.0
IMN,Isle of Man,2022,2170.0,2916.5,2422.5,3202.0
IMN,Isle of Man,2023,2247.0,2927.5,2452.0,3260.0
IMN,Isle of Man,2024,2312.5,2944.0,2462.0,3294.5
IMN,Isle of Man,2025,2350.5,2971.5,2459.5,3320.5
IND,India,2021,61225244.0,85870211.5,67381531.5,94719972.0
IND,India,2022,60826892.0,86222803.5,66920158.0,95088210.0
IND,India,2023,60511013.0,86361858.5,66557920.0,95215254.0
IND,India,2024,60275877.0,86285952.0,66285929.0,95081729.5
IND,India,2025,60106484.5,85946983.5,66067519.5,94642348.5
INX,Not classified,2021,0.0,0.0,0.0,0.0
INX,Not classified,2022,0.0,0.0,0.0,0.0
INX,Not classified,2023,0.0,0.0,0.0,0.0
INX,Not classified,2024,0.0,0.0,0.0,0.0
INX,Not classified,2025,0.0,0.0,0.0,0.0
IRL,Ireland,2021,164559.5,219166.0,172994.5,226259.0
IRL,Ireland,2022,170070.0,225115.0,178777.5,232485.5
IRL,Ireland,2023,176170.5,228917.0,184717.5,236936.0
IRL,Ireland,2024,180697.0,233986.5,188980.5,242567.0
IRL,Ireland,2025,182687.0,242155.0,190855.0,251395.5
IRN,"Iran, Islamic Rep.",2021,2981815.5,3912321.0,3149706.5,4097118.0
IRN,"Iran, Islamic Rep.",2022,3072763.0,3940471.0,3245345.0,4128756.5
IRN,"Iran, Islamic Rep.",2023,3155547.5,3989714.0,3332837.0,4181216.0
IRN,"Iran, Islamic Rep.",2024,3222205.5,4040255.5,3404529.0,4234595.5
IRN,"Iran, Islamic Rep.",2025,3284719.5,4094567.0,3473048.0,4292864.5
IRQ,Iraq,2021,2272637.0,2816522.5,2383484.5,2930556.5
IRQ,Iraq,2022,2334710.0,2871868.5,2449226.0,2992327.5
IRQ,Iraq,2023,2407380.0,2926072.0,2526280.0,3052528.5
IRQ,Iraq,2024,2494072.0,2978051.0,2618110.0,3110123.5
IRQ,Iraq,2025,2589288.0,3034205.5,2718858.0,3171570.5
ISL,Iceland,2021,11309.0,16857.5,11902.0,17528.5
ISL,Iceland,2022,11702.5,17181.5,12360.5,17651.5
ISL,Iceland,2023,12070.0,17531.5,12750.0,17893.5
ISL,Iceland,2024,12241.0,17705.5,12934.0,18176.5
ISL,Iceland,2025,12245.5,17804.5,12956.5,18478.0
ISR,Israel,2021,354516.5,456127.0,372628.5,476376.5
ISR,Israel,2022,361870.0,468319.5,380042.0,488983.0
ISR,Israel,2023,371491.0,477833.0,389863.5,499144.5
ISR,Israel,2024,380641.5,486885.5,399388.0,508750.0
ISR,Israel,2025,389377.0,499075.5,408327.0,521128.5
ITA,Italy,2021,1387241.0,1977269.5,1473500.5,2167530.0
ITA,Italy,2022,1390781.5,1995200.0,1475299.5,2169560.0
ITA,Italy,2023,1389477.0,2011765.5,1472737.5,2166208.5
ITA,Italy,2024,1380779.5,2030110.0,1462786.5,2168846.5
ITA,Italy,2025,1364605.0,2055221.5,1445488.5,2185788.0
JAM,Jamaica,2021,113004.0,171348.5,116925.5,177248.0
JAM,Jamaica,2022,110412.0,167417.0,114259.5,173147.5
JAM,Jamaica,2023,107438.0,163550.5,111231.5,169150.5
JAM,Jamaica,2024,104290.5,160175.0,108021.0,165670.5
JAM,Jamaica,2025,101058.0,157324.0,104706.5,162745.5
JOR,Jordan,2021,553395.0,682073.5,556481.0,705721.5
JOR,Jordan,2022,569960.0,688379.0,571870.0,705778.0
JOR,Jordan,2023,585836.0,697112.0,587330.5,710792.5
JOR,Jordan,2024,597921.5,707055.5,600415.5,717654.0
JOR,Jordan,2025,599277.5,712893.5,604829.0,719535.5
JPN,Japan,2021,2740939.0,4123352.0,2906136.5,4327407.5
JPN,Japan,2022,2719023.5,4102229.5,2880847.5,4314353.0
JPN,Japan,2023,2707398.5,4077577.5,2867003.0,4296052.0
JPN,Japan,2024,2696235.5,4078181.5,2853826.0,4296671.0
JPN,Japan,2025,2674496.5,4111641.5,2828430.0,4323816.0
KAZ,Kazakhstan,2021,734826.0,820875.5,769206.0,854470.5
KAZ,Kazakhstan,2022,780259.5,829309.0,817408.0,863314.0
KAZ,Kazakhstan,2023,823441.0,851114.5,862867.5,885957.5
KAZ,Kazakhstan,2024,860800.5,880784.5,901692.0,917303.5
KAZ,Kazakhstan,2025,891277.5,920678.5,932372.0,959684.0
KEN,Kenya,2021,3182643.5,3744724.5,3180865.5,3614024.0
KEN,Kenya,2022,3258230.5,3854442.0,3264103.0,3732897.5
KEN,Kenya,2023,3325828.0,3964748.5,3341363.5,3859640.5
KEN,Kenya,2024,3376297.5,4073265.5,3400928.0,3986626.5
KEN,Kenya,2025,3403230.5,4181007.5,3435664.5,4114104.0
KGZ,Kyrgyz Republic,2021,283287.0,368481.0,298758.0,364181.5
KGZ,Kyrgyz Republic,2022,295694.5,370965.5,314483.0,364043.0
KGZ,Kyrgyz Republic,2023,311211.0,373620.5,331144.5,370787.0
KGZ,Kyrgyz Republic,2024,327498.5,376297.0,347817.5,378943.0
KGZ,Kyrgyz Republic,2025,341347.0,380515.0,361910.0,388691.5
KHM,Cambodia,2021,798525.5,974710.5,833680.5,965601.5
KHM,Cambodia,2022,809490.0,981397.0,844600.0,977989.5
KHM,Cambodia,2023,813699.5,994441.5,847722.0,996276.5
KHM,Cambodia,2024,814735.0,1012313.0,847470.5,1020825.5
KHM,Cambodia,2025,814513.0,1033269.0,845850.0,1049941.5
KIR,Kiribati,2021,6029.0,8089.5,5910.0,8118.5
KIR,Kiribati,2022,6338.0,7907.0,6158.5,7977.0
KIR,Kiribati,2023,6647.5,7750.5,6427.0,7837.5
KIR,Kiribati,2024,6944.0,7686.5,6714.0,7750.5
KIR,Kiribati,2025,7184.0,7749.5,6981.5,7746.5
KNA,St. Kitts and Nevis,2021,1632.5,2489.5,1496.0,2317.0
KNA,St. Kitts and Nevis,2022,1623.0,2424.0,1487.0,2257.0
KNA,St. Kitts and Nevis,2023,1547.5,2357.0,1415.5,2193.5
KNA,St. Kitts and Nevis,2024,1468.5,2304.5,1356.0,2131.5
KNA,St. Kitts and Nevis,2025,1434.0,2275.0,1351.0,2087.0
KOR,"Korea, Rep.",2021,1103197.0,2069368.0,1180433.0,2242622.5
KOR,"Korea, Rep.",2022,1096286.0,1968815.0,1169501.0,2132411.5
KOR,"Korea, Rep.",2023,1099001.5,1876466.0,1170369.0,2042031.0
KOR,"Korea, Rep.",2024,1115799.5,1798901.5,1185400.0,1958588.0
KOR,"Korea, Rep.",2025,1127253.0,1744954.5,1194277.5,1890328.5
KWT,Kuwait,2021,124760.0,147123.0,141846.5,171452.0
KWT,Kuwait,2022,134119.0,152088.0,141799.0,172863.0
KWT,Kuwait,2023,143997.0,159658.0,152755.0,174331.5
KWT,Kuwait,2024,148389.5,165990.0,157702.5,179757.0
KWT,Kuwait,2025,150183.5,172313.0,159494.0,191896.5
LAC,Latin America & Caribbean (excluding high income),2021,0.0,0.0,0.0,0.0
LAC,Latin America & Caribbean (excluding high income),2022,0.0,0.0,0.0,0.0
LAC,Latin America & Caribbean (excluding high income),2023,0.0,0.0,0.0,0.0
LAC,Latin America & Caribbean (excluding high income),2024,0.0,0.0,0.0,0.0
LAC,Latin America & Caribbean (excluding high income),2025,0.0,0.0,0.0,0.0
LAO,Lao PDR,2021,361808.0,496480.5,373035.0,509028.0
LAO,Lao PDR,2022,364605.0,496159.5,375800.5,509488.0
LAO,Lao PDR,2023,366792.0,495928.0,378075.5,509309.5
LAO,Lao PDR,2024,367946.5,495724.5,379447.0,508600.5
LAO,Lao PDR,2025,368604.0,495462.5,380458.5,508193.0
LBN,Lebanon,2021,250306.5,317869.0,271913.5,342600.5
LBN,Lebanon,2022,254606.0,318554.0,274173.0,348720.5
LBN,Lebanon,2023,259372.0,319405.0,276988.0,352772.5
LBN,Lebanon,2024,264725.5,321894.0,280600.0,356305.5
LBN,Lebanon,2025,270136.5,326899.5,284568.5,360636.5
LBR,Liberia,2021,309613.5,345330.0,316088.5,349770.0
LBR,Liberia,2022,318452.0,357383.0,325362.5,362437.5
LBR,Liberia,2023,325841.0,370493.0,333079.0,376118.0
LBR,Liberia,2024,331478.5,384015.0,338959.5,390197.0
LBR,Liberia,2025,336866.5,397399.0,344607.5,404111.0
LBY,Libya,2021,324593.5,398269.0,345038.0,417456.5
LBY,Libya,2022,329014.5,406517.5,349665.5,426599.5
LBY,Libya,2023,332981.5,414943.5,353449.0,436525.5
LBY,Libya,2024,337787.0,424117.0,357718.0,447714.5
LBY,Libya,2025,340634.0,434020.5,359903.0,459324.0
LCA,St. Lucia,2021,6116.0,10064.5,6429.5,10379.0
LCA,St. Lucia,2022,6052.0,9779.0,6375.5,10100.5
LCA,St. Lucia,2023,5978.0,9540.0,6308.0,9838.5
LCA,St. Lucia,2024,5837.5,9273.0,6153.0,9580.5
LCA,St. Lucia,2025,5678.0,8962.0,5949.5,9333.5
LCN,Latin America & Caribbean,2021,0.0,0.0,0.0,0.0
LCN,Latin America & Caribbean,2022,0.0,0.0,0.0,0.0
LCN,Latin America & Caribbean,2023,0.0,0.0,0.0,0.0
LCN,Latin America & Caribbean,2024,0.0,0.0,0.0,0.0
LCN,Latin America & Caribbean,2025,0.0,0.0,0.0,0.0
LDC,Least developed countries: UN classification,2021,0.0,0.0,0.0,0.0
LDC,Least developed countries: UN classification,2022,0.0,0.0,0.0,0.0
LDC,Least developed countries: UN classification,2023,0.0,0.0,0.0,0.0
LDC,Least developed countries: UN classification,2024,0.0,0.0,0.0,0.0
LDC,Least developed countries: UN classification,2025,0.0,0.0,0.0,0.0
LIC,Low income,2021,0.0,0.0,0.0,0.0
LIC,Low income,2022,0.0,0.0,0.0,0.0
LIC,Low income,2023,0.0,0.0,0.0,0.0
LIC,Low income,2024,0.0,0.0,0.0,0.0
LIC,Low income,2025,0.0,0.0,0.0,0.0
LIE,Liechtenstein,2021,936.5,1464.5,994.0,1470.0
LIE,Liechtenstein,2022,931.5,1454.0,1021.5,1460.0
LIE,Liechtenstein,2023,915.0,1458.5,1032.0,1467.0
LIE,Liechtenstein,2024,904.5,1467.0,1034.0,1492.5
LIE,Liechtenstein,2025,913.0,1466.5,1036.5,1518.0
LKA,Sri Lanka,2021,895940.5,1163807.0,915427.0,1193063.5
LKA,Sri Lanka,2022,897629.0,1171819.0,917373.5,1201981.5
LKA,Sri Lanka,2023,895989.5,1183544.5,916357.0,1213696.5
LKA,Sri Lanka,2024,891439.0,1196853.5,912667.0,1226235.5
LKA,Sri Lanka,2025,885385.0,1209852.0,908610.5,1238060.0
LMC,Lower middle income,2021,0.0,0.0,0.0,0.0
LMC,Lower middle income,2022,0.0,0.0,0.0,0.0
LMC,Lower middle income,2023,0.0,0.0,0.0,0.0
LMC,Lower middle income,2024,0.0,0.0,0.0,0.0
LMC,Lower middle income,2025,0.0,0.0,0.0,0.0
LMY,Low & middle income,2021,0.0,0.0,0.0,0.0
LMY,Low & middle income,2022,0.0,0.0,0.0,0.0
LMY,Low & middle income,2023,0.0,0.0,0.0,0.0
LMY,Low & middle income,2024,0.0,0.0,0.0,0.0
LMY,Low & middle income,2025,0.0,0.0,0.0,0.0
LSO,Lesotho,2021,119970.0,153655.5,120235.0,152000.5
LSO,Lesotho,2022,121347.5,154784.0,121694.0,153406.5
LSO,Lesotho,2023,123109.5,155710.0,123567.5,154671.0
LSO,Lesotho,2024,125593.0,157191.0,126168.0,156516.0
LSO,Lesotho,2025,128225.0,159367.0,128916.0,159067.0
LTE,Late-demographic dividend,2021,0.0,0.0,0.0,0.0
LTE,Late-demographic dividend,2022,0.0,0.0,0.0,0.0
LTE,Late-demographic dividend,2023,0.0,0.0,0.0,0.0
LTE,Late-demographic dividend,2024,0.0,0.0,0.0,0.0
LTE,Late-demographic dividend,2025,0.0,0.0,0.0,0.0
LTU,Lithuania,2021,62863.0,97549.5,65595.0,104566.5
LTU,Lithuania,2022,65666.0,100724.5,68340.0,106568.5
LTU,Lithuania,2023,68887.0,105478.5,71581.0,109878.0
LTU,Lithuania,2024,70294.0,105044.5,73332.0,108477.0
LTU,Lithuania,2025,70645.5,100398.5,74130.5,103538.0
LUX,Luxembourg,2021,16067.0,25298.0,17196.5,26917.5
LUX,Luxembourg,2022,16476.0,25347.0,17575.5,27077.5
LUX,Luxembourg,2023,16962.0,24992.5,17880.0,26870.0
LUX,Luxembourg,2024,17267.5,24724.0,18109.5,26635.5
LUX,Luxembourg,2025,17422.0,25045.5,18389.5,26841.5
LVA,Latvia,2021,47982.5,57712.0,50411.0,61347.5
LVA,Latvia,2022,49777.5,59024.5,52023.0,62490.0
LVA,Latvia,2023,50563.0,60833.5,52876.5,64182.0
LVA,Latvia,2024,50012.5,62437.0,52551.5,65656.5
LVA,Latvia,2025,49074.5,63464.5,51866.0,66648.5
MAC,"Macao SAR, China",2021,13282.5,30988.5,13376.5,26301.5
MAC,"Macao SAR, China",2022,13989.0,30047.0,13904.5,24785.5
MAC,"Macao SAR, China",2023,14584.0,29136.5,14406.0,23926.0
MAC,"Macao SAR, China",2024,15001.5,28031.5,14860.0,23471.0
MAC,"Macao SAR, China",2025,15550.5,26318.5,15674.5,22711.0
MAF,St. Martin (French part),2021,1122.5,1292.5,1163.5,1293.5
MAF,St. Martin (French part),2022,1075.0,1231.5,1113.5,1222.0
MAF,St. Martin (French part),2023,1017.5,1122.5,1051.0,1131.0
MAF,St. Martin (French part),2024,979.5,1014.5,1003.5,1049.0
MAF,St. Martin (French part),2025,963.5,974.5,972.5,1028.0
MAR,Morocco,2021,1535732.0,2000815.0,1606553.0,2107340.5
MAR,Morocco,2022,1563560.5,2003667.5,1637795.0,2108112.0
MAR,Morocco,2023,1590710.0,2014392.5,1670709.5,2116780.0
MAR,Morocco,2024,1613461.5,2032366.0,1698450.0,2133436.0
MAR,Morocco,2025,1628311.5,2055051.0,1717157.5,2155109.5
MCO,Monaco,2021,703.5,1109.0,752.5,1172.5
MCO,Monaco,2022,726.0,1162.0,775.5,1220.5
MCO,Monaco,2023,751.5,1204.5,794.0,1261.0
MCO,Monaco,2024,762.0,1189.0,796.0,1245.5
MCO,Monaco,2025,774.5,1183.5,802.0,1238.5
MDA,Moldova,2021,90008.5,105695.0,87533.5,103717.0
MDA,Moldova,2022,93871.5,105725.5,91269.5,104143.5
MDA,Moldova,2023,97597.5,109568.5,95170.5,107826.0
MDA,Moldova,2024,99106.0,111596.0,97413.5,109664.5
MDA,Moldova,2025,100289.0,113229.5,99945.0,111116.0
MDG,Madagascar,2021,1657665.0,2051715.5,1688070.0,2082136.5
MDG,Madagascar,2022,1696552.0,2090614.0,1728491.5,2120673.5
MDG,Madagascar,2023,1736229.5,2126496.5,1770115.0,2156144.0
MDG,Madagascar,2024,1771730.0,2160656.5,1807914.0,2190422.5
MDG,Madagascar,2025,1801362.0,2197061.0,1840016.5,2227660.5
MDV,Maldives,2021,14326.0,20208.0,16705.5,36509.0
MDV,Maldives,2022,15168.0,19272.0,17532.5,32573.5
MDV,Maldives,2023,16043.5,18467.0,18560.5,28230.0
MDV,Maldives,2024,16888.0,18266.0,19673.0,25331.5
MDV,Maldives,2025,17556.0,18698.5,20594.0,23919.0
MEA,Middle East & North Africa,2021,0.0,0.0,0.0,0.0
MEA,Middle East & North Africa,2022,0.0,0.0,0.0,0.0
MEA,Middle East & North Africa,2023,0.0,0.0,0.0,0.0
MEA,Middle East & North Africa,2024,0.0,0.0,0.0,0.0
MEA,Middle East & North Africa,2025,0.0,0.0,0.0,0.0
MEX,Mexico,2021,5512103.5,7636050.0,5686543.0,7739200.0
MEX,Mexico,2022,5502324.5,7660872.5,5678679.5,7777145.0
MEX,Mexico,2023,5500330.5,7684068.5,5678865.0,7812451.0
MEX,Mexico,2024,5505722.0,7696926.5,5687327.0,7839795.5
MEX,Mexico,2025,5515852.0,7691608.0,5700867.5,7850433.5
MHL,Marshall Islands,2021,2419.0,2483.0,2651.5,2693.0
MHL,Marshall Islands,2022,2381.5,2396.0,2633.0,2651.0
MHL,Marshall Islands,2023,2325.5,2349.0,2605.5,2635.5
MHL,Marshall Islands,2024,2279.0,2349.0,2561.5,2659.0
MHL,Marshall Islands,2025,2251.5,2390.5,2488.5,2719.0
MIC,Middle income,2021,0.0,0.0,0.0,0.0
MIC,Middle income,2022,0.0,0.0,0.0,0.0
MIC,Middle income,2023,0.0,0.0,0.0,0.0
MIC,Middle income,2024,0.0,0.0,0.0,0.0
MIC,Middle income,2025,0.0,0.0,0.0,0.0
MKD,North Macedonia,2021,51236.0,76220.0,52385.0,77660.5
MKD,North Macedonia,2022,51308.5,74743.5,52684.5,76077.0
MKD,North Macedonia,2023,51825.0,73434.0,53325.5,74804.0
MKD,North Macedonia,2024,52315.0,72206.5,53873.5,73643.0
MKD,North Macedonia,2025,52745.0,70918.0,54450.5,72447.5
MLI,Mali,2021,1332417.0,1414616.5,1366816.5,1456246.0
MLI,Mali,2022,1381544.0,1478284.0,1416811.5,1520642.5
MLI,Mali,2023,1429956.5,1543729.5,1466173.0,1586853.0
MLI,Mali,2024,1478664.5,1609571.0,1515715.0,1653302.0
MLI,Mali,2025,1527616.0,1675188.5,1565478.0,1719165.5
MLT,Malta,2021,10510.0,18155.0,11385.0,21391.0
MLT,Malta,2022,10660.5,17256.0,11550.0,19749.5
MLT,Malta,2023,10886.5,16558.0,11726.5,18509.0
MLT,Malta,2024,11221.5,16444.5,11990.0,18193.5
MLT,Malta,2025,11570.0,16701.5,12288.0,18506.0
MMR,Myanmar,2021,2173646.5,3100076.5,2275832.5,3222503.0
MMR,Myanmar,2022,2156576.5,3097446.0,2258049.5,3219204.0
MMR,Myanmar,2023,2146610.0,3088509.5,2247685.0,3209017.5
MMR,Myanmar,2024,2139851.5,3074451.0,2240790.5,3194320.0
MMR,Myanmar,2025,2133532.5,3056250.5,2234621.0,3175672.5
MNA,Middle East & North Africa (excluding high income),2021,0.0,0.0,0.0,0.0
MNA,Middle East & North Africa (excluding high income),2022,0.0,0.0,0.0,0.0
MNA,Middle East & North Africa (excluding high income),2023,0.0,0.0,0.0,0.0
MNA,Middle East & North Africa (excluding high income),2024,0.0,0.0,0.0,0.0
MNA,Middle East & North Africa (excluding high income),2025,0.0,0.0,0.0,0.0
MNE,Montenegro,2021,17979.0,25657.5,18805.5,26433.0
MNE,Montenegro,2022,18533.0,26068.0,19513.5,26835.0
MNE,Montenegro,2023,19477.0,26813.0,20516.0,27589.5
MNE,Montenegro,2024,19881.0,26884.0,20979.0,27725.5
MNE,Montenegro,2025,19743.5,26310.5,20990.0,27323.5
MNG,Mongolia,2021,120836.5,150715.5,129710.0,159769.5
MNG,Mongolia,2022,130968.5,148506.0,140276.0,157755.0
MNG,Mongolia,2023,142908.0,147825.0,152698.0,157456.0
MNG,Mongolia,2024,153979.0,150228.0,164360.0,160490.0
MNG,Mongolia,2025,163815.5,156320.0,174803.0,167419.5
MNP,Northern Mariana Islands,2021,1982.5,2033.5,2149.5,2271.5
MNP,Northern Mariana Islands,2022,1956.0,1993.5,2131.5,2237.5
MNP,Northern Mariana Islands,2023,1920.0,1978.0,2099.5,2228.5
MNP,Northern Mariana Islands,2024,1884.5,2013.5,2061.5,2267.0
MNP,Northern Mariana Islands,2025,1842.5,2090.5,2014.0,2348.0
MOZ,Mozambique,2021,1826418.0,2166987.0,1824118.5,2129816.0
MOZ,Mozambique,2022,1893112.0,2224595.5,1892359.0,2188899.0
MOZ,Mozambique,2023,1967326.0,2280867.5,1968148.0,2246201.0
MOZ,Mozambique,2024,2044369.0,2335184.5,2047550.5,2302735.0
MOZ,Mozambique,2025,2120801.5,2388882.5,2126630.0,2359817.5
MRT,Mauritania,2021,271674.5,309794.0,270362.5,293408.0
MRT,Mauritania,2022,280706.0,319816.0,281415.0,305047.5
MRT,Mauritania,2023,289806.5,330847.5,292534.5,317970.5
MRT,Mauritania,2024,298806.5,342022.5,303588.5,331288.5
MRT,Mauritania,2025,307729.5,353100.5,314624.0,344694.5
MUS,Mauritius,2021,44910.0,65397.0,44620.5,68970.0
MUS,Mauritius,2022,43438.5,65158.5,42624.5,67942.0
MUS,Mauritius,2023,41508.5,64892.5,40316.5,66685.5
MUS,Mauritius,2024,39486.0,64459.5,38074.5,65431.0
MUS,Mauritius,2025,37530.0,63679.5,36080.0,63997.5
MWI,Malawi,2021,1259532.5,1404051.0,1239594.0,1375395.0
MWI,Malawi,2022,1298985.5,1455039.5,1279005.5,1426311.5
MWI,Malawi,2023,1331573.5,1509126.0,1312398.0,1479363.5
MWI,Malawi,2024,1357109.0,1565533.0,1339397.5,1534275.5
MWI,Malawi,2025,1376452.0,1623778.0,1360646.5,1590990.5
MYS,Malaysia,2021,1346004.0,1972519.0,1473007.0,2266262.5
MYS,Malaysia,2022,1328813.0,2001663.5,1443462.0,2270455.5
MYS,Malaysia,2023,1319884.5,2019646.0,1427597.5,2264167.0
MYS,Malaysia,2024,1320504.0,2026813.0,1428052.0,2249104.5
MYS,Malaysia,2025,1326887.0,2030544.5,1438215.0,2235532.5
NAC,North America,2021,0.0,0.0,0.0,0.0
NAC,North America,2022,0.0,0.0,0.0,0.0
NAC,North America,2023,0.0,0.0,0.0,0.0
NAC,North America,2024,0.0,0.0,0.0,0.0
NAC,North America,2025,0.0,0.0,0.0,0.0
NAM,Namibia,2021,136080.5,179780.5,137779.0,180366.0
NAM,Namibia,2022,141025.5,180879.0,141843.5,182838.5
NAM,Namibia,2023,146605.5,182682.5,146086.5,185697.5
NAM,Namibia,2024,152353.5,183426.5,150430.0,186727.0
NAM,Namibia,2025,157117.5,183096.5,154285.5,185961.5
NCL,New Caledonia,2021,10585.5,14287.5,10796.5,14328.5
NCL,New Caledonia,2022,10516.5,14497.5,10731.5,14483.5
NCL,New Caledonia,2023,10515.0,14763.5,10707.0,14763.5
NCL,New Caledonia,2024,10458.0,14992.0,10687.0,14982.0
NCL,New Caledonia,2025,10379.5,15097.5,10678.0,15094.5
NER,Niger,2021,1454942.0,1567179.5,1508023.0,1629014.5
NER,Niger,2022,1510987.5,1638103.0,1565999.0,1701942.5
NER,Niger,2023,1567037.0,1711018.5,1624328.0,1776773.0
NER,Niger,2024,1622459.5,1783717.5,1682040.0,1851595.0
NER,Niger,2025,1676927.0,1856140.0,1738569.5,1926367.5
NGA,Nigeria,2021,12525535.5,14060072.0,12992911.0,14584457.0
NGA,Nigeria,2022,12881014.5,14533209.0,13364664.0,15076060.5
NGA,Nigeria,2023,13232111.5,15031941.0,13730370.5,15594406.0
NGA,Nigeria,2024,13582272.0,15604508.5,14092492.0,16194147.5
NGA,Nigeria,2025,13919880.5,16229908.5,14440408.5,16851812.0
NIC,Nicaragua,2021,319799.0,428883.5,328600.0,439562.5
NIC,Nicaragua,2022,322445.5,429114.0,331403.0,439972.0
NIC,Nicaragua,2023,324540.0,430555.0,333630.0,441572.5
NIC,Nicaragua,2024,326127.5,432730.5,335368.0,443825.5
NIC,Nicaragua,2025,327398.0,435130.0,336794.0,446253.5
NLD,Netherlands,2021,481620.0,771300.5,504526.5,798660.0
NLD,Netherlands,2022,480527.5,782318.0,503111.5,809766.0
NLD,Netherlands,2023,481818.0,789595.5,504045.5,816808.5
NLD,Netherlands,2024,480702.0,787558.0,502756.0,814956.0
NLD,Netherlands,2025,477579.0,782271.5,500233.5,810061.0
NOR,Norway,2021,156614.5,224026.0,164856.0,238792.5
NOR,Norway,2022,159347.0,224197.5,168193.0,237956.5
NOR,Norway,2023,162634.5,227556.0,171791.0,240152.0
NOR,Norway,2024,164200.5,232847.5,173442.0,244533.5
NOR,Norway,2025,164174.5,237461.0,173468.5,248441.0
NPL,Nepal,2021,1518868.5,2167265.0,1546866.5,2043213.0
NPL,Nepal,2022,1492379.0,2163433.5,1529438.0,2058857.5
NPL,Nepal,2023,1458458.5,2128293.5,1500341.5,2021972.5
NPL,Nepal,2024,1429390.0,2092463.0,1480417.0,1988879.5
NPL,Nepal,2025,1405866.0,2060481.0,1467861.5,1967280.5
NRU,Nauru,2021,555.5,667.5,622.0,676.5
NRU,Nauru,2022,587.5,653.0,664.5,660.0
NRU,Nauru,2023,623.5,639.0,706.0,653.0
NRU,Nauru,2024,662.5,637.0,743.5,668.5
NRU,Nauru,2025,698.0,651.0,769.0,705.0
NZL,New Zealand,2021,156508.5,221811.5,165018.0,236373.0
NZL,New Zealand,2022,158841.5,219706.0,167811.5,233324.0
NZL,New Zealand,2023,161936.5,220723.0,171278.5,233148.0
NZL,New Zealand,2024,164352.5,223248.0,173802.0,234918.0
NZL,New Zealand,2025,165381.0,227230.0,174680.0,238678.5
OED,OECD members,2021,0.0,0.0,0.0,0.0
OED,OECD members,2022,0.0,0.0,0.0,0.0
OED,OECD members,2023,0.0,0.0,0.0,0.0
OED,OECD members,2024,0.0,0.0,0.0,0.0
OED,OECD members,2025,0.0,0.0,0.0,0.0
OMN,Oman,2021,136976.5,173920.5,142837.5,230095.0
OMN,Oman,2022,144042.0,179695.0,150536.5,259249.5
OMN,Oman,2023,154051.5,192649.5,160875.5,304106.0
OMN,Oman,2024,164171.0,201415.5,171109.0,326657.5
OMN,Oman,2025,174101.0,207449.5,181220.0,339738.5
OSS,Other small states,2021,0.0,0.0,0.0,0.0
OSS,Other small states,2022,0.0,0.0,0.0,0.0
OSS,Other small states,2023,0.0,0.0,0.0,0.0
OSS,Other small states,2024,0.0,0.0,0.0,0.0
OSS,Other small states,2025,0.0,0.0,0.0,0.0
PAK,Pakistan,2021,12686497.0,15610632.5,13466394.0,16691440.0
PAK,Pakistan,2022,13035513.0,15894964.0,13794801.0,16891399.5
PAK,Pakistan,2023,13429092.5,16102373.5,14155947.5,16983852.5
PAK,Pakistan,2024,13806552.0,16314426.5,14511726.0,17118439.0
PAK,Pakistan,2025,14122224.5,16572830.0,14813253.0,17351466.5
PAN,Panama,2021,177429.0,240778.0,185339.0,249968.5
PAN,Panama,2022,178788.5,242729.0,186706.5,252082.0
PAN,Panama,2023,180215.0,244741.5,188168.5,254210.5
PAN,Panama,2024,182016.5,246330.0,190069.5,255950.5
PAN,Panama,2025,183967.0,247766.5,192199.0,257576.5
PER,Peru,2021,1422638.0,1937711.0,1462436.0,1936059.0
PER,Peru,2022,1425911.5,1943054.0,1468462.0,1952608.0
PER,Peru,2023,1421445.0,1951580.0,1466375.5,1971205.0
PER,Peru,2024,1413808.0,1960456.0,1460669.5,1988977.5
PER,Peru,2025,1403508.0,1968890.5,1451513.5,2005270.5
PHL,Philippines,2021,5534549.5,7456918.5,5670322.5,7558481.5
PHL,Philippines,2022,5598043.0,7484417.0,5747789.5,7586153.5
PHL,Philippines,2023,5654126.5,7501986.5,5812631.5,7611478.5
PHL,Philippines,2024,5714161.0,7516392.5,5880081.5,7636190.5
PHL,Philippines,2025,5765640.0,7533418.5,5939818.5,7664133.0
PLW,Palau,2021,579.0,638.5,593.5,704.0
PLW,Palau,2022,592.0,647.5,597.5,706.0
PLW,Palau,2023,599.0,668.0,602.5,722.5
PLW,Palau,2024,599.0,700.0,611.0,746.5
PLW,Palau,2025,591.0,734.0,618.5,773.0
PNG,Papua New Guinea,2021,490549.0,630784.0,544174.5,693348.5
PNG,Papua New Guinea,2022,497714.5,640067.5,550748.0,704645.5
PNG,Papua New Guinea,2023,504884.0,648345.5,557143.5,715049.0
PNG,Papua New Guinea,2024,512738.5,656771.0,564029.0,725218.0
PNG,Papua New Guinea,2025,520783.0,665589.5,570990.0,735310.0
POL,Poland,2021,922742.5,1306086.0,970064.5,1365432.5
POL,Poland,2022,969223.5,1284667.5,1019056.5,1343017.5
POL,Poland,2023,1011466.0,1275633.0,1063606.0,1334168.0
POL,Poland,2024,1027888.0,1253829.0,1081164.0,1312685.5
POL,Poland,2025,1026756.5,1234520.0,1080454.5,1294364.5
PRE,Pre-demographic dividend,2021,0.0,0.0,0.0,0.0
PRE,Pre-demographic dividend,2022,0.0,0.0,0.0,0.0
PRE,Pre-demographic dividend,2023,0.0,0.0,0.0,0.0
PRE,Pre-demographic dividend,2024,0.0,0.0,0.0,0.0
PRE,Pre-demographic dividend,2025,0.0,0.0,0.0,0.0
PRI,Puerto Rico,2021,90823.0,142881.5,95231.5,145020.0
PRI,Puerto Rico,2022,88772.5,142094.5,93583.5,145435.0
PRI,Puerto Rico,2023,87302.0,142517.0,92454.0,147365.0
PRI,Puerto Rico,2024,85311.0,141368.0,90428.5,147291.0
PRI,Puerto Rico,2025,82688.5,138296.5,87612.5,144708.5
PRK,"Korea, Dem. People's Rep.",2021,812356.5,1289005.5,852225.5,1345466.5
PRK,"Korea, Dem. People's Rep.",2022,802618.5,1262665.5,842214.0,1317951.0
PRK,"Korea, Dem. People's Rep.",2023,796949.0,1232457.5,836446.5,1286407.5
PRK,"Korea, Dem. People's Rep.",2024,793573.0,1201890.0,833158.5,1254740.0
PRK,"Korea, Dem. People's Rep.",2025,790527.0,1174974.5,830270.5,1227184.0
PRT,Portugal,2021,252389.0,379346.0,263587.5,396317.5
PRT,Portugal,2022,250839.5,379397.5,261570.0,397076.0
PRT,Portugal,2023,249765.0,378250.0,259088.5,396427.5
PRT,Portugal,2024,248471.5,378415.0,257180.0,396272.5
PRT,Portugal,2025,245403.0,378863.5,254813.5,395499.0
PRY,Paraguay,2021,286967.0,410778.5,299270.5,425647.5
PRY,Paraguay,2022,288840.5,406145.5,301323.5,421062.0
PRY,Paraguay,2023,291029.5,401553.0,303758.0,416536.0
PRY,Paraguay,2024,293720.5,397676.5,306697.5,412709.0
PRY,Paraguay,2025,297388.5,395055.5,310637.0,410140.0
PSE,West Bank and Gaza,2021,279373.5,340946.5,276213.5,332606.5
PSE,West Bank and Gaza,2022,286493.0,346159.0,284425.5,337948.0
PSE,West Bank and Gaza,2023,294044.0,351517.5,293241.5,342747.5
PSE,West Bank and Gaza,2024,302036.0,356591.0,302824.0,347298.5
PSE,West Bank and Gaza,2025,310088.0,363215.0,312884.5,354517.5
PSS,Pacific island small states,2021,0.0,0.0,0.0,0.0
PSS,Pacific island small states,2022,0.0,0.0,0.0,0.0
PSS,Pacific island small states,2023,0.0,0.0,0.0,0.0
PSS,Pacific island small states,2024,0.0,0.0,0.0,0.0
PSS,Pacific island small states,2025,0.0,0.0,0.0,0.0
PST,Post-demographic dividend,2021,0.0,0.0,0.0,0.0
PST,Post-demographic dividend,2022,0.0,0.0,0.0,0.0
PST,Post-demographic dividend,2023,0.0,0.0,0.0,0.0
PST,Post-demographic dividend,2024,0.0,0.0,0.0,0.0
PST,Post-demographic dividend,2025,0.0,0.0,0.0,0.0
PYF,French Polynesia,2021,10685.0,13998.5,11147.0,14635.5
PYF,French Polynesia,2022,10713.0,14189.0,11233.5,14809.5
PYF,French Polynesia,2023,10686.0,14347.0,11274.0,14969.5
PYF,French Polynesia,2024,10632.0,14412.5,11181.5,15025.0
PYF,French Polynesia,2025,10521.0,14406.5,11084.5,14963.0
QAT,Qatar,2021,50557.0,59793.0,54358.5,175001.5
QAT,Qatar,2022,53214.0,60681.0,57603.0,163157.5
QAT,Qatar,2023,58193.5,64519.5,63118.5,140099.0
QAT,Qatar,2024,60880.0,70364.5,64904.5,136727.0
QAT,Qatar,2025,61763.5,78446.5,63289.0,153842.0
ROU,Romania,2021,528084.0,677951.0,550609.5,708583.5
ROU,Romania,2022,535796.5,688519.5,558701.5,718402.0
ROU,Romania,2023,538158.5,699605.5,561200.5,728900.5
ROU,Romania,2024,532230.5,703071.5,555595.5,732131.0
ROU,Romania,2025,524317.5,706169.5,547826.5,735044.5
RUS,Russian Federation,2021,3750720.0,4838701.0,3925302.5,5033680.5
RUS,Russian Federation,2022,3862052.5,4902881.5,4043291.5,5100798.0
RUS,Russian Federation,2023,3963821.0,4957861.0,4156404.5,5156064.5
RUS,Russian Federation,2024,4088614.0,5037260.5,4294670.0,5235673.5
RUS,Russian Federation,2025,4241163.0,5173795.0,4460886.5,5377916.0
RWA,Rwanda,2021,796496.0,889182.0,790436.0,856065.5
RWA,Rwanda,2022,800936.0,928462.5,797432.0,894869.0
RWA,Rwanda,2023,800211.5,970912.0,798740.0,939366.5
RWA,Rwanda,2024,798511.0,1010659.0,798445.0,982863.5
RWA,Rwanda,2025,799631.5,1045372.5,800471.5,1022308.0
SAS,South Asia,2021,0.0,0.0,0.0,0.0
SAS,South Asia,2022,0.0,0.0,0.0,0.0
SAS,South Asia,2023,0.0,0.0,0.0,0.0
SAS,South Asia,2024,0.0,0.0,0.0,0.0
SAS,South Asia,2025,0.0,0.0,0.0,0.0
SAU,Saudi Arabia,2021,1119222.0,1440031.5,1139551.5,1891914.5
SAU,Saudi Arabia,2022,1161579.0,1490964.5,1189968.0,1951447.5
SAU,Saudi Arabia,2023,1209277.5,1550519.5,1254288.0,1933740.0
SAU,Saudi Arabia,2024,1236098.0,1585390.0,1284581.0,1957056.5
SAU,Saudi Arabia,2025,1253411.0,1621303.0,1294332.5,2061916.5
SDN,Sudan,2021,2734486.0,3317799.0,2787456.5,3356175.5
SDN,Sudan,2022,2789795.5,3401362.5,2844476.5,3440099.5
SDN,Sudan,2023,2809803.5,3436750.5,2864909.0,3474154.0
SDN,Sudan,2024,2821716.0,3433152.5,2876453.5,3468557.5
SDN,Sudan,2025,2868295.0,3474185.5,2923411.5,3509382.0
SEN,Senegal,2021,969158.5,1176905.5,1026788.0,1195184.0
SEN,Senegal,2022,992523.0,1214334.0,1061292.0,1239702.0
SEN,Senegal,2023,1013822.0,1245795.5,1090165.0,1280431.5
SEN,Senegal,2024,1032148.5,1267710.0,1112308.0,1312015.5
SEN,Senegal,2025,1048316.0,1284788.0,1131731.5,1338912.0
SGP,Singapore,2021,141445.5,324443.0,159674.0,397105.5
SGP,Singapore,2022,144542.0,327299.0,163250.0,401863.0
SGP,Singapore,2023,140571.0,328335.0,157478.5,401717.0
SGP,Singapore,2024,127581.5,315784.5,140494.5,381359.5
SGP,Singapore,2025,117741.5,301028.5,127833.5,357957.0
SLB,Solomon Islands,2021,39378.0,49285.5,42173.5,50496.5
SLB,Solomon Islands,2022,40158.5,50705.5,43166.0,52250.5
SLB,Solomon Islands,2023,41185.5,51929.0,44314.5,53877.0
SLB,Solomon Islands,2024,42442.0,52931.5,45610.5,55332.5
SLB,Solomon Islands,2025,43806.5,53807.5,46957.5,56674.0
SLE,Sierra Leone,2021,460178.5,559267.5,466806.5,566051.5
SLE,Sierra Leone,2022,469905.0,573380.5,476438.5,580611.0
SLE,Sierra Leone,2023,480032.0,586325.0,486336.5,593744.5
SLE,Sierra Leone,2024,489555.0,598433.5,495551.0,606028.0
SLE,Sierra Leone,2025,498355.5,609972.5,504031.5,617471.5
SLV,El Salvador,2021,275205.0,437988.0,293057.5,459446.0
SLV,El Salvador,2022,272473.5,426810.0,290908.5,448537.5
SLV,El Salvador,2023,271193.5,414160.0,290229.0,435891.0
SLV,El Salvador,2024,270958.5,401014.0,290270.5,422607.5
SLV,El Salvador,2025,270218.0,389648.5,289356.5,411164.5
SMR,San Marino,2021,812.0,1180.0,909.0,1291.0
SMR,San Marino,2022,819.5,1186.0,907.5,1288.5
SMR,San Marino,2023,831.5,1154.0,904.0,1280.5
SMR,San Marino,2024,869.5,1115.0,896.0,1283.5
SMR,San Marino,2025,873.5,1138.5,890.0,1306.5
SOM,Somalia,2021,997077.5,1139956.0,1023607.0,1161627.5
SOM,Somalia,2022,1017824.0,1176803.0,1045760.0,1198651.5
SOM,Somalia,2023,1032986.5,1214076.0,1062047.0,1235577.0
SOM,Somalia,2024,1050451.5,1250827.0,1079751.0,1271750.5
SOM,Somalia,2025,1079593.5,1281091.5,1108543.0,1301534.5
SRB,Serbia,2021,170312.5,249229.0,169810.0,247992.0
SRB,Serbia,2022,168291.5,247738.5,168268.0,246071.5
SRB,Serbia,2023,166940.5,247435.5,167507.5,245463.5
SRB,Serbia,2024,165352.5,245948.0,166450.5,243935.5
SRB,Serbia,2025,164063.5,243276.5,165538.5,241609.0
SSA,Sub-Saharan Africa (excluding high income),2021,0.0,0.0,0.0,0.0
SSA,Sub-Saharan Africa (excluding high income),2022,0.0,0.0,0.0,0.0
SSA,Sub-Saharan Africa (excluding high income),2023,0.0,0.0,0.0,0.0
SSA,Sub-Saharan Africa (excluding high income),2024,0.0,0.0,0.0,0.0
SSA,Sub-Saharan Africa (excluding high income),2025,0.0,0.0,0.0,0.0
SSD,South Sudan,2021,706418.5,704839.0,719850.0,718031.5
SSD,South Sudan,2022,725135.0,752606.5,738639.0,765498.0
SSD,South Sudan,2023,760445.0,826014.5,774053.0,837839.0
SSD,South Sudan,2024,794601.5,892420.5,808627.0,903262.5
SSD,South Sudan,2025,811966.5,937198.0,826387.0,946739.0
SSF,Sub-Saharan Africa,2021,0.0,0.0,0.0,0.0
SSF,Sub-Saharan Africa,2022,0.0,0.0,0.0,0.0
SSF,Sub-Saharan Africa,2023,0.0,0.0,0.0,0.0
SSF,Sub-Saharan Africa,2024,0.0,0.0,0.0,0.0
SSF,Sub-Saharan Africa,2025,0.0,0.0,0.0,0.0
SST,Small states,2021,0.0,0.0,0.0,0.0
SST,Small states,2022,0.0,0.0,0.0,0.0
SST,Small states,2023,0.0,0.0,0.0,0.0
SST,Small states,2024,0.0,0.0,0.0,0.0
SST,Small states,2025,0.0,0.0,0.0,0.0
STP,Sao Tome and Principe,2021,13593.0,14614.5,13420.5,14063.5
STP,Sao Tome and Principe,2022,13844.0,15286.0,13722.5,14690.5
STP,Sao Tome and Principe,2023,13954.5,15999.0,13867.5,15413.5
STP,Sao Tome and Principe,2024,13910.0,16713.5,13869.0,16157.5
STP,Sao Tome and Principe,2025,13939.0,17386.5,13941.0,16877.5
SUR,Suriname,2021,26902.5,38119.0,27713.0,39023.5
SUR,Suriname,2022,26935.5,38256.5,27749.5,39113.0
SUR,Suriname,2023,27007.5,38167.0,27833.5,38979.0
SUR,Suriname,2024,27047.0,37935.0,27895.0,38754.0
SUR,Suriname,2025,27053.5,37638.5,27928.5,38509.0
SVK,Slovak Republic,2021,131681.0,187087.5,139135.5,196967.0
SVK,Slovak Republic,2022,135336.5,184994.5,143150.0,194636.0
SVK,Slovak Republic,2023,139099.5,184841.0,146744.0,194519.5
SVK,Slovak Republic,2024,142092.0,182461.5,149194.0,192464.5
SVK,Slovak Republic,2025,144059.0,179031.0,151276.0,189311.5
SVN,Slovenia,2021,49309.5,67839.0,51287.5,75290.0
SVN,Slovenia,2022,51394.5,67106.5,53467.0,73089.5
SVN,Slovenia,2023,53261.5,66762.5,55652.0,71524.5
SVN,Slovenia,2024,54976.5,67341.5,57459.5,71483.0
SVN,Slovenia,2025,56030.5,68814.0,58671.5,72849.5
SWE,Sweden,2021,291642.5,381657.0,309713.5,425587.5
SWE,Sweden,2022,296845.0,386595.5,315176.0,429753.0
SWE,Sweden,2023,302670.0,392001.5,321280.0,432787.0
SWE,Sweden,2024,307199.5,401574.0,326121.5,436279.5
SWE,Sweden,2025,309647.0,416343.5,328483.5,445566.0
SWZ,Eswatini,2021,65439.0,82738.0,65394.0,85353.5
SWZ,Eswatini,2022,65702.5,83339.5,65567.0,85732.5
SWZ,Eswatini,2023,65765.0,83809.5,65676.0,85900.5
SWZ,Eswatini,2024,65853.5,84289.5,65889.5,85919.5
SWZ,Eswatini,2025,66061.0,84964.5,66212.0,85956.0
SXM,Sint Maarten (Dutch part),2021,1219.5,1490.0,1331.5,1375.0
SXM,Sint Maarten (Dutch part),2022,1254.0,1512.5,1409.0,1427.5
SXM,Sint Maarten (Dutch part),2023,1290.0,1609.0,1468.0,1558.5
SXM,Sint Maarten (Dutch part),2024,1310.0,1703.0,1498.5,1698.5
SXM,Sint Maarten (Dutch part),2025,1311.5,1783.5,1508.5,1833.0
SYC,Seychelles,2021,3730.0,5057.5,3855.0,6599.0
SYC,Seychelles,2022,3840.5,5069.5,3943.0,6415.5
SYC,Seychelles,2023,3970.0,5226.5,4063.0,6385.5
SYC,Seychelles,2024,4075.5,5404.0,4149.5,6346.5
SYC,Seychelles,2025,4139.5,5549.5,4211.5,6260.0
SYR,Syrian Arab Republic,2021,1325753.0,1629775.0,1384966.5,1690782.0
SYR,Syrian Arab Republic,2022,1371618.0,1752013.0,1433339.5,1808891.5
SYR,Syrian Arab Republic,2023,1415508.0,1890244.0,1478547.0,1940935.5
SYR,Syrian Arab Republic,2024,1439659.5,1981280.0,1505787.5,2032132.5
SYR,Syrian Arab Republic,2025,1437235.5,2026710.5,1506957.0,2084062.0
TCA,Turks and Caicos Islands,2021,1362.0,2119.5,1130.0,1839.0
TCA,Turks and Caicos Islands,2022,1381.5,2091.5,1164.5,1788.0
TCA,Turks and Caicos Islands,2023,1396.5,2061.5,1193.0,1736.0
TCA,Turks and Caicos Islands,2024,1383.0,2034.5,1178.0,1699.0
TCA,Turks and Caicos Islands,2025,1350.0,2016.0,1145.0,1679.5
TCD,Chad,2021,1031628.5,1134567.5,1061836.5,1157932.0
TCD,Chad,2022,1072292.5,1179184.0,1103695.0,1202879.0
TCD,Chad,2023,1118495.0,1255527.0,1150022.0,1277992.5
TCD,Chad,2024,1163573.0,1333156.5,1195026.5,1354815.5
TCD,Chad,2025,1197922.0,1364590.0,1230105.0,1388517.5
TEA,East Asia & Pacific (IDA & IBRD countries),2021,0.0,0.0,0.0,0.0
TEA,East Asia & Pacific (IDA & IBRD countries),2022,0.0,0.0,0.0,0.0
TEA,East Asia & Pacific (IDA & IBRD countries),2023,0.0,0.0,0.0,0.0
TEA,East Asia & Pacific (IDA & IBRD countries),2024,0.0,0.0,0.0,0.0
TEA,East Asia & Pacific (IDA & IBRD countries),2025,0.0,0.0,0.0,0.0
TEC,Europe & Central Asia (IDA & IBRD countries),2021,0.0,0.0,0.0,0.0
TEC,Europe & Central Asia (IDA & IBRD countries),2022,0.0,0.0,0.0,0.0
TEC,Europe & Central Asia (IDA & IBRD countries),2023,0.0,0.0,0.0,0.0
TEC,Europe & Central Asia (IDA & IBRD countries),2024,0.0,0.0,0.0,0.0
TEC,Europe & Central Asia (IDA & IBRD countries),2025,0.0,0.0,0.0,0.0
TGO,Togo,2021,483834.0,557452.0,494660.0,570626.5
TGO,Togo,2022,501155.0,572630.5,512421.5,586551.0
TGO,Togo,2023,519143.5,588597.0,530847.0,603317.0
TGO,Togo,2024,535392.5,605076.5,547499.0,620617.5
TGO,Togo,2025,548281.0,622282.5,560762.5,638603.0
THA,Thailand,2021,2119581.0,3283737.5,2238428.5,3456836.0
THA,Thailand,2022,2082406.5,3209157.0,2200440.0,3379630.5
THA,Thailand,2023,2049365.5,3147051.5,2166589.5,3312526.5
THA,Thailand,2024,2024364.5,3125258.0,2140861.5,3282910.0
THA,Thailand,2025,2006253.0,3130296.0,2122248.5,3277854.5
TJK,Tajikistan,2021,456781.0,649448.5,433915.5,614261.5
TJK,Tajikistan,2022,473851.0,645930.0,460373.0,606111.0
TJK,Tajikistan,2023,497507.5,640015.5,492229.0,595924.0
TJK,Tajikistan,2024,523466.0,631985.0,520962.0,587933.0
TJK,Tajikistan,2025,548064.5,624987.5,543765.0,584472.5
TKM,Turkmenistan,2021,247917.5,393440.5,268572.0,402075.5
TKM,Turkmenistan,2022,262194.0,376921.0,281843.0,388359.0
TKM,Turkmenistan,2023,282393.5,362531.0,299754.5,377650.5
TKM,Turkmenistan,2024,304760.0,350123.5,319491.0,369259.5
TKM,Turkmenistan,2025,327095.0,341151.0,339567.0,363940.5
TLA,Latin America & the Caribbean (IDA & IBRD countries),2021,0.0,0.0,0.0,0.0
TLA,Latin America & the Caribbean (IDA & IBRD countries),2022,0.0,0.0,0.0,0.0
TLA,Latin America & the Caribbean (IDA & IBRD countries),2023,0.0,0.0,0.0,0.0
TLA,Latin America & the Caribbean (IDA & IBRD countries),2024,0.0,0.0,0.0,0.0
TLA,Latin America & the Caribbean (IDA & IBRD countries),2025,0.0,0.0,0.0,0.0
TLS,Timor-Leste,2021,78914.5,97450.5,81092.5,99062.0
TLS,Timor-Leste,2022,78360.5,100035.0,80219.5,101734.0
TLS,Timor-Leste,2023,77106.5,102270.5,78966.5,104240.5
TLS,Timor-Leste,2024,75844.0,104292.5,77790.5,106450.5
TLS,Timor-Leste,2025,74852.5,105950.0,76978.0,108224.5
TMN,Middle East & North Africa (IDA & IBRD countries),2021,0.0,0.0,0.0,0.0
TMN,Middle East & North Africa (IDA & IBRD countries),2022,0.0,0.0,0.0,0.0
TMN,Middle East & North Africa (IDA & IBRD countries),2023,0.0,0.0,0.0,0.0
TMN,Middle East & North Africa (IDA & IBRD countries),2024,0.0,0.0,0.0,0.0
TMN,Middle East & North Africa (IDA & IBRD countries),2025,0.0,0.0,0.0,0.0
TON,Tonga,2021,5996.0,6806.5,5995.5,6178.5
TON,Tonga,2022,5939.5,6974.0,6013.5,6330.5
TON,Tonga,2023,5913.5,7138.5,6133.0,6490.5
TON,Tonga,2024,5942.5,7276.5,6275.0,6704.5
TON,Tonga,2025,5994.5,7358.5,6380.5,6907.5
TSA,South Asia (IDA & IBRD),2021,0.0,0.0,0.0,0.0
TSA,South Asia (IDA & IBRD),2022,0.0,0.0,0.0,0.0
TSA,South Asia (IDA & IBRD),2023,0.0,0.0,0.0,0.0
TSA,South Asia (IDA & IBRD),2024,0.0,0.0,0.0,0.0
TSA,South Asia (IDA & IBRD),2025,0.0,0.0,0.0,0.0
TSS,Sub-Saharan Africa (IDA & IBRD countries),2021,0.0,0.0,0.0,0.0
TSS,Sub-Saharan Africa (IDA & IBRD countries),2022,0.0,0.0,0.0,0.0
TSS,Sub-Saharan Africa (IDA & IBRD countries),2023,0.0,0.0,0.0,0.0
TSS,Sub-Saharan Africa (IDA & IBRD countries),2024,0.0,0.0,0.0,0.0
TSS,Sub-Saharan Africa (IDA & IBRD countries),2025,0.0,0.0,0.0,0.0
TTO,Trinidad and Tobago,2021,45858.0,64749.0,47627.5,67550.0
TTO,Trinidad and Tobago,2022,46257.0,64680.5,48091.0,67672.5
TTO,Trinidad and Tobago,2023,46571.5,64640.5,48419.0,67666.5
TTO,Trinidad and Tobago,2024,46725.0,64558.0,48536.5,67464.0
TTO,Trinidad and Tobago,2025,46753.5,64430.0,48509.0,67168.5
TUN,Tunisia,2021,416184.0,558053.5,445014.0,581192.0
TUN,Tunisia,2022,428323.5,552808.0,458765.0,578298.5
TUN,Tunisia,2023,442879.5,551368.5,474841.5,579010.5
TUN,Tunisia,2024,458111.5,552543.0,491511.5,582462.5
TUN,Tunisia,2025,472593.5,556460.5,507164.0,588544.0
TUR,Turkiye,2021,3089453.5,4752636.0,3221984.5,4957337.5
TUR,Turkiye,2022,3115695.0,4684095.0,3240754.5,4884497.0
TUR,Turkiye,2023,3138008.5,4560233.0,3262317.5,4758018.0
TUR,Turkiye,2024,3171646.0,4418540.5,3294761.5,4613105.0
TUR,Turkiye,2025,3209822.0,4277676.0,3331204.5,4467999.0
TUV,Tuvalu,2021,443.0,623.0,488.5,649.5
TUV,Tuvalu,2022,432.0,592.0,480.5,622.5
TUV,Tuvalu,2023,422.5,548.5,478.0,584.5
TUV,Tuvalu,2024,420.0,520.0,483.5,556.5
TUV,Tuvalu,2025,427.5,504.0,493.5,545.0
TZA,Tanzania,2021,3648582.0,4203419.5,3679659.0,4230180.0
TZA,Tanzania,2022,3731484.5,4340682.5,3766531.5,4362416.5
TZA,Tanzania,2023,3804384.5,4484304.5,3843823.5,4500805.0
TZA,Tanzania,2024,3871906.5,4627325.5,3916337.5,4641816.0
TZA,Tanzania,2025,3946141.5,4765173.0,3995788.0,4781311.5
UGA,Uganda,2021,2863753.0,3371204.0,2856265.5,3342275.5
UGA,Uganda,2022,2926469.5,3473811.0,2924082.0,3443793.0
UGA,Uganda,2023,2988238.5,3564902.0,2991768.5,3535076.5
UGA,Uganda,2024,3051557.5,3642749.5,3061200.5,3615156.0
UGA,Uganda,2025,3114269.0,3706126.5,3129902.5,3682875.5
UKR,Ukraine,2021,1083793.0,1355094.5,1144966.5,1426544.0
UKR,Ukraine,2022,1058186.0,1253229.0,1119879.5,1318247.5
UKR,Ukraine,2023,1019114.5,1163429.0,1079600.5,1222766.5
UKR,Ukraine,2024,1051917.0,1230331.5,1114197.5,1285584.5
UKR,Ukraine,2025,1102984.5,1388482.0,1166336.5,1434151.5
UMC,Upper middle income,2021,0.0,0.0,0.0,0.0
UMC,Upper middle income,2022,0.0,0.0,0.0,0.0
UMC,Upper middle income,2023,0.0,0.0,0.0,0.0
UMC,Upper middle income,2024,0.0,0.0,0.0,0.0
UMC,Upper middle income,2025,0.0,0.0,0.0,0.0
URY,Uruguay,2021,115511.0,170134.0,120995.0,177269.0
URY,Uruguay,2022,114784.5,168088.5,120235.5,175236.5
URY,Uruguay,2023,114088.5,166337.0,119456.5,173443.0
URY,Uruguay,2024,113369.0,164808.0,118630.0,171859.5
URY,Uruguay,2025,112948.0,163333.5,118150.5,170331.5
USA,United States,2021,10881827.0,15041252.0,11574206.5,16098044.5
USA,United States,2022,10929024.0,15091652.0,11614442.0,16126470.0
USA,United States,2023,10917744.5,15154529.0,11591872.0,16167037.5
USA,United States,2024,10833084.5,15359590.0,11495058.0,16361688.0
USA,United States,2025,10685896.5,15690366.5,11334438.0,16689341.5
UZB,Uzbekistan,2021,1301111.5,1767268.0,1372570.5,1854555.0
UZB,Uzbekistan,2022,1356284.0,1729344.0,1432848.5,1815439.5
UZB,Uzbekistan,2023,1408520.5,1708635.0,1490759.0,1794649.5
UZB,Uzbekistan,2024,1451689.0,1704324.0,1539670.5,1791159.0
UZB,Uzbekistan,2025,1480638.5,1723122.5,1574036.0,1811876.0
VCT,St. Vincent and the Grenadines,2021,3600.5,5128.5,3837.5,5623.5
VCT,St. Vincent and the Grenadines,2022,3645.0,4991.0,3874.0,5464.0
VCT,St. Vincent and the Grenadines,2023,3709.5,4865.0,3921.0,5315.0
VCT,St. Vincent and the Grenadines,2024,3766.5,4766.5,3955.5,5182.0
VCT,St. Vincent and the Grenadines,2025,3809.0,4711.5,3975.5,5084.0
VEN,"Venezuela, RB",2021,1334322.5,1485451.5,1413163.5,1600613.5
VEN,"Venezuela, RB",2022,1343607.5,1520237.0,1417653.0,1637122.5
VEN,"Venezuela, RB",2023,1347438.0,1574392.0,1418049.5,1689467.5
VEN,"Venezuela, RB",2024,1344592.5,1635325.0,1413039.5,1745651.5
VEN,"Venezuela, RB",2025,1339211.0,1695320.0,1406939.0,1798283.5
VGB,British Virgin Islands,2021,1223.0,1712.5,1249.5,1512.0
VGB,British Virgin Islands,2022,1271.5,1707.0,1315.0,1550.5
VGB,British Virgin Islands,2023,1285.0,1731.0,1336.0,1645.0
VGB,British Virgin Islands,2024,1266.0,1760.0,1310.0,1724.0
VGB,British Virgin Islands,2025,1219.0,1790.0,1252.0,1781.0
VIR,Virgin Islands (U.S.),2021,2578.0,3130.0,2605.0,3158.5
VIR,Virgin Islands (U.S.),2022,2568.0,3167.5,2592.0,3225.0
VIR,Virgin Islands (U.S.),2023,2532.5,3206.5,2571.5,3279.0
VIR,Virgin Islands (U.S.),2024,2476.0,3256.5,2547.0,3330.0
VIR,Virgin Islands (U.S.),2025,2403.5,3308.5,2519.5,3375.0
VNM,Viet Nam,2021,3545710.5,4474335.0,3615317.0,4534710.0
VNM,Viet Nam,2022,3629300.0,4477818.0,3712128.0,4533727.5
VNM,Viet Nam,2023,3692959.5,4522701.5,3790526.0,4573356.0
VNM,Viet Nam,2024,3761678.5,4596325.0,3875785.5,4641637.0
VNM,Viet Nam,2025,3918146.5,4675504.0,4049463.5,4718297.0
VUT,Vanuatu,2021,14822.5,17966.0,15589.0,17336.5
VUT,Vanuatu,2022,15467.5,18123.5,16311.5,17810.0
VUT,Vanuatu,2023,16139.0,18415.0,17065.0,18419.0
VUT,Vanuatu,2024,16826.5,18809.0,17821.5,19111.5
VUT,Vanuatu,2025,17500.5,19309.0,18549.0,19873.5
WLD,World,2021,0.0,0.0,0.0,0.0
WLD,World,2022,0.0,0.0,0.0,0.0
WLD,World,2023,0.0,0.0,0.0,0.0
WLD,World,2024,0.0,0.0,0.0,0.0
WLD,World,2025,0.0,0.0,0.0,0.0
WSM,Samoa,2021,10603.0,11567.5,11233.5,11846.0
WSM,Samoa,2022,11023.0,11490.5,11626.0,12046.5
WSM,Samoa,2023,11444.0,11600.0,12044.0,12400.5
WSM,Samoa,2024,11883.0,11888.5,12542.0,12839.0
WSM,Samoa,2025,12403.0,12252.0,13097.0,13214.5
XKX,Kosovo,2021,74081.5,108892.5,75097.0,110915.0
XKX,Kosovo,2022,72153.0,105565.0,73542.5,107699.0
XKX,Kosovo,2023,71317.5,102851.0,72976.0,104979.5
XKX,Kosovo,2024,70668.0,100704.0,72898.0,102695.5
XKX,Kosovo,2025,69552.5,98623.5,72783.5,100463.5
YEM,"Yemen, Rep.",2021,2003336.5,2410300.0,2095671.5,2499393.5
YEM,"Yemen, Rep.",2022,2049225.0,2461655.0,2144093.0,2555155.0
YEM,"Yemen, Rep.",2023,2094128.0,2521062.0,2191864.5,2619976.0
YEM,"Yemen, Rep.",2024,2130982.0,2582630.0,2231152.5,2686677.0
YEM,"Yemen, Rep.",2025,2169004.5,2644307.0,2271271.0,2752828.5
ZAF,South Africa,2021,2588114.5,3600030.0,2620499.5,3644641.0
ZAF,South Africa,2022,2646837.0,3564926.5,2671353.5,3626226.0
ZAF,South Africa,2023,2684213.5,3539778.5,2708404.5,3622318.0
ZAF,South Africa,2024,2697803.0,3556970.0,2720259.0,3644634.0
ZAF,South Africa,2025,2693864.5,3611178.0,2713611.0,3688756.5
ZMB,Zambia,2021,1169223.5,1336201.5,1159818.5,1316504.0
ZMB,Zambia,2022,1207651.5,1377375.0,1199309.0,1356732.5
ZMB,Zambia,2023,1243557.5,1422227.5,1236237.0,1401143.5
ZMB,Zambia,2024,1276193.0,1469892.0,1270020.5,1449346.5
ZMB,Zambia,2025,1305437.0,1518517.5,1300219.0,1498734.5
ZWE,Zimbabwe,2021,934041.0,1078363.5,932858.0,1012940.0
ZWE,Zimbabwe,2022,954131.0,1118159.0,955657.0,1064099.5
ZWE,Zimbabwe,2023,983756.5,1150223.0,988658.0,1108820.5
ZWE,Zimbabwe,2024,1021605.0,1177568.5,1028783.0,1146841.0
ZWE,Zimbabwe,2025,1062253.5,1204411.5,1070703.0,1182238.0
