country_code,country_name,male_2534,female_2534,male_3544,female_3544,male_4554,female_4554,male_55plus,female_55plus,male_1317,female_1317,male_1824,female_1824
ABW,Aruba,6098.0,6023.0,6371.0,7118.0,6585.0,8088.0,7544.0,9030.0,3591.5,3437.5,4418.0,4097.0
AFE,Africa Eastern and Southern,58224069.0,59181255.0,40697347.0,42216205.0,25913152.0,27862894.0,15654201.0,18138555.0,3574.0,3425.0,4630.0,4280.0
AFG,Afghanistan,3386559.0,3313136.0,2028002.0,2006280.0,1303661.0,1321434.0,715867.0,820783.0,3541.5,3398.0,4809.0,4459.5
AFW,Africa Western and Central,38223269.0,37521891.0,27634367.0,27437860.0,18592949.0,18586432.0,10892497.0,11433829.0,3520.0,3383.5,4944.5,4614.0
AGO,Angola,2574013.0,2625561.0,1883239.0,1955954.0,1196161.0,1299671.0,744278.0,862604.0,3517.0,3382.5,5018.0,4725.5
ALB,Albania,219768.0,215181.0,184018.0,176252.0,139430.0,162765.0,162895.0,184506.0,0.0,0.0,0.0,0.0
AND,Andorra,5710.0,5052.0,6198.0,5949.0,7363.0,7177.0,6713.0,6271.0,0.0,0.0,0.0,0.0
ARB,Arab World,42765994.0,37158830.0,36830053.0,31830883.0,25129271.0,22826456.0,15840417.0,15576483.0,0.0,0.0,0.0,0.0
ARE,United Arab Emirates,2180748.0,1010799.0,1789489.0,855313.0,902422.0,387986.0,379735.0,219943.0,0.0,0.0,0.0,0.0
ARG,Argentina,3551384.0,3424348.0,3276307.0,3196210.0,2835394.0,2825516.0,2077631.0,2179699.0,0.0,0.0,0.0,0.0
ARM,Armenia,202363.0,210362.0,223208.0,251280.0,158911.0,193315.0,151277.0,204613.0,2462760.5,2341890.0,2953647.0,2841046.0
ASM,American Samoa,2495.0,2513.0,2764.0,2651.0,2970.0,2871.0,2614.0,2522.0,2475958.0,2354723.5,2994051.0,2877191.5
ATG,Antigua and Barbuda,7073.0,7182.0,6631.0,7123.0,5933.0,6813.0,5490.0,6789.0,2508936.0,2386105.5,3051771.0,2925723.5
AUS,Australia,1917527.0,1866078.0,1917861.0,1948653.0,1658434.0,1702178.0,1527408.0,1599401.0,2566328.0,2441497.0,3123323.5,2988532.0
AUT,Austria,590235.0,561590.0,633253.0,618578.0,596757.0,601821.0,690794.0,700465.0,2630299.5,2503971.0,3185306.5,3043454.0
AZE,Azerbaijan,780854.0,814482.0,836349.0,875976.0,593989.0,640511.0,535285.0,642342.0,0.0,0.0,0.0,0.0
BDI,Burundi,908668.0,920894.0,771415.0,797595.0,432859.0,455081.0,214766.0,236650.0,0.0,0.0,0.0,0.0
BEL,Belgium,737309.0,727246.0,765320.0,768467.0,768275.0,758759.0,794204.0,790224.0,0.0,0.0,0.0,0.0
BEN,Benin,1082312.0,1060276.0,763351.0,769215.0,490366.0,512555.0,307310.0,334282.0,0.0,0.0,0.0,0.0
BFA,Burkina Faso,1729026.0,1731462.0,1233916.0,1261573.0,762164.0,819476.0,420762.0,507962.0,0.0,0.0,0.0,0.0
BGD,Bangladesh,13028043.0,15720846.0,11629997.0,12757105.0,8529794.0,8545076.0,6044164.0,5893279.0,1933177.0,1929191.5,2098988.5,2114847.0
BGR,Bulgaria,336695.0,319468.0,467353.0,440532.0,500983.0,481522.0,418514.0,440246.0,2016188.0,2010946.5,2178740.0,2193257.0
BHR,Bahrain,225797.0,121078.0,279596.0,116529.0,146449.0,75399.0,66067.0,46240.0,2099434.0,2092913.5,2265408.0,2278202.5
BHS,"Bahamas, The",31633.0,33370.0,27658.0,30809.0,25477.0,28639.0,22515.0,25934.0,2182511.0,2174814.0,2361349.0,2372325.0
BIH,Bosnia and Herzegovina,175606.0,156125.0,214641.0,204045.0,231300.0,244108.0,218020.0,246405.0,2265155.0,2256347.0,2465244.5,2474399.0
BLR,Belarus,535411.0,509978.0,745993.0,733215.0,604845.0,663283.0,544392.0,687448.0,91280.5,83625.5,152197.0,144546.5
BLZ,Belize,39540.0,37923.0,30958.0,30697.0,21571.0,22277.0,14376.0,14950.0,88433.5,80879.0,145081.0,136400.5
BMU,Bermuda,3315.0,3450.0,4120.0,4257.0,4910.0,4535.0,5064.0,4977.0,86117.0,78977.0,140056.5,130717.5
BOL,Bolivia,1059440.0,1045102.0,845312.0,834288.0,610544.0,613046.0,406697.0,424884.0,84693.5,77742.0,134415.0,124584.5
BRA,Brazil,16239229.0,16098852.0,16433230.0,16709271.0,13925202.0,14620117.0,10943391.0,11994270.0,84732.0,77597.5,128049.5,117788.0
BRB,Barbados,18339.0,18423.0,18115.0,19023.0,17999.0,19699.0,17497.0,20421.0,2149.5,1915.0,3174.0,2868.0
BRN,Brunei Darussalam,44663.0,35827.0,44802.0,34647.0,34934.0,30431.0,22343.0,21602.0,2196.0,1980.0,3231.0,2976.0
BTN,Bhutan,84925.0,69162.0,77514.0,62190.0,49430.0,40426.0,30779.0,27208.0,2212.0,2060.5,3284.5,3067.5
BWA,Botswana,242844.0,242845.0,165705.0,161424.0,100720.0,104030.0,63329.0,68722.0,2208.5,2122.0,3349.0,3085.0
CAF,Central African Republic,326079.0,388841.0,149314.0,206712.0,91330.0,127880.0,70097.0,109786.0,2191.0,2143.0,3362.0,3082.5
CAN,Canada,2981873.0,2795921.0,2850448.0,2810293.0,2494459.0,2545411.0,2595347.0,2657093.0,0.0,0.0,0.0,0.0
CEB,Central Europe and the Baltics,5792155.0,5491398.0,7439037.0,7077859.0,7596380.0,7442613.0,5967048.0,6376577.0,0.0,0.0,0.0,0.0
CHE,Switzerland,566308.0,541350.0,645772.0,632669.0,614208.0,609043.0,648075.0,644538.0,0.0,0.0,0.0,0.0
CHI,Channel Islands,10324.0,9855.0,11467.0,11273.0,11666.0,11922.0,12761.0,13161.0,0.0,0.0,0.0,0.0
CHL,Chile,1599490.0,1564641.0,1537659.0,1509754.0,1316562.0,1312981.0,1135268.0,1180044.0,0.0,0.0,0.0,0.0
CHN,China,95737610.0,84188048.0,115015122.0,107188260.0,104255455.0,101497634.0,103251276.0,105438044.0,217418.0,209406.5,671774.5,449814.0
CIV,Cote d'Ivoire,2285865.0,2265354.0,1916443.0,1950929.0,1307610.0,1134380.0,683013.0,620277.0,227836.5,219867.5,700481.5,469739.5
CMR,Cameroon,2167236.0,2184936.0,1600039.0,1623698.0,1010863.0,1041472.0,564749.0,608021.0,241860.5,232438.5,687990.5,470070.0
COD,"Congo, Dem. Rep.",7485641.0,7606216.0,4920085.0,5043024.0,3146102.0,3304220.0,2122045.0,2320375.0,252503.0,243539.5,678046.0,458776.0
COG,"Congo, Rep.",436634.0,435017.0,353849.0,354350.0,261640.0,265490.0,154915.0,165607.0,253438.0,249813.0,705818.0,450075.0
COL,Colombia,4581800.0,4572201.0,3942116.0,3995975.0,3148316.0,3305573.0,2648032.0,2890440.0,1807179.0,1711633.0,2487017.5,2379433.0
COM,Comoros,61156.0,63677.0,52046.0,51824.0,38104.0,36031.0,23226.0,22799.0,1828642.0,1729688.5,2484142.0,2374993.0
CPV,Cabo Verde,46762.0,42533.0,43006.0,39806.0,27865.0,25260.0,20714.0,21811.0,1849581.5,1747937.5,2486187.0,2375187.0
CRI,Costa Rica,408969.0,397302.0,402239.0,400163.0,311666.0,331294.0,271371.0,298188.0,1870987.0,1767469.5,2489325.5,2375781.5
CSS,Caribbean small states,256812.0,257094.0,210937.0,219245.0,180359.0,191199.0,152510.0,166848.0,1886790.5,1782401.5,2492470.0,2375502.5
CUB,Cuba,706384.0,667641.0,738481.0,707216.0,774323.0,791664.0,873158.0,948966.0,90153.5,85804.5,116525.5,115632.5
CUW,Curacao,13545.0,11291.0,9810.0,9333.0,8377.0,9968.0,8804.0,11536.0,92986.0,88339.0,117000.5,117182.0
CYM,Cayman Islands,5617.0,5550.0,7190.0,6977.0,6726.0,6417.0,5023.0,4944.0,98231.5,92549.0,123871.5,124001.0
CYP,Cyprus,104053.0,96692.0,134969.0,119106.0,94402.0,97709.0,75872.0,80279.0,101892.0,95131.0,127286.0,127111.5
CZE,Czechia,601844.0,565834.0,748684.0,699395.0,886819.0,841210.0,649612.0,648746.0,103324.5,95542.0,125313.5,124350.0
DEU,Germany,4984372.0,4580196.0,5511583.0,5285695.0,5060644.0,5041698.0,6503530.0,6562654.0,2669.5,2517.0,2754.0,2588.5
DJI,Djibouti,96653.0,97122.0,76700.0,78524.0,60738.0,64166.0,37555.0,41340.0,2537.5,2426.5,2793.0,2602.0
DMA,Dominica,5167.0,5093.0,4963.0,4876.0,4183.0,3999.0,4343.0,4264.0,2448.5,2363.5,2845.0,2628.5
DNK,Denmark,413938.0,398620.0,359179.0,349786.0,378753.0,380507.0,394472.0,395944.0,2408.0,2334.5,2920.5,2687.5
DOM,Dominican Republic,918855.0,898684.0,774906.0,774927.0,622262.0,641165.0,470565.0,514069.0,2371.5,2304.5,2989.0,2764.0
DZA,Algeria,3276483.0,3091191.0,3751934.0,3549669.0,2902978.0,2760633.0,1966482.0,1885826.0,3230.0,3146.0,4892.0,4790.0
EAP,East Asia & Pacific (excluding high income),153632015.0,140034441.0,169687559.0,160493021.0,149507175.0,147245476.0,137732515.0,142688670.0,3297.5,3211.0,4788.5,4676.0
EAR,Early-demographic dividend,296666118.0,282718734.0,258237192.0,248282748.0,194029347.0,190991792.0,136160359.0,139956758.0,3331.5,3242.5,4704.5,4590.5
EAS,East Asia & Pacific,168617742.0,154099979.0,185540786.0,176045103.0,167684179.0,165504726.0,154667483.0,159844485.0,3324.0,3234.0,4652.5,4537.5
ECA,Europe & Central Asia (excluding high income),18487424.0,18011242.0,19068870.0,18890054.0,15239796.0,16018839.0,12489387.0,14033731.0,3289.0,3198.5,4577.0,4461.5
ECS,Europe & Central Asia,58464097.0,56210837.0,65936801.0,65496788.0,61202916.0,63103299.0,56154854.0,61412388.0,801057.5,753522.0,1163189.5,1095621.5
ECU,Ecuador,1530768.0,1503416.0,1310527.0,1311486.0,1012585.0,1038963.0,726332.0,772992.0,820993.0,773587.0,1150531.0,1084484.0
EGY,"Egypt, Arab Rep.",9084764.0,8691107.0,8140037.0,7945153.0,5975901.0,5797744.0,4054198.0,4160093.0,837356.5,790921.0,1146763.5,1082036.5
EMU,Euro area,20411420.0,19380005.0,22213753.0,21968169.0,23895179.0,23980510.0,24789272.0,25789284.0,847563.5,802164.0,1154648.5,1091647.5
ERI,Eritrea,268032.0,265944.0,158861.0,165032.0,118202.0,135479.0,82211.0,99991.0,852422.5,807739.5,1173529.0,1112354.0
ESP,Spain,2621150.0,2535200.0,3162322.0,3133224.0,4020627.0,3927757.0,3536348.0,3649198.0,220311.0,209436.5,347959.0,328565.5
EST,Estonia,74925.0,69658.0,105094.0,96063.0,93916.0,90913.0,80074.0,88913.0,221424.0,210577.0,342720.0,323797.5
ETH,Ethiopia,10750422.0,10659598.0,6797601.0,6808016.0,4390173.0,4625697.0,2816032.0,3196310.0,221744.5,210880.5,336431.5,318174.5
EUU,European Union,26295998.0,24965690.0,29460062.0,28889399.0,31277614.0,31216195.0,30691391.0,31986038.0,221718.5,210136.0,331644.0,314754.5
FCS,Fragile and conflict affected situations,80607412.0,79782414.0,58671024.0,59311296.0,40477749.0,42510968.0,26122713.0,28984224.0,222555.5,210007.0,331215.5,315476.5
FIN,Finland,355432.0,333025.0,377436.0,352895.0,342108.0,327799.0,354460.0,358713.0,387767.5,346966.5,472829.0,454728.5
FJI,Fiji,72333.0,72335.0,68059.0,68033.0,51160.0,50991.0,39216.0,41303.0,403543.5,361573.0,470604.5,443040.0
FRA,France,3943909.0,3895621.0,4026014.0,4204429.0,4281636.0,4374865.0,4174183.0,4481437.0,416456.5,373686.5,476431.0,440606.5
FRO,Faroe Islands,3610.0,3105.0,3666.0,3308.0,3589.0,3096.0,3463.0,3184.0,427271.5,383768.5,488430.0,445803.0
FSM,"Micronesia, Fed. Sts.",9655.0,9351.0,6019.0,5905.0,4464.0,4888.0,3645.0,4425.0,437791.0,393544.0,507009.5,458460.5
GAB,Gabon,193992.0,186502.0,180034.0,162352.0,120721.0,109265.0,68180.0,66425.0,771356.0,769379.5,756808.5,757562.5
GBR,United Kingdom,4644573.0,4444439.0,4514570.0,4593123.0,4263887.0,4360763.0,4199397.0,4564101.0,813672.0,811423.0,793476.5,794661.0
GEO,Georgia,235149.0,233036.0,261701.0,278422.0,212987.0,247549.0,192286.0,254664.0,857248.0,854618.0,840490.0,842280.0
GHA,Ghana,2639795.0,2625435.0,2154122.0,2162856.0,1485798.0,1529742.0,944433.0,1017747.0,898815.5,895764.5,890202.0,892565.5
GIB,Gibraltar,2771.0,2678.0,2678.0,2687.0,2619.0,2599.0,2403.0,2457.0,935164.0,931659.5,939932.0,942772.5
GIN,Guinea,1181688.0,1173422.0,722047.0,771093.0,415186.0,497313.0,285039.0,349053.0,337936.0,321604.0,473354.0,454569.5
GMB,"Gambia, The",216768.0,217022.0,142759.0,144999.0,86419.0,91028.0,62725.0,72304.0,344417.0,328320.5,472648.0,454483.0
GNB,Guinea-Bissau,171625.0,171876.0,125202.0,127560.0,80169.0,88058.0,40077.0,51687.0,350359.0,334459.0,473144.0,452900.0
GNQ,Equatorial Guinea,146852.0,126568.0,147470.0,109386.0,97077.0,70019.0,57174.0,49344.0,354047.0,338060.0,478007.5,456741.0
GRC,Greece,534615.0,486979.0,628283.0,627371.0,768642.0,794509.0,696290.0,780361.0,355635.0,339444.5,487545.0,466060.0
GRD,Grenada,9546.0,9188.0,9955.0,9872.0,6475.0,6089.0,6158.0,6114.0,764186.5,740613.5,883696.0,857053.0
GRL,Greenland,0.0,0.0,0.0,0.0,0.0,0.0,0.0,0.0,784925.5,761500.0,907728.0,880434.5
GTM,Guatemala,1654228.0,1643694.0,1194805.0,1214797.0,727927.0,799820.0,435724.0,532811.0,805473.0,782379.5,932714.5,904897.5
GUM,Guam,11967.0,10664.0,9776.0,9273.0,9299.0,9405.0,9555.0,9509.0,825794.0,802975.0,958687.0,930597.0
GUY,Guyana,69515.0,71839.0,44388.0,50539.0,40590.0,46200.0,32410.0,37536.0,846871.5,824085.0,985544.5,957400.5
HIC,High income,94146175.0,84948766.0,101543450.0,94682136.0,95132181.0,93064858.0,88361552.0,91515256.0,1324097.0,1287646.0,1470391.5,1441876.5
HKG,"Hong Kong SAR, China",409750.0,462046.0,464532.0,695915.0,466678.0,698599.0,531123.0,672661.0,1371045.0,1333039.5,1518300.0,1488126.0
HND,Honduras,970432.0,938480.0,752499.0,738369.0,516387.0,524156.0,289647.0,322751.0,1417271.0,1377987.0,1567504.0,1536576.5
HPC,Heavily indebted poor countries (HIPC),70977526.0,71213885.0,48120409.0,49454452.0,31066194.0,32650273.0,18596004.0,20782483.0,1461197.0,1420400.0,1621706.0,1589221.0
HRV,Croatia,215795.0,204018.0,251453.0,243260.0,266011.0,264534.0,261156.0,281732.0,1502475.0,1459954.5,1680003.0,1644863.5
HTI,Haiti,992981.0,1001167.0,783775.0,799074.0,539888.0,561620.0,340678.0,377554.0,8626394.0,8634047.5,10403514.5,12046418.0
HUN,Hungary,594399.0,557183.0,641074.0,610664.0,780998.0,772498.0,560855.0,612052.0,8702682.0,8510123.0,10408006.5,12111186.0
IBD,IBRD only,0.0,0.0,0.0,0.0,0.0,0.0,0.0,0.0,8729347.5,8325552.5,10608563.0,12107133.0
IBT,IDA & IBRD total,532570268.0,507799154.0,494812546.0,480729762.0,391017625.0,391010614.0,307726132.0,322899730.0,8712498.5,8140047.5,10853700.5,12080639.5
IDA,IDA total,0.0,0.0,0.0,0.0,0.0,0.0,0.0,0.0,8653746.0,7969465.5,11121325.5,12022540.5
IDB,IDA blend,0.0,0.0,0.0,0.0,0.0,0.0,0.0,0.0,169821.0,160062.5,220712.5,207804.0
IDN,Indonesia,22138771.0,21129290.0,21170774.0,20386649.0,18491770.0,18391102.0,13448916.0,14145692.0,174263.5,164641.0,224062.5,211354.0
IDX,IDA only,0.0,0.0,0.0,0.0,0.0,0.0,0.0,0.0,177936.0,168469.0,229529.5,217251.5
IMN,Isle of Man,4578.0,4451.0,4831.0,5143.0,5606.0,5807.0,6468.0,6486.0,179618.5,169986.5,231503.0,218905.5
IND,India,128269257.0,116951748.0,111624698.0,103586498.0,84668459.0,80690780.0,60017269.0,59376083.0,180075.0,170355.5,231781.5,218538.0
INX,Not classified,0.0,0.0,0.0,0.0,0.0,0.0,0.0,0.0,48565.0,41252.5,98836.5,64524.5
IRL,Ireland,329170.0,322091.0,363455.0,388299.0,388711.0,400950.0,310927.0,319581.0,45322.5,42004.5,93099.0,59284.5
IRN,"Iran, Islamic Rep.",6902121.0,6658803.0,8999936.0,8689018.0,6236098.0,5970306.0,4167389.0,4145912.0,44440.0,43838.0,85627.5,55211.0
IRQ,Iraq,3761704.0,3654815.0,2686226.0,2684373.0,1947885.0,2013426.0,1143645.0,1319933.0,46118.0,45173.0,85231.5,56807.5
ISL,Iceland,33349.0,30610.0,31188.0,27131.0,25632.0,23716.0,22035.0,22003.0,46835.5,45873.0,88579.0,59113.5
ISR,Israel,676037.0,653389.0,605957.0,604836.0,540289.0,551795.0,402842.0,425553.0,14170.5,13973.5,20414.0,20681.0
ITA,Italy,3255173.0,3013520.0,3461335.0,3405962.0,4366674.0,4403431.0,4509966.0,4720643.0,14335.0,14131.0,20043.5,20299.5
JAM,Jamaica,262125.0,254183.0,232128.0,226722.0,178110.0,182679.0,133806.0,157903.0,14381.0,14178.5,19800.0,20063.5
JOR,Jordan,965522.0,883985.0,810365.0,715582.0,617121.0,550310.0,421845.0,377838.0,14270.5,14058.5,19797.5,20037.5
JPN,Japan,6194414.0,5953869.0,6981661.0,6787158.0,9259254.0,9116671.0,8183770.0,8036868.0,14097.5,13867.0,20042.5,20230.5
KAZ,Kazakhstan,1375828.0,1338288.0,1496148.0,1496632.0,1105995.0,1204856.0,878789.0,1052580.0,86804.5,80414.5,130714.0,119251.0
KEN,Kenya,4374464.0,4589867.0,3385955.0,3330779.0,2165767.0,2135874.0,1248806.0,1324462.0,85160.0,78894.0,127706.5,116739.0
KGZ,Kyrgyz Republic,543576.0,556942.0,481752.0,495016.0,346273.0,364954.0,267742.0,311054.0,84071.5,77922.0,124881.5,114623.0
KHM,Cambodia,1328421.0,1382721.0,1302570.0,1346169.0,804147.0,851486.0,621650.0,726479.0,82488.0,76482.0,122580.0,112836.0
KIR,Kiribati,10814.0,11351.0,8207.0,9133.0,5182.0,5979.0,4144.0,5120.0,80572.5,74745.0,120907.0,111463.0
KNA,St. Kitts and Nevis,3421.0,3715.0,3572.0,4024.0,3072.0,3314.0,2737.0,2913.0,239649.5,226934.0,317346.0,299056.5
KOR,"Korea, Rep.",3761187.0,3320203.0,3708323.0,3409962.0,4149582.0,4025828.0,4191824.0,4233539.0,250438.0,236818.0,313305.5,295027.5
KWT,Kuwait,636324.0,333489.0,816745.0,425275.0,542936.0,287548.0,247661.0,136415.0,261458.0,246719.0,312522.5,295095.0
LAC,Latin America & Caribbean (excluding high income),47886303.0,47775951.0,43306235.0,44674570.0,35326557.0,37826320.0,27203292.0,30162756.0,270764.0,255172.0,312620.0,296009.0
LAO,Lao PDR,681388.0,670681.0,554038.0,542368.0,370856.0,369646.0,242354.0,262263.0,278882.0,262844.5,315914.0,299067.0
LBN,Lebanon,381295.0,410512.0,328060.0,374605.0,295621.0,344876.0,277118.0,315586.0,19482.5,18966.5,27482.5,26906.0
LBR,Liberia,404748.0,404386.0,300012.0,305227.0,204449.0,214959.0,123568.0,139588.0,19519.0,18881.5,28032.5,27254.5
LBY,Libya,551404.0,526575.0,551237.0,523747.0,515426.0,494866.0,294826.0,302521.0,19401.0,18653.5,28564.5,27564.5
LCA,St. Lucia,15968.0,15495.0,14069.0,14254.0,12049.0,12390.0,10211.0,11053.0,19050.5,18260.5,28384.5,27394.5
LCN,Latin America & Caribbean,52388597.0,52161875.0,47577247.0,49026530.0,39180792.0,41847027.0,30476290.0,33710543.0,18801.5,17983.0,27978.0,26986.0
LDC,Least developed countries: UN classification,89440687.0,92855414.0,64384006.0,67370121.0,43191190.0,45363478.0,27491560.0,30100813.0,1738.5,1563.5,2374.0,2385.5
LIC,Low income,57099278.0,57139067.0,38027281.0,38961924.0,25003476.0,26446907.0,15840150.0,17780423.0,1768.0,1592.0,2400.0,2369.5
LIE,Liechtenstein,2407.0,2405.0,2581.0,2582.0,2742.0,2776.0,3113.0,3213.0,1785.5,1608.5,2400.5,2326.5
LKA,Sri Lanka,1555947.0,1558165.0,1451780.0,1567175.0,1336886.0,1443168.0,1101829.0,1260487.0,1778.5,1607.0,2402.0,2280.5
LMC,Lower middle income,256295643.0,246160088.0,216349580.0,209547465.0,159160654.0,156297308.0,110355029.0,112812106.0,1748.0,1593.0,2406.5,2239.5
LMY,Low & middle income,519600033.0,495235449.0,476763754.0,462519338.0,375836437.0,374703598.0,295841409.0,308609739.0,595004.0,577135.5,788453.5,770154.5
LSO,Lesotho,197446.0,203053.0,162314.0,173601.0,77139.0,84229.0,42838.0,55900.0,600261.5,581912.0,792901.5,774290.0
LTE,Late-demographic dividend,164172897.0,148769762.0,188296904.0,178441569.0,164435615.0,163416253.0,151602861.0,159481124.0,605168.5,586417.0,797622.0,778643.0
LTU,Lithuania,198806.0,182747.0,205335.0,181909.0,183634.0,184351.0,181564.0,214728.0,608717.0,589690.0,802854.5,783445.0
LUX,Luxembourg,51750.0,48870.0,53701.0,52544.0,48957.0,47480.0,46091.0,43404.0,611109.0,591925.0,808873.5,789009.5
LVA,Latvia,100100.0,93203.0,136272.0,130398.0,121199.0,128522.0,113810.0,137521.0,7714166.0,7428184.0,11576379.0,11278441.0
MAC,"Macao SAR, China",48107.0,57228.0,58129.0,68913.0,41849.0,54130.0,36464.0,51993.0,7617275.0,7331312.0,11413989.0,11107717.0
MAF,St. Martin (French part),765.0,990.0,1179.0,1589.0,1429.0,1805.0,1802.0,2063.0,7521439.5,7236441.0,11234820.5,10922076.0
MAR,Morocco,2944953.0,2812845.0,2804584.0,2750550.0,2253637.0,2264311.0,1701598.0,1767288.0,7438667.0,7155553.0,11053477.0,10738010.0
MCO,Monaco,1874.0,1793.0,1717.0,1769.0,1655.0,1876.0,2565.0,2642.0,7376097.5,7094843.5,10878394.0,10563774.5
MDA,Moldova,133620.0,140105.0,183417.0,192241.0,139284.0,164426.0,125309.0,167364.0,9179.5,8942.5,13278.5,12918.5
MDG,Madagascar,2530140.0,2511154.0,1684728.0,1685069.0,1186970.0,1208441.0,718432.0,754230.0,9264.0,8975.5,13301.5,12900.5
MDV,Maldives,82327.0,35670.0,83332.0,39175.0,38936.0,23103.0,19371.0,15830.0,9278.5,8930.5,13223.0,12848.5
MEA,Middle East & North Africa,44758710.0,38783668.0,42897965.0,37258976.0,29674642.0,26735328.0,18911867.0,18432090.0,9248.5,8857.5,13063.5,12739.5
MEX,Mexico,10370957.0,10649238.0,8718110.0,9707153.0,7065494.0,8389238.0,5385968.0,6382383.0,9113.0,8737.0,12907.0,12598.0
MHL,Marshall Islands,1595.0,1576.0,2197.0,2252.0,1981.0,1959.0,1358.0,1318.0,16880.5,15604.5,28321.5,24326.5
MIC,Middle income,462500755.0,438096382.0,438736473.0,423557414.0,350832961.0,348256691.0,280001259.0,290829316.0,16571.5,15251.0,27370.0,24061.0
MKD,North Macedonia,113845.0,111026.0,124639.0,125501.0,122361.0,127511.0,117255.0,126234.0,16285.0,15006.5,26526.5,23765.0
MLI,Mali,1653392.0,1608813.0,1181038.0,1144969.0,756867.0,741212.0,389505.0,402240.0,16205.5,14966.0,25826.5,23477.5
MLT,Malta,47836.0,39104.0,53602.0,44597.0,41377.0,35766.0,32003.0,29960.0,16428.0,15128.5,25263.5,23198.0
MMR,Myanmar,4393684.0,4289390.0,4075184.0,4042912.0,3344742.0,3428880.0,2421099.0,2665748.0,35902.5,33346.0,53754.0,48081.0
MNA,Middle East & North Africa (excluding high income),34730633.0,33454830.0,33227220.0,32423817.0,24285978.0,23860555.0,16301037.0,16744296.0,35184.5,32465.5,53140.0,48446.5
MNE,Montenegro,36780.0,35698.0,40630.0,40792.0,38352.0,42178.0,36000.0,40602.0,34591.5,31699.0,52684.5,48684.5
MNG,Mongolia,251380.0,239066.0,272265.0,266121.0,198007.0,205863.0,131030.0,159349.0,34221.5,31167.0,52443.0,48764.5
MNP,Northern Mariana Islands,2109.0,1793.0,2647.0,2281.0,3594.0,3232.0,3779.0,3368.0,34065.5,30898.5,52360.5,48655.5
MOZ,Mozambique,2494933.0,2617117.0,1568011.0,1786580.0,932450.0,1144970.0,497144.0,671018.0,124968.5,123328.0,173574.5,172195.0
MRT,Mauritania,353678.0,384060.0,243491.0,275562.0,161192.0,187783.0,105073.0,120221.0,124232.0,122690.5,174227.0,173295.5
MUS,Mauritius,103392.0,95070.0,98282.0,89841.0,88989.0,87332.0,79291.0,82085.0,123101.0,121733.0,173553.5,173149.5
MWI,Malawi,1636184.0,1729288.0,1120893.0,1299406.0,680524.0,687510.0,314913.0,421626.0,122455.0,121152.0,172936.0,172600.0
MYS,Malaysia,3442245.0,2897670.0,3219642.0,2742382.0,2205854.0,1984388.0,1517021.0,1491136.0,122444.5,121093.5,172163.5,171778.0
NAC,North America,26479493.0,24726602.0,26620997.0,25165440.0,23370464.0,22571813.0,23213407.0,23226774.0,334931.0,330354.0,368726.5,378892.5
NAM,Namibia,251970.0,259074.0,183379.0,193981.0,122278.0,127651.0,68774.0,85243.0,333703.0,332250.5,363824.0,386100.5
NCL,New Caledonia,19999.0,20263.0,20888.0,21602.0,19122.0,20369.0,16273.0,16894.0,339930.5,340101.5,367195.5,397791.5
NER,Niger,1858489.0,1784050.0,1192923.0,1137514.0,789200.0,757908.0,499120.0,499815.0,355297.5,353499.5,385277.0,410437.5
NGA,Nigeria,16998814.0,16420743.0,12236486.0,11920962.0,8457920.0,8354606.0,4902912.0,5041940.0,370743.0,367372.0,401154.5,420740.5
NIC,Nicaragua,597268.0,592486.0,473646.0,507187.0,342896.0,373166.0,213413.0,246044.0,1048652.0,1011593.0,1725595.5,1605211.0
NLD,Netherlands,1248008.0,1217771.0,1145215.0,1127310.0,1096492.0,1106190.0,1256118.0,1261756.0,1066025.5,1029434.0,1705499.0,1604961.5
NOR,Norway,391992.0,373099.0,387815.0,372154.0,372116.0,356609.0,356753.0,344628.0,1085271.5,1048711.5,1699444.5,1618943.0
NPL,Nepal,2227673.0,2712094.0,1617873.0,2125141.0,1322773.0,1556018.0,950334.0,1073957.0,1097134.5,1059088.5,1691794.5,1627693.0
NRU,Nauru,880.0,818.0,866.0,839.0,485.0,479.0,305.0,321.0,1101466.0,1060644.5,1686139.5,1634230.5
NZL,New Zealand,378197.0,358618.0,356236.0,360722.0,315616.0,326296.0,312467.0,332063.0,0.0,0.0,0.0,0.0
OED,OECD members,93285608.0,89213077.0,94036462.0,92616505.0,91054387.0,91630612.0,85563734.0,88531701.0,0.0,0.0,0.0,0.0
OMN,Oman,871609.0,379817.0,847017.0,368042.0,377168.0,191625.0,138068.0,87478.0,0.0,0.0,0.0,0.0
OSS,Other small states,1291843.0,1076655.0,1312585.0,1028762.0,902573.0,793193.0,625821.0,629178.0,0.0,0.0,0.0,0.0
PAK,Pakistan,19794340.0,18903549.0,14642574.0,14248505.0,9730731.0,9690455.0,6695295.0,6946714.0,0.0,0.0,0.0,0.0
PAN,Panama,347437.0,339770.0,315651.0,312434.0,267375.0,269646.0,209046.0,218697.0,216569.5,204773.5,333530.5,311849.0
PER,Peru,2719277.0,2798106.0,2452403.0,2514760.0,2013794.0,2010707.0,1457176.0,1473324.0,220648.5,208293.0,329217.5,307903.0
PHL,Philippines,10046074.0,9905863.0,7954803.0,7803067.0,5911801.0,5963113.0,4154562.0,4502584.0,224163.0,211995.5,323960.0,303406.0
PLW,Palau,1265.0,956.0,1577.0,1109.0,1589.0,1210.0,1302.0,1166.0,227081.5,215335.5,322844.5,303109.0
PNG,Papua New Guinea,898427.0,839492.0,691760.0,699889.0,494760.0,505551.0,325671.0,307953.0,229927.5,217913.0,325969.0,307503.5
POL,Poland,2176934.0,2085764.0,2975259.0,2886246.0,2682194.0,2667469.0,2036308.0,2178700.0,4326.0,4157.0,6454.0,6123.0
PRE,Pre-demographic dividend,81544559.0,81462628.0,56372045.0,57340331.0,37080112.0,38303545.0,21666061.0,23757606.0,4364.0,4211.0,6445.0,6139.0
PRI,Puerto Rico,197653.0,204409.0,177211.0,198007.0,196873.0,221218.0,204418.0,240955.0,4408.0,4285.0,6417.0,6136.0
PRK,"Korea, Dem. People's Rep.",1991965.0,1923091.0,1820134.0,1780137.0,1814146.0,1814450.0,1782016.0,1860591.0,4471.0,4362.0,6402.0,6166.0
PRT,Portugal,573058.0,557579.0,619293.0,645261.0,761873.0,830650.0,697716.0,795902.0,4551.0,4425.0,6446.0,6250.0
PRY,Paraguay,595709.0,580440.0,504914.0,496887.0,339861.0,340377.0,254983.0,273861.0,610774.5,586405.0,983118.5,955181.0
PSE,West Bank and Gaza,415693.0,426114.0,304050.0,312030.0,183921.0,200956.0,121132.0,133820.0,614263.5,589916.5,959759.0,932499.0
PSS,Pacific island small states,200013.0,204050.0,171163.0,175231.0,130599.0,127763.0,93315.0,95825.0,620103.0,596136.0,938495.5,911252.0
PST,Post-demographic dividend,71461331.0,67369861.0,75175841.0,73029046.0,75047616.0,74718243.0,74195185.0,76393019.0,626706.0,602918.5,919477.0,891510.0
PYF,French Polynesia,19125.0,18571.0,21488.0,21786.0,19402.0,19157.0,17652.0,16865.0,631920.5,608089.0,903216.5,874220.0
QAT,Qatar,575137.0,173708.0,605715.0,182892.0,288663.0,86784.0,98368.0,36247.0,44057289.0,37553231.0,61025657.5,52490424.0
ROU,Romania,1046933.0,998628.0,1328695.0,1246591.0,1487382.0,1448788.0,1190989.0,1282126.0,44961144.0,38334516.0,60412550.0,51828532.5
RUS,Russian Federation,8059338.0,7852532.0,11847165.0,12102263.0,9413166.0,10515835.0,7739406.0,9806918.0,45800111.5,39077717.0,60156776.0,51498361.0
RWA,Rwanda,1044451.0,1081767.0,855110.0,900961.0,473459.0,562788.0,289324.0,360351.0,46455691.5,39682750.5,60146647.5,51390974.0
SAS,South Asia,168429071.0,159264370.0,143155770.0,136392069.0,106980670.0,103310460.0,75574908.0,75414341.0,47291997.0,40465565.5,60151495.0,51310904.0
SAU,Saudi Arabia,4814589.0,2617454.0,4672624.0,2237675.0,2549360.0,1257870.0,1246086.0,705958.0,1675514.5,1583645.0,1886675.5,1736238.0
SDN,Sudan,3900060.0,3958759.0,2445619.0,2717209.0,1536858.0,1864059.0,1081851.0,1242654.0,1746439.5,1657457.0,1959129.0,1794978.0
SEN,Senegal,1468317.0,1473873.0,1007016.0,1029797.0,674348.0,674511.0,428699.0,430399.0,1818235.5,1728490.0,2025867.5,1861016.0
SGP,Singapore,664526.0,549675.0,505753.0,462578.0,389140.0,375122.0,333770.0,325400.0,1880790.0,1787548.5,2099472.5,1942311.0
SLB,Solomon Islands,61918.0,60885.0,50002.0,49439.0,37780.0,35321.0,21809.0,20958.0,1927684.0,1830615.5,2190858.0,2042823.5
SLE,Sierra Leone,684884.0,683419.0,482987.0,481523.0,320179.0,329504.0,195383.0,213630.0,1534921.5,1527872.0,1741739.0,1741040.0
SLV,El Salvador,599666.0,588046.0,360264.0,432358.0,274620.0,390685.0,202859.0,299362.0,1581767.5,1574213.5,1796738.5,1795842.5
SMR,San Marino,1677.0,1640.0,1823.0,1881.0,2634.0,2812.0,2927.0,2977.0,1626599.5,1618138.0,1856709.5,1855505.0
SOM,Somalia,1318384.0,1319962.0,850427.0,865763.0,536239.0,561122.0,320634.0,360144.0,1668944.0,1659086.5,1917212.0,1915728.5
SRB,Serbia,371902.0,372823.0,437529.0,447939.0,452351.0,473834.0,408392.0,461739.0,1709142.5,1697299.5,1977957.0,1976336.5
SSA,Sub-Saharan Africa (excluding high income),96434587.0,96694615.0,68318100.0,69645807.0,44496261.0,46441948.0,26540270.0,29565945.0,5508689.0,5526604.0,6261285.5,6295759.5
SSD,South Sudan,736951.0,748833.0,551155.0,618655.0,505340.0,575675.0,273051.0,329294.0,5715217.5,5735521.5,6430687.5,6471208.5
SSF,Sub-Saharan Africa,96447338.0,96703146.0,68331714.0,69654065.0,44506101.0,46449326.0,26546698.0,29572384.0,5935419.0,5957897.5,6628840.0,6675769.5
SST,Small states,1748668.0,1537799.0,1694685.0,1423238.0,1213531.0,1112155.0,871646.0,891851.0,6161762.0,6185810.0,6841436.0,6894298.5
STP,Sao Tome and Principe,15811.0,16272.0,13033.0,13317.0,9898.0,9630.0,5859.0,5957.0,6396135.0,6420749.0,7058527.0,7117127.5
SUR,Suriname,49237.0,48121.0,44092.0,41499.0,36331.0,35448.0,30460.0,31008.0,325060.5,321491.5,355154.0,352296.0
SVK,Slovak Republic,323572.0,309538.0,424361.0,405578.0,428420.0,414020.0,325103.0,344870.0,339974.5,336079.5,367456.0,364494.5
SVN,Slovenia,122152.0,105357.0,155457.0,137223.0,164824.0,148786.0,149063.0,146943.0,356390.5,352088.5,381524.5,378460.5
SWE,Sweden,713835.0,660188.0,726065.0,688016.0,665306.0,643691.0,651369.0,638940.0,373354.5,368570.0,396919.0,393725.0
SWZ,Eswatini,104636.0,103809.0,82763.0,84704.0,47676.0,50897.0,26593.0,36453.0,388924.5,383623.0,413504.0,410130.0
SXM,Sint Maarten (Dutch part),2405.0,2745.0,2858.0,3499.0,3264.0,3666.0,3464.0,3825.0,2042788.0,1961593.5,3111865.0,3042894.5
SYC,Seychelles,12751.0,8531.0,13614.0,8258.0,9840.0,7378.0,6428.0,6439.0,2016120.5,1935242.0,3098549.0,3026806.0
SYR,Syrian Arab Republic,2223724.0,2148996.0,1452430.0,1460416.0,1124127.0,1196452.0,741225.0,832569.0,1989063.5,1908799.5,3070600.0,2995704.0
TCA,Turks and Caicos Islands,3226.0,3371.0,4331.0,3781.0,4240.0,3715.0,3045.0,2901.0,1959768.0,1880431.5,3030965.0,2952474.0
TCD,Chad,1470661.0,1466806.0,919061.0,932399.0,608923.0,633275.0,341109.0,373210.0,1930145.0,1852002.5,2988216.5,2905841.5
TEA,East Asia & Pacific (IDA & IBRD countries),151642195.0,138113124.0,167869868.0,158714832.0,147695103.0,145432715.0,135952106.0,140829566.0,44956.5,42455.5,53628.0,52696.0
TEC,Europe & Central Asia (IDA & IBRD countries),30323119.0,29471652.0,35938795.0,35808946.0,29589532.0,31396987.0,24135760.0,28023453.0,45575.5,43240.0,55168.5,53677.5
TGO,Togo,705652.0,686497.0,539801.0,525378.0,382663.0,380736.0,227940.0,238480.0,46245.5,44140.5,56293.0,54377.5
THA,Thailand,5082489.0,4947076.0,5069728.0,5130155.0,5103183.0,5493020.0,4728702.0,5363775.0,47148.5,45225.0,57241.0,54978.0
TJK,Tajikistan,837992.0,875722.0,675244.0,703027.0,422380.0,455417.0,315296.0,354685.0,48222.0,46412.5,58179.5,55632.0
TKM,Turkmenistan,654736.0,646501.0,538379.0,537950.0,382293.0,440255.0,263438.0,330649.0,24793.0,22873.0,31598.0,27715.0
TLA,Latin America & the Caribbean (IDA & IBRD countries),51413605.0,51218146.0,46593229.0,48048063.0,38144162.0,40761527.0,29336755.0,32449510.0,25054.5,23192.5,31684.5,27835.0
TLS,Timor-Leste,114350.0,114502.0,80591.0,80377.0,53401.0,50046.0,38684.0,36680.0,25239.0,23398.5,31946.0,28214.0
TMN,Middle East & North Africa (IDA & IBRD countries),34314940.0,33028716.0,32923170.0,32111787.0,24102057.0,23659599.0,16179905.0,16610476.0,25397.0,23571.5,32360.0,28793.5
TON,Tonga,4625.0,6905.0,4095.0,6152.0,4236.0,5167.0,3728.0,4002.0,25519.0,23718.0,32818.0,29503.0
TSA,South Asia (IDA & IBRD),168429071.0,159264370.0,143155770.0,136392069.0,106980670.0,103310460.0,75574908.0,75414341.0,183918.0,176212.0,277678.0,266672.5
TSS,Sub-Saharan Africa (IDA & IBRD countries),96447338.0,96703146.0,68331714.0,69654065.0,44506101.0,46449326.0,26546698.0,29572384.0,184924.5,177163.0,273522.0,262651.0
TTO,Trinidad and Tobago,96468.0,92880.0,120599.0,119236.0,95384.0,95383.0,79946.0,85099.0,184627.0,176847.0,269803.0,259084.0
TUN,Tunisia,873219.0,873983.0,897122.0,968774.0,769813.0,818613.0,625732.0,668548.0,184154.0,176366.0,265745.5,255242.5
TUR,Turkiye,6739944.0,6457108.0,6446088.0,6310556.0,5760318.0,5763473.0,4357324.0,4484460.0,184362.5,176574.5,261519.5,251262.0
TUV,Tuvalu,705.0,629.0,519.0,448.0,457.0,398.0,440.0,510.0,0.0,0.0,0.0,0.0
TZA,Tanzania,5075722.0,5089472.0,3423412.0,3595587.0,2256454.0,2396654.0,1160068.0,1323317.0,0.0,0.0,0.0,0.0
UGA,Uganda,3948742.0,4012358.0,2311258.0,2388551.0,1337291.0,1421597.0,752061.0,872113.0,0.0,0.0,0.0,0.0
UKR,Ukraine,2425448.0,2370639.0,3302494.0,3248276.0,2535508.0,2832335.0,2448926.0,2901953.0,0.0,0.0,0.0,0.0
UMC,Upper middle income,206205112.0,191936294.0,222386893.0,214009949.0,191672307.0,191959383.0,169646230.0,178017210.0,0.0,0.0,0.0,0.0
URY,Uruguay,253103.0,245124.0,224784.0,221079.0,213867.0,219312.0,181681.0,196211.0,302831.5,288684.5,491458.0,468415.5
USA,United States,23494305.0,21927231.0,23766429.0,22350890.0,20871095.0,20021867.0,20612996.0,20564704.0,299608.0,285546.0,483501.5,461645.5
UZB,Uzbekistan,2971993.0,2838996.0,2753255.0,2651599.0,1889351.0,1878103.0,1382690.0,1485069.0,301603.5,287565.0,470674.0,449841.5
VCT,St. Vincent and the Grenadines,7373.0,6745.0,6536.0,6529.0,6679.0,6331.0,6313.0,5866.0,307603.5,293611.5,455692.0,435472.0
VEN,"Venezuela, RB",1838840.0,1766262.0,1754076.0,1837497.0,1631146.0,1753523.0,1342546.0,1488010.0,313812.0,299275.5,441253.5,421251.0
VGB,British Virgin Islands,2746.0,3105.0,3402.0,4124.0,3101.0,3645.0,2299.0,2515.0,5369.0,5171.5,10189.5,8735.5
VIR,Virgin Islands (U.S.),4920.0,5234.0,5527.0,6014.0,6235.0,6675.0,7463.0,8364.0,5267.5,5108.0,9708.5,8440.0
VNM,Viet Nam,7327343.0,7305275.0,8292228.0,8311252.0,6330528.0,6564223.0,4977826.0,5634038.0,5243.0,5093.0,9247.0,8180.5
VUT,Vanuatu,23658.0,25727.0,19569.0,20838.0,13471.0,11804.0,9178.0,9000.0,5301.5,5138.5,8871.5,7998.5
WLD,World,615585048.0,581950477.0,580061280.0,559038971.0,472599764.0,469521979.0,385545507.0,401613005.0,5435.0,5246.0,8595.5,7891.0
WSM,Samoa,12565.0,13517.0,10053.0,11083.0,9794.0,9567.0,8190.0,7702.0,1762.5,1751.5,2574.5,2487.5
XKX,Kosovo,132609.0,128230.0,123385.0,121335.0,103868.0,119966.0,84071.0,97364.0,1882.5,1835.5,2556.0,2503.0
YEM,"Yemen, Rep.",3253098.0,3178782.0,2424539.0,2371376.0,1402712.0,1383896.0,748292.0,793022.0,1982.0,1905.0,2576.5,2562.5
ZAF,South Africa,5560225.0,5638288.0,5107335.0,5180467.0,3290462.0,3493533.0,2119566.0,2675794.0,2047.0,1952.5,2650.5,2660.5
ZMB,Zambia,1626136.0,1653652.0,1192917.0,1195427.0,747279.0,770090.0,355209.0,411087.0,2072.0,1972.0,2775.0,2784.5
ZWE,Zimbabwe,1000895.0,1160194.0,898190.0,1105180.0,485918.0,713255.0,227472.0,312937.0,33336.5,31337.5,53889.0,51577.0
,,,,,,,,,,33705.0,31688.0,52879.0,50670.5
,,,,,,,,,,34222.0,32185.5,52134.5,49955.0
,,,,,,,,,,34852.5,32795.0,51867.5,49648.0
,,,,,,,,,,35605.5,33529.0,52056.5,49751.0
,,,,,,,,,,274000.0,259886.0,344402.0,324944.5
,,,,,,,,,,289750.5,276368.0,365402.0,347570.0
,,,,,,,,,,301623.0,288726.0,385190.0,368919.0
,,,,,,,,,,302568.0,289379.5,385590.0,368817.0
,,,,,,,,,,298272.0,285027.5,387852.5,370789.0
,,,,,,,,,,1946908.5,1834553.0,3196503.0,2925726.0
,,,,,,,,,,1953143.5,1842159.0,3110598.0,2860959.0
,,,,,,,,,,1965477.5,1854845.5,3034480.5,2807158.0
,,,,,,,,,,1973361.0,1864416.0,2976215.0,2772508.5
,,,,,,,,,,1969181.0,1862337.5,2930727.0,2747710.0
,,,,,,,,,,58609.5,57662.5,76487.5,75876.5
,,,,,,,,,,58117.0,57174.5,78208.5,77577.5
,,,,,,,,,,57705.0,56764.5,79598.0,78943.5
,,,,,,,,,,57408.0,56466.5,80843.0,80155.5
,,,,,,,,,,57178.5,56235.0,81929.0,81204.0
,,,,,,,,,,2170.0,2240.5,3297.5,3291.5
,,,,,,,,,,2134.0,2247.5,3202.0,3190.5
,,,,,,,,,,2111.5,2256.5,3142.5,3137.5
,,,,,,,,,,2100.0,2235.0,3081.0,3104.0
,,,,,,,,,,2115.5,2208.5,3000.0,3068.5
,,,,,,,,,,174986.5,166911.5,262193.0,251009.5
,,,,,,,,,,176347.5,167942.5,262209.5,251874.5
,,,,,,,,,,177271.0,168474.0,260563.5,251178.0
,,,,,,,,,,175991.5,167219.5,260172.0,250741.5
,,,,,,,,,,173062.0,164429.5,262210.0,252284.5
,,,,,,,,,,498989.5,478624.5,691212.0,667528.0
,,,,,,,,,,500697.5,480223.5,691203.0,667017.5
,,,,,,,,,,504767.5,484124.5,690571.5,665806.5
,,,,,,,,,,510646.0,489886.0,688243.0,663129.5
,,,,,,,,,,516521.0,495759.5,683649.0,658426.0
,,,,,,,,,,1775541.0,1697000.5,2076086.0,1986394.0
,,,,,,,,,,1874950.0,1791992.5,2065423.5,1986518.0
,,,,,,,,,,1971884.0,1885467.5,2095749.0,2019312.0
,,,,,,,,,,2062857.0,1973810.5,2161589.5,2079040.0
,,,,,,,,,,2152282.5,2060807.0,2242654.0,2153248.5
,,,,,,,,,,0.0,0.0,0.0,0.0
,,,,,,,,,,0.0,0.0,0.0,0.0
,,,,,,,,,,0.0,0.0,0.0,0.0
,,,,,,,,,,0.0,0.0,0.0,0.0
,,,,,,,,,,0.0,0.0,0.0,0.0
,,,,,,,,,,0.0,0.0,0.0,0.0
,,,,,,,,,,0.0,0.0,0.0,0.0
,,,,,,,,,,0.0,0.0,0.0,0.0
,,,,,,,,,,0.0,0.0,0.0,0.0
,,,,,,,,,,0.0,0.0,0.0,0.0
,,,,,,,,,,0.0,0.0,0.0,0.0
,,,,,,,,,,0.0,0.0,0.0,0.0
,,,,,,,,,,0.0,0.0,0.0,0.0
,,,,,,,,,,0.0,0.0,0.0,0.0
,,,,,,,,,,0.0,0.0,0.0,0.0
,,,,,,,,,,0.0,0.0,0.0,0.0
,,,,,,,,,,0.0,0.0,0.0,0.0
,,,,,,,,,,0.0,0.0,0.0,0.0
,,,,,,,,,,0.0,0.0,0.0,0.0
,,,,,,,,,,0.0,0.0,0.0,0.0
,,,,,,,,,,0.0,0.0,0.0,0.0
,,,,,,,,,,0.0,0.0,0.0,0.0
,,,,,,,,,,0.0,0.0,0.0,0.0
,,,,,,,,,,0.0,0.0,0.0,0.0
,,,,,,,,,,0.0,0.0,0.0,0.0
,,,,,,,,,,804336.0,772747.5,1120848.0,1085222.0
,,,,,,,,,,807869.5,775869.5,1116322.0,1079996.0
,,,,,,,,,,812632.5,780244.0,1112402.0,1075250.5
,,,,,,,,,,817930.0,785227.5,1109467.0,1071523.0
,,,,,,,,,,822214.5,789318.5,1107954.5,1069314.0
,,,,,,,,,,5350753.0,5125196.0,6729830.0,6429241.5
,,,,,,,,,,5487653.0,5245320.0,6839767.5,6545632.5
,,,,,,,,,,5647960.0,5388924.0,6960686.5,6673425.0
,,,,,,,,,,5816013.5,5543741.5,7084663.5,6801559.0
,,,,,,,,,,5989603.0,5708109.0,7200187.5,6917641.5
,,,,,,,,,,0.0,0.0,0.0,0.0
,,,,,,,,,,0.0,0.0,0.0,0.0
,,,,,,,,,,0.0,0.0,0.0,0.0
,,,,,,,,,,0.0,0.0,0.0,0.0
,,,,,,,,,,0.0,0.0,0.0,0.0
,,,,,,,,,,213878.0,211012.5,244280.5,241063.0
,,,,,,,,,,216398.0,213461.0,249959.0,246819.0
,,,,,,,,,,217877.0,214866.0,257251.5,254150.0
,,,,,,,,,,219033.0,215966.5,265219.5,262218.5
,,,,,,,,,,220242.0,217112.5,273145.5,270312.5
,,,,,,,,,,1285059.0,1214115.0,1735114.0,1638175.5
,,,,,,,,,,1302982.0,1229935.0,1752962.5,1651783.5
,,,,,,,,,,1309767.5,1234455.5,1766907.5,1664089.5
,,,,,,,,,,1307068.0,1230756.5,1795786.0,1694745.0
,,,,,,,,,,1295288.0,1219664.5,1837461.0,1740232.5
,,,,,,,,,,36715.5,34682.5,45150.5,43002.0
,,,,,,,,,,38689.0,36537.0,46067.5,44123.5
,,,,,,,,,,40226.0,38132.5,47412.0,45347.0
,,,,,,,,,,40719.0,38714.0,48337.5,45913.0
,,,,,,,,,,40298.0,38332.0,48820.5,46227.5
,,,,,,,,,,7335488.0,7134058.0,8854707.0,8696353.5
,,,,,,,,,,7434044.5,7224966.5,9067173.5,8913255.5
,,,,,,,,,,7503722.5,7289274.5,9286353.5,9132131.0
,,,,,,,,,,7563267.0,7344772.5,9542600.0,9382527.5
,,,,,,,,,,7613633.0,7391595.5,9826438.5,9656579.0
,,,,,,,,,,0.0,0.0,0.0,0.0
,,,,,,,,,,0.0,0.0,0.0,0.0
,,,,,,,,,,0.0,0.0,0.0,0.0
,,,,,,,,,,0.0,0.0,0.0,0.0
,,,,,,,,,,0.0,0.0,0.0,0.0
,,,,,,,,,,0.0,0.0,0.0,0.0
,,,,,,,,,,0.0,0.0,0.0,0.0
,,,,,,,,,,0.0,0.0,0.0,0.0
,,,,,,,,,,0.0,0.0,0.0,0.0
,,,,,,,,,,0.0,0.0,0.0,0.0
,,,,,,,,,,156585.5,149756.5,218912.0,206200.0
,,,,,,,,,,159028.5,152161.0,218804.5,206320.0
,,,,,,,,,,161827.5,154860.5,219679.0,207595.5
,,,,,,,,,,163828.0,156610.0,222870.5,211487.5
,,,,,,,,,,164630.0,157497.0,228166.5,217315.5
,,,,,,,,,,40554.5,41171.5,52067.0,52534.0
,,,,,,,,,,40911.5,41548.5,51942.0,52585.0
,,,,,,,,,,41257.5,41796.0,52212.5,52966.5
,,,,,,,,,,41452.0,41839.5,52652.5,53513.0
,,,,,,,,,,41556.5,41744.5,53250.0,54206.0
,,,,,,,,,,2097512.0,1988535.0,2844006.5,2713555.0
,,,,,,,,,,2104829.5,1998845.5,2884705.0,2744114.0
,,,,,,,,,,2108648.0,2005266.5,2900370.0,2754211.0
,,,,,,,,,,2104635.0,2003562.0,2938396.5,2789891.0
,,,,,,,,,,2093286.0,1993428.0,2996277.0,2850460.0
,,,,,,,,,,1897.0,1821.5,2477.5,2111.0
,,,,,,,,,,1912.5,1835.5,2580.0,2228.0
,,,,,,,,,,1912.0,1845.5,2722.5,2411.0
,,,,,,,,,,1903.0,1842.0,2828.0,2563.0
,,,,,,,,,,1913.0,1806.5,2846.0,2665.0
,,,,,,,,,,5932.0,5978.0,8054.0,7910.0
,,,,,,,,,,5942.5,5949.0,7984.0,7854.5
,,,,,,,,,,5971.5,5912.5,7910.5,7759.0
,,,,,,,,,,6038.5,5862.5,7807.0,7710.5
,,,,,,,,,,6110.0,5846.0,7687.5,7678.0
,,,,,,,,,,114490.0,114127.5,139611.0,137784.5
,,,,,,,,,,118342.5,117932.0,141741.5,140502.0
,,,,,,,,,,122685.0,122170.5,144392.0,143562.0
,,,,,,,,,,127471.5,126803.0,148364.5,147643.0
,,,,,,,,,,132336.5,131496.5,153634.0,152723.5
,,,,,,,,,,2015532.5,1913819.5,2906598.0,2737976.5
,,,,,,,,,,2070705.5,1969252.5,2879472.0,2717865.0
,,,,,,,,,,2117869.0,2014835.0,2846692.0,2690366.0
,,,,,,,,,,2161706.5,2056783.5,2861496.0,2711944.0
,,,,,,,,,,2199193.5,2093460.0,2924558.5,2780520.0
,,,,,,,,,,113314.0,106624.5,152170.0,143450.5
,,,,,,,,,,118926.5,112574.0,152242.0,143193.0
,,,,,,,,,,125195.5,119207.5,153083.0,143936.0
,,,,,,,,,,130331.5,124398.0,153158.5,144062.0
,,,,,,,,,,134649.0,128309.5,154210.0,145326.0
,,,,,,,,,,1744939.0,1713220.5,2094595.0,2062278.5
,,,,,,,,,,1776480.5,1744881.0,2147479.0,2115650.5
,,,,,,,,,,1809696.5,1777751.5,2202014.5,2170895.5
,,,,,,,,,,1845987.0,1813307.0,2255074.5,2224851.5
,,,,,,,,,,1887948.0,1854342.0,2300212.0,2271075.5
,,,,,,,,,,1136.0,1121.0,1609.5,1484.5
,,,,,,,,,,1166.0,1144.5,1652.5,1553.5
,,,,,,,,,,1190.5,1157.0,1719.0,1662.0
,,,,,,,,,,1208.5,1170.5,1776.5,1736.0
,,,,,,,,,,1227.0,1176.0,1801.0,1762.0
,,,,,,,,,,793952.0,773725.5,958928.0,937528.5
,,,,,,,,,,815384.0,794492.0,975243.0,953381.0
,,,,,,,,,,836392.0,814817.0,993727.0,971660.5
,,,,,,,,,,856295.5,833954.0,1013636.5,991425.5
,,,,,,,,,,874915.0,851755.5,1033759.0,1011465.0
,,,,,,,,,,149902.0,147314.5,174944.0,172869.0
,,,,,,,,,,154445.5,151796.5,178730.5,176493.0
,,,,,,,,,,159027.0,156307.5,182959.5,180574.5
,,,,,,,,,,163640.5,160842.5,187694.0,185250.0
,,,,,,,,,,168433.5,165551.0,192875.0,190456.5
,,,,,,,,,,118560.0,116636.5,139472.5,138203.0
,,,,,,,,,,121520.0,119482.5,143104.0,141709.5
,,,,,,,,,,124426.5,122261.0,146823.5,145306.0
,,,,,,,,,,127332.5,125019.5,150623.0,148982.0
,,,,,,,,,,130221.0,127750.5,154520.5,152755.5
,,,,,,,,,,87536.5,85294.0,101274.5,91750.5
,,,,,,,,,,90838.5,89263.5,104008.5,94808.5
,,,,,,,,,,94176.0,92895.5,107143.0,98702.0
,,,,,,,,,,97771.0,96425.0,111246.0,103706.0
,,,,,,,,,,101268.5,99811.5,116382.0,109615.0
,,,,,,,,,,279190.5,260158.0,399164.0,361873.5
,,,,,,,,,,278387.5,261203.5,386459.0,349609.5
,,,,,,,,,,278320.5,262900.5,381468.5,346118.5
,,,,,,,,,,275221.0,260499.0,375755.0,342026.0
,,,,,,,,,,272316.5,257767.0,377226.0,345100.5
,,,,,,,,,,4357.5,4178.0,6285.0,6004.5
,,,,,,,,,,4403.0,4219.0,6168.0,5909.5
,,,,,,,,,,4433.5,4250.0,6057.5,5825.0
,,,,,,,,,,4452.0,4268.0,5963.0,5749.5
,,,,,,,,,,4457.0,4273.5,5879.0,5679.0
,,,,,,,,,,1828.5,1735.5,2677.0,2572.0
,,,,,,,,,,1825.5,1723.0,2617.5,2500.0
,,,,,,,,,,1828.5,1723.0,2537.5,2411.5
,,,,,,,,,,1842.5,1734.5,2451.0,2323.0
,,,,,,,,,,1858.5,1746.5,2399.5,2269.5
,,,,,,,,,,959886.5,937750.0,1285445.0,1260779.0
,,,,,,,,,,959684.0,937226.5,1297431.5,1272533.0
,,,,,,,,,,961386.0,938487.0,1307903.0,1283069.5
,,,,,,,,,,965473.5,941979.5,1315413.0,1290888.5
,,,,,,,,,,971348.0,947253.5,1320868.0,1296729.0
,,,,,,,,,,6143.5,5868.0,8684.0,7843.5
,,,,,,,,,,6208.0,5937.0,8576.5,7835.0
,,,,,,,,,,6325.0,6042.0,8462.5,7820.5
,,,,,,,,,,6505.5,6197.0,8361.5,7815.0
,,,,,,,,,,6724.5,6381.0,8299.0,7833.5
,,,,,,,,,,36808.5,35612.5,54685.5,53785.5
,,,,,,,,,,37230.0,36029.5,53480.5,52275.0
,,,,,,,,,,37702.0,36490.0,51841.0,50388.0
,,,,,,,,,,38219.5,37013.0,50487.0,48878.0
,,,,,,,,,,38689.5,37502.5,49624.0,47940.5
,,,,,,,,,,0.0,0.0,0.0,0.0
,,,,,,,,,,0.0,0.0,0.0,0.0
,,,,,,,,,,0.0,0.0,0.0,0.0
,,,,,,,,,,0.0,0.0,0.0,0.0
,,,,,,,,,,0.0,0.0,0.0,0.0
,,,,,,,,,,141089.5,139490.0,221779.5,226937.5
,,,,,,,,,,143363.5,140091.0,208382.0,211500.0
,,,,,,,,,,145102.5,140806.5,199492.0,200529.5
,,,,,,,,,,148378.5,143340.5,192237.0,191035.0
,,,,,,,,,,151190.5,145774.0,186879.5,184449.0
,,,,,,,,,,545286.0,520073.0,743958.5,713735.0
,,,,,,,,,,544983.5,519731.0,750220.5,719209.5
,,,,,,,,,,544954.5,519658.5,754927.0,723228.5
,,,,,,,,,,545328.0,519953.5,757551.0,725292.0
,,,,,,,,,,546034.5,520596.0,758066.0,725368.5
,,,,,,,,,,0.0,0.0,0.0,0.0
,,,,,,,,,,0.0,0.0,0.0,0.0
,,,,,,,,,,0.0,0.0,0.0,0.0
,,,,,,,,,,0.0,0.0,0.0,0.0
,,,,,,,,,,0.0,0.0,0.0,0.0
,,,,,,,,,,103210.5,97433.0,146257.0,137877.5
,,,,,,,,,,105141.0,99609.0,143760.0,135685.5
,,,,,,,,,,106470.5,101124.0,143449.0,135539.5
,,,,,,,,,,106522.5,101127.0,143098.0,135246.5
,,,,,,,,,,106172.5,100620.5,142116.0,134338.0
,,,,,,,,,,585883.5,579090.0,768600.5,765845.5
,,,,,,,,,,589615.0,582666.5,771683.5,768888.0
,,,,,,,,,,593627.0,586683.0,774784.5,771903.5
,,,,,,,,,,598101.0,591255.5,778629.5,775639.0
,,,,,,,,,,601892.5,595295.5,782711.0,779614.0
,,,,,,,,,,253212.5,239943.5,367717.5,346113.5
,,,,,,,,,,255724.0,242618.5,361506.5,341275.5
,,,,,,,,,,254923.5,242481.5,359258.5,339404.5
,,,,,,,,,,250278.0,238403.0,363497.5,343173.5
,,,,,,,,,,245776.0,233445.0,368465.5,348072.5
,,,,,,,,,,0.0,0.0,0.0,0.0
,,,,,,,,,,0.0,0.0,0.0,0.0
,,,,,,,,,,0.0,0.0,0.0,0.0
,,,,,,,,,,0.0,0.0,0.0,0.0
,,,,,,,,,,0.0,0.0,0.0,0.0
,,,,,,,,,,0.0,0.0,0.0,0.0
,,,,,,,,,,0.0,0.0,0.0,0.0
,,,,,,,,,,0.0,0.0,0.0,0.0
,,,,,,,,,,0.0,0.0,0.0,0.0
,,,,,,,,,,0.0,0.0,0.0,0.0
,,,,,,,,,,0.0,0.0,0.0,0.0
,,,,,,,,,,0.0,0.0,0.0,0.0
,,,,,,,,,,0.0,0.0,0.0,0.0
,,,,,,,,,,0.0,0.0,0.0,0.0
,,,,,,,,,,0.0,0.0,0.0,0.0
,,,,,,,,,,0.0,0.0,0.0,0.0
,,,,,,,,,,0.0,0.0,0.0,0.0
,,,,,,,,,,0.0,0.0,0.0,0.0
,,,,,,,,,,0.0,0.0,0.0,0.0
,,,,,,,,,,0.0,0.0,0.0,0.0
,,,,,,,,,,11863167.0,11260507.0,15869019.0,15095670.5
,,,,,,,,,,11998829.0,11393009.0,15841783.5,15065989.5
,,,,,,,,,,12114183.0,11505377.0,15860337.5,15080748.0
,,,,,,,,,,12234425.0,11620379.5,15940118.0,15155416.5
,,,,,,,,,,12360626.0,11739317.0,16067453.0,15276561.5
,,,,,,,,,,0.0,0.0,0.0,0.0
,,,,,,,,,,0.0,0.0,0.0,0.0
,,,,,,,,,,0.0,0.0,0.0,0.0
,,,,,,,,,,0.0,0.0,0.0,0.0
,,,,,,,,,,0.0,0.0,0.0,0.0
,,,,,,,,,,2393.5,2119.5,3171.0,2927.5
,,,,,,,,,,2422.5,2170.0,3202.0,2916.5
,,,,,,,,,,2452.0,2247.0,3260.0,2927.5
,,,,,,,,,,2462.0,2312.5,3294.5,2944.0
,,,,,,,,,,2459.5,2350.5,3320.5,2971.5
,,,,,,,,,,67381531.5,61225244.0,94719972.0,85870211.5
,,,,,,,,,,66920158.0,60826892.0,95088210.0,86222803.5
,,,,,,,,,,66557920.0,60511013.0,95215254.0,86361858.5
,,,,,,,,,,66285929.0,60275877.0,95081729.5,86285952.0
,,,,,,,,,,66067519.5,60106484.5,94642348.5,85946983.5
,,,,,,,,,,0.0,0.0,0.0,0.0
,,,,,,,,,,0.0,0.0,0.0,0.0
,,,,,,,,,,0.0,0.0,0.0,0.0
,,,,,,,,,,0.0,0.0,0.0,0.0
,,,,,,,,,,0.0,0.0,0.0,0.0
,,,,,,,,,,172994.5,164559.5,226259.0,219166.0
,,,,,,,,,,178777.5,170070.0,232485.5,225115.0
,,,,,,,,,,184717.5,176170.5,236936.0,228917.0
,,,,,,,,,,188980.5,180697.0,242567.0,233986.5
,,,,,,,,,,190855.0,182687.0,251395.5,242155.0
,,,,,,,,,,3149706.5,2981815.5,4097118.0,3912321.0
,,,,,,,,,,3245345.0,3072763.0,4128756.5,3940471.0
,,,,,,,,,,3332837.0,3155547.5,4181216.0,3989714.0
,,,,,,,,,,3404529.0,3222205.5,4234595.5,4040255.5
,,,,,,,,,,3473048.0,3284719.5,4292864.5,4094567.0
,,,,,,,,,,2383484.5,2272637.0,2930556.5,2816522.5
,,,,,,,,,,2449226.0,2334710.0,2992327.5,2871868.5
,,,,,,,,,,2526280.0,2407380.0,3052528.5,2926072.0
,,,,,,,,,,2618110.0,2494072.0,3110123.5,2978051.0
,,,,,,,,,,2718858.0,2589288.0,3171570.5,3034205.5
,,,,,,,,,,11902.0,11309.0,17528.5,16857.5
,,,,,,,,,,12360.5,11702.5,17651.5,17181.5
,,,,,,,,,,12750.0,12070.0,17893.5,17531.5
,,,,,,,,,,12934.0,12241.0,18176.5,17705.5
,,,,,,,,,,12956.5,12245.5,18478.0,17804.5
,,,,,,,,,,372628.5,354516.5,476376.5,456127.0
,,,,,,,,,,380042.0,361870.0,488983.0,468319.5
,,,,,,,,,,389863.5,371491.0,499144.5,477833.0
,,,,,,,,,,399388.0,380641.5,508750.0,486885.5
,,,,,,,,,,408327.0,389377.0,521128.5,499075.5
,,,,,,,,,,1473500.5,1387241.0,2167530.0,1977269.5
,,,,,,,,,,1475299.5,1390781.5,2169560.0,1995200.0
,,,,,,,,,,1472737.5,1389477.0,2166208.5,2011765.5
,,,,,,,,,,1462786.5,1380779.5,2168846.5,2030110.0
,,,,,,,,,,1445488.5,1364605.0,2185788.0,2055221.5
,,,,,,,,,,116925.5,113004.0,177248.0,171348.5
,,,,,,,,,,114259.5,110412.0,173147.5,167417.0
,,,,,,,,,,111231.5,107438.0,169150.5,163550.5
,,,,,,,,,,108021.0,104290.5,165670.5,160175.0
,,,,,,,,,,104706.5,101058.0,162745.5,157324.0
,,,,,,,,,,556481.0,553395.0,705721.5,682073.5
,,,,,,,,,,571870.0,569960.0,705778.0,688379.0
,,,,,,,,,,587330.5,585836.0,710792.5,697112.0
,,,,,,,,,,600415.5,597921.5,717654.0,707055.5
,,,,,,,,,,604829.0,599277.5,719535.5,712893.5
,,,,,,,,,,2906136.5,2740939.0,4327407.5,4123352.0
,,,,,,,,,,2880847.5,2719023.5,4314353.0,4102229.5
,,,,,,,,,,2867003.0,2707398.5,4296052.0,4077577.5
,,,,,,,,,,2853826.0,2696235.5,4296671.0,4078181.5
,,,,,,,,,,2828430.0,2674496.5,4323816.0,4111641.5
,,,,,,,,,,769206.0,734826.0,854470.5,820875.5
,,,,,,,,,,817408.0,780259.5,863314.0,829309.0
,,,,,,,,,,862867.5,823441.0,885957.5,851114.5
,,,,,,,,,,901692.0,860800.5,917303.5,880784.5
,,,,,,,,,,932372.0,891277.5,959684.0,920678.5
,,,,,,,,,,3180865.5,3182643.5,3614024.0,3744724.5
,,,,,,,,,,3264103.0,3258230.5,3732897.5,3854442.0
,,,,,,,,,,3341363.5,3325828.0,3859640.5,3964748.5
,,,,,,,,,,3400928.0,3376297.5,3986626.5,4073265.5
,,,,,,,,,,3435664.5,3403230.5,4114104.0,4181007.5
,,,,,,,,,,298758.0,283287.0,364181.5,368481.0
,,,,,,,,,,314483.0,295694.5,364043.0,370965.5
,,,,,,,,,,331144.5,311211.0,370787.0,373620.5
,,,,,,,,,,347817.5,327498.5,378943.0,376297.0
,,,,,,,,,,361910.0,341347.0,388691.5,380515.0
,,,,,,,,,,833680.5,798525.5,965601.5,974710.5
,,,,,,,,,,844600.0,809490.0,977989.5,981397.0
,,,,,,,,,,847722.0,813699.5,996276.5,994441.5
,,,,,,,,,,847470.5,814735.0,1020825.5,1012313.0
,,,,,,,,,,845850.0,814513.0,1049941.5,1033269.0
,,,,,,,,,,5910.0,6029.0,8118.5,8089.5
,,,,,,,,,,6158.5,6338.0,7977.0,7907.0
,,,,,,,,,,6427.0,6647.5,7837.5,7750.5
,,,,,,,,,,6714.0,6944.0,7750.5,7686.5
,,,,,,,,,,6981.5,7184.0,7746.5,7749.5
,,,,,,,,,,1496.0,1632.5,2317.0,2489.5
,,,,,,,,,,1487.0,1623.0,2257.0,2424.0
,,,,,,,,,,1415.5,1547.5,2193.5,2357.0
,,,,,,,,,,1356.0,1468.5,2131.5,2304.5
,,,,,,,,,,1351.0,1434.0,2087.0,2275.0
,,,,,,,,,,1180433.0,1103197.0,2242622.5,2069368.0
,,,,,,,,,,1169501.0,1096286.0,2132411.5,1968815.0
,,,,,,,,,,1170369.0,1099001.5,2042031.0,1876466.0
,,,,,,,,,,1185400.0,1115799.5,1958588.0,1798901.5
,,,,,,,,,,1194277.5,1127253.0,1890328.5,1744954.5
,,,,,,,,,,141846.5,124760.0,171452.0,147123.0
,,,,,,,,,,141799.0,134119.0,172863.0,152088.0
,,,,,,,,,,152755.0,143997.0,174331.5,159658.0
,,,,,,,,,,157702.5,148389.5,179757.0,165990.0
,,,,,,,,,,159494.0,150183.5,191896.5,172313.0
,,,,,,,,,,0.0,0.0,0.0,0.0
,,,,,,,,,,0.0,0.0,0.0,0.0
,,,,,,,,,,0.0,0.0,0.0,0.0
,,,,,,,,,,0.0,0.0,0.0,0.0
,,,,,,,,,,0.0,0.0,0.0,0.0
,,,,,,,,,,373035.0,361808.0,509028.0,496480.5
,,,,,,,,,,375800.5,364605.0,509488.0,496159.5
,,,,,,,,,,378075.5,366792.0,509309.5,495928.0
,,,,,,,,,,379447.0,367946.5,508600.5,495724.5
,,,,,,,,,,380458.5,368604.0,508193.0,495462.5
,,,,,,,,,,271913.5,250306.5,342600.5,317869.0
,,,,,,,,,,274173.0,254606.0,348720.5,318554.0
,,,,,,,,,,276988.0,259372.0,352772.5,319405.0
,,,,,,,,,,280600.0,264725.5,356305.5,321894.0
,,,,,,,,,,284568.5,270136.5,360636.5,326899.5
,,,,,,,,,,316088.5,309613.5,349770.0,345330.0
,,,,,,,,,,325362.5,318452.0,362437.5,357383.0
,,,,,,,,,,333079.0,325841.0,376118.0,370493.0
,,,,,,,,,,338959.5,331478.5,390197.0,384015.0
,,,,,,,,,,344607.5,336866.5,404111.0,397399.0
,,,,,,,,,,345038.0,324593.5,417456.5,398269.0
,,,,,,,,,,349665.5,329014.5,426599.5,406517.5
,,,,,,,,,,353449.0,332981.5,436525.5,414943.5
,,,,,,,,,,357718.0,337787.0,447714.5,424117.0
,,,,,,,,,,359903.0,340634.0,459324.0,434020.5
,,,,,,,,,,6429.5,6116.0,10379.0,10064.5
,,,,,,,,,,6375.5,6052.0,10100.5,9779.0
,,,,,,,,,,6308.0,5978.0,9838.5,9540.0
,,,,,,,,,,6153.0,5837.5,9580.5,9273.0
,,,,,,,,,,5949.5,5678.0,9333.5,8962.0
,,,,,,,,,,0.0,0.0,0.0,0.0
,,,,,,,,,,0.0,0.0,0.0,0.0
,,,,,,,,,,0.0,0.0,0.0,0.0
,,,,,,,,,,0.0,0.0,0.0,0.0
,,,,,,,,,,0.0,0.0,0.0,0.0
,,,,,,,,,,0.0,0.0,0.0,0.0
,,,,,,,,,,0.0,0.0,0.0,0.0
,,,,,,,,,,0.0,0.0,0.0,0.0
,,,,,,,,,,0.0,0.0,0.0,0.0
,,,,,,,,,,0.0,0.0,0.0,0.0
,,,,,,,,,,0.0,0.0,0.0,0.0
,,,,,,,,,,0.0,0.0,0.0,0.0
,,,,,,,,,,0.0,0.0,0.0,0.0
,,,,,,,,,,0.0,0.0,0.0,0.0
,,,,,,,,,,0.0,0.0,0.0,0.0
,,,,,,,,,,994.0,936.5,1470.0,1464.5
,,,,,,,,,,1021.5,931.5,1460.0,1454.0
,,,,,,,,,,1032.0,915.0,1467.0,1458.5
,,,,,,,,,,1034.0,904.5,1492.5,1467.0
,,,,,,,,,,1036.5,913.0,1518.0,1466.5
,,,,,,,,,,915427.0,895940.5,1193063.5,1163807.0
,,,,,,,,,,917373.5,897629.0,1201981.5,1171819.0
,,,,,,,,,,916357.0,895989.5,1213696.5,1183544.5
,,,,,,,,,,912667.0,891439.0,1226235.5,1196853.5
,,,,,,,,,,908610.5,885385.0,1238060.0,1209852.0
,,,,,,,,,,0.0,0.0,0.0,0.0
,,,,,,,,,,0.0,0.0,0.0,0.0
,,,,,,,,,,0.0,0.0,0.0,0.0
,,,,,,,,,,0.0,0.0,0.0,0.0
,,,,,,,,,,0.0,0.0,0.0,0.0
,,,,,,,,,,0.0,0.0,0.0,0.0
,,,,,,,,,,0.0,0.0,0.0,0.0
,,,,,,,,,,0.0,0.0,0.0,0.0
,,,,,,,,,,0.0,0.0,0.0,0.0
,,,,,,,,,,0.0,0.0,0.0,0.0
,,,,,,,,,,120235.0,119970.0,152000.5,153655.5
,,,,,,,,,,121694.0,121347.5,153406.5,154784.0
,,,,,,,,,,123567.5,123109.5,154671.0,155710.0
,,,,,,,,,,126168.0,125593.0,156516.0,157191.0
,,,,,,,,,,128916.0,128225.0,159067.0,159367.0
,,,,,,,,,,0.0,0.0,0.0,0.0
,,,,,,,,,,0.0,0.0,0.0,0.0
,,,,,,,,,,0.0,0.0,0.0,0.0
,,,,,,,,,,0.0,0.0,0.0,0.0
,,,,,,,,,,0.0,0.0,0.0,0.0
,,,,,,,,,,65595.0,62863.0,104566.5,97549.5
,,,,,,,,,,68340.0,65666.0,106568.5,100724.5
,,,,,,,,,,71581.0,68887.0,109878.0,105478.5
,,,,,,,,,,73332.0,70294.0,108477.0,105044.5
,,,,,,,,,,74130.5,70645.5,103538.0,100398.5
,,,,,,,,,,17196.5,16067.0,26917.5,25298.0
,,,,,,,,,,17575.5,16476.0,27077.5,25347.0
,,,,,,,,,,17880.0,16962.0,26870.0,24992.5
,,,,,,,,,,18109.5,17267.5,26635.5,24724.0
,,,,,,,,,,18389.5,17422.0,26841.5,25045.5
,,,,,,,,,,50411.0,47982.5,61347.5,57712.0
,,,,,,,,,,52023.0,49777.5,62490.0,59024.5
,,,,,,,,,,52876.5,50563.0,64182.0,60833.5
,,,,,,,,,,52551.5,50012.5,65656.5,62437.0
,,,,,,,,,,51866.0,49074.5,66648.5,63464.5
,,,,,,,,,,13376.5,13282.5,26301.5,30988.5
,,,,,,,,,,13904.5,13989.0,24785.5,30047.0
,,,,,,,,,,14406.0,14584.0,23926.0,29136.5
,,,,,,,,,,14860.0,15001.5,23471.0,28031.5
,,,,,,,,,,15674.5,15550.5,22711.0,26318.5
,,,,,,,,,,1163.5,1122.5,1293.5,1292.5
,,,,,,,,,,1113.5,1075.0,1222.0,1231.5
,,,,,,,,,,1051.0,1017.5,1131.0,1122.5
,,,,,,,,,,1003.5,979.5,1049.0,1014.5
,,,,,,,,,,972.5,963.5,1028.0,974.5
,,,,,,,,,,1606553.0,1535732.0,2107340.5,2000815.0
,,,,,,,,,,1637795.0,1563560.5,2108112.0,2003667.5
,,,,,,,,,,1670709.5,1590710.0,2116780.0,2014392.5
,,,,,,,,,,1698450.0,1613461.5,2133436.0,2032366.0
,,,,,,,,,,1717157.5,1628311.5,2155109.5,2055051.0
,,,,,,,,,,752.5,703.5,1172.5,1109.0
,,,,,,,,,,775.5,726.0,1220.5,1162.0
,,,,,,,,,,794.0,751.5,1261.0,1204.5
,,,,,,,,,,796.0,762.0,1245.5,1189.0
,,,,,,,,,,802.0,774.5,1238.5,1183.5
,,,,,,,,,,87533.5,90008.5,103717.0,105695.0
,,,,,,,,,,91269.5,93871.5,104143.5,105725.5
,,,,,,,,,,95170.5,97597.5,107826.0,109568.5
,,,,,,,,,,97413.5,99106.0,109664.5,111596.0
,,,,,,,,,,99945.0,100289.0,111116.0,113229.5
,,,,,,,,,,1688070.0,1657665.0,2082136.5,2051715.5
,,,,,,,,,,1728491.5,1696552.0,2120673.5,2090614.0
,,,,,,,,,,1770115.0,1736229.5,2156144.0,2126496.5
,,,,,,,,,,1807914.0,1771730.0,2190422.5,2160656.5
,,,,,,,,,,1840016.5,1801362.0,2227660.5,2197061.0
,,,,,,,,,,16705.5,14326.0,36509.0,20208.0
,,,,,,,,,,17532.5,15168.0,32573.5,19272.0
,,,,,,,,,,18560.5,16043.5,28230.0,18467.0
,,,,,,,,,,19673.0,16888.0,25331.5,18266.0
,,,,,,,,,,20594.0,17556.0,23919.0,18698.5
,,,,,,,,,,0.0,0.0,0.0,0.0
,,,,,,,,,,0.0,0.0,0.0,0.0
,,,,,,,,,,0.0,0.0,0.0,0.0
,,,,,,,,,,0.0,0.0,0.0,0.0
,,,,,,,,,,0.0,0.0,0.0,0.0
,,,,,,,,,,5686543.0,5512103.5,7739200.0,7636050.0
,,,,,,,,,,5678679.5,5502324.5,7777145.0,7660872.5
,,,,,,,,,,5678865.0,5500330.5,7812451.0,7684068.5
,,,,,,,,,,5687327.0,5505722.0,7839795.5,7696926.5
,,,,,,,,,,5700867.5,5515852.0,7850433.5,7691608.0
,,,,,,,,,,2651.5,2419.0,2693.0,2483.0
,,,,,,,,,,2633.0,2381.5,2651.0,2396.0
,,,,,,,,,,2605.5,2325.5,2635.5,2349.0
,,,,,,,,,,2561.5,2279.0,2659.0,2349.0
,,,,,,,,,,2488.5,2251.5,2719.0,2390.5
,,,,,,,,,,0.0,0.0,0.0,0.0
,,,,,,,,,,0.0,0.0,0.0,0.0
,,,,,,,,,,0.0,0.0,0.0,0.0
,,,,,,,,,,0.0,0.0,0.0,0.0
,,,,,,,,,,0.0,0.0,0.0,0.0
,,,,,,,,,,52385.0,51236.0,77660.5,76220.0
,,,,,,,,,,52684.5,51308.5,76077.0,74743.5
,,,,,,,,,,53325.5,51825.0,74804.0,73434.0
,,,,,,,,,,53873.5,52315.0,73643.0,72206.5
,,,,,,,,,,54450.5,52745.0,72447.5,70918.0
,,,,,,,,,,1366816.5,1332417.0,1456246.0,1414616.5
,,,,,,,,,,1416811.5,1381544.0,1520642.5,1478284.0
,,,,,,,,,,1466173.0,1429956.5,1586853.0,1543729.5
,,,,,,,,,,1515715.0,1478664.5,1653302.0,1609571.0
,,,,,,,,,,1565478.0,1527616.0,1719165.5,1675188.5
,,,,,,,,,,11385.0,10510.0,21391.0,18155.0
,,,,,,,,,,11550.0,10660.5,19749.5,17256.0
,,,,,,,,,,11726.5,10886.5,18509.0,16558.0
,,,,,,,,,,11990.0,11221.5,18193.5,16444.5
,,,,,,,,,,12288.0,11570.0,18506.0,16701.5
,,,,,,,,,,2275832.5,2173646.5,3222503.0,3100076.5
,,,,,,,,,,2258049.5,2156576.5,3219204.0,3097446.0
,,,,,,,,,,2247685.0,2146610.0,3209017.5,3088509.5
,,,,,,,,,,2240790.5,2139851.5,3194320.0,3074451.0
,,,,,,,,,,2234621.0,2133532.5,3175672.5,3056250.5
,,,,,,,,,,0.0,0.0,0.0,0.0
,,,,,,,,,,0.0,0.0,0.0,0.0
,,,,,,,,,,0.0,0.0,0.0,0.0
,,,,,,,,,,0.0,0.0,0.0,0.0
,,,,,,,,,,0.0,0.0,0.0,0.0
,,,,,,,,,,18805.5,17979.0,26433.0,25657.5
,,,,,,,,,,19513.5,18533.0,26835.0,26068.0
,,,,,,,,,,20516.0,19477.0,27589.5,26813.0
,,,,,,,,,,20979.0,19881.0,27725.5,26884.0
,,,,,,,,,,20990.0,19743.5,27323.5,26310.5
,,,,,,,,,,129710.0,120836.5,159769.5,150715.5
,,,,,,,,,,140276.0,130968.5,157755.0,148506.0
,,,,,,,,,,152698.0,142908.0,157456.0,147825.0
,,,,,,,,,,164360.0,153979.0,160490.0,150228.0
,,,,,,,,,,174803.0,163815.5,167419.5,156320.0
,,,,,,,,,,2149.5,1982.5,2271.5,2033.5
,,,,,,,,,,2131.5,1956.0,2237.5,1993.5
,,,,,,,,,,2099.5,1920.0,2228.5,1978.0
,,,,,,,,,,2061.5,1884.5,2267.0,2013.5
,,,,,,,,,,2014.0,1842.5,2348.0,2090.5
,,,,,,,,,,1824118.5,1826418.0,2129816.0,2166987.0
,,,,,,,,,,1892359.0,1893112.0,2188899.0,2224595.5
,,,,,,,,,,1968148.0,1967326.0,2246201.0,2280867.5
,,,,,,,,,,2047550.5,2044369.0,2302735.0,2335184.5
,,,,,,,,,,2126630.0,2120801.5,2359817.5,2388882.5
,,,,,,,,,,270362.5,271674.5,293408.0,309794.0
,,,,,,,,,,281415.0,280706.0,305047.5,319816.0
,,,,,,,,,,292534.5,289806.5,317970.5,330847.5
,,,,,,,,,,303588.5,298806.5,331288.5,342022.5
,,,,,,,,,,314624.0,307729.5,344694.5,353100.5
,,,,,,,,,,44620.5,44910.0,68970.0,65397.0
,,,,,,,,,,42624.5,43438.5,67942.0,65158.5
,,,,,,,,,,40316.5,41508.5,66685.5,64892.5
,,,,,,,,,,38074.5,39486.0,65431.0,64459.5
,,,,,,,,,,36080.0,37530.0,63997.5,63679.5
,,,,,,,,,,1239594.0,1259532.5,1375395.0,1404051.0
,,,,,,,,,,1279005.5,1298985.5,1426311.5,1455039.5
,,,,,,,,,,1312398.0,1331573.5,1479363.5,1509126.0
,,,,,,,,,,1339397.5,1357109.0,1534275.5,1565533.0
,,,,,,,,,,1360646.5,1376452.0,1590990.5,1623778.0
,,,,,,,,,,1473007.0,1346004.0,2266262.5,1972519.0
,,,,,,,,,,1443462.0,1328813.0,2270455.5,2001663.5
,,,,,,,,,,1427597.5,1319884.5,2264167.0,2019646.0
,,,,,,,,,,1428052.0,1320504.0,2249104.5,2026813.0
,,,,,,,,,,1438215.0,1326887.0,2235532.5,2030544.5
,,,,,,,,,,0.0,0.0,0.0,0.0
,,,,,,,,,,0.0,0.0,0.0,0.0
,,,,,,,,,,0.0,0.0,0.0,0.0
,,,,,,,,,,0.0,0.0,0.0,0.0
,,,,,,,,,,0.0,0.0,0.0,0.0
,,,,,,,,,,137779.0,136080.5,180366.0,179780.5
,,,,,,,,,,141843.5,141025.5,182838.5,180879.0
,,,,,,,,,,146086.5,146605.5,185697.5,182682.5
,,,,,,,,,,150430.0,152353.5,186727.0,183426.5
,,,,,,,,,,154285.5,157117.5,185961.5,183096.5
,,,,,,,,,,10796.5,10585.5,14328.5,14287.5
,,,,,,,,,,10731.5,10516.5,14483.5,14497.5
,,,,,,,,,,10707.0,10515.0,14763.5,14763.5
,,,,,,,,,,10687.0,10458.0,14982.0,14992.0
,,,,,,,,,,10678.0,10379.5,15094.5,15097.5
,,,,,,,,,,1508023.0,1454942.0,1629014.5,1567179.5
,,,,,,,,,,1565999.0,1510987.5,1701942.5,1638103.0
,,,,,,,,,,1624328.0,1567037.0,1776773.0,1711018.5
,,,,,,,,,,1682040.0,1622459.5,1851595.0,1783717.5
,,,,,,,,,,1738569.5,1676927.0,1926367.5,1856140.0
,,,,,,,,,,12992911.0,12525535.5,14584457.0,14060072.0
,,,,,,,,,,13364664.0,12881014.5,15076060.5,14533209.0
,,,,,,,,,,13730370.5,13232111.5,15594406.0,15031941.0
,,,,,,,,,,14092492.0,13582272.0,16194147.5,15604508.5
,,,,,,,,,,14440408.5,13919880.5,16851812.0,16229908.5
,,,,,,,,,,328600.0,319799.0,439562.5,428883.5
,,,,,,,,,,331403.0,322445.5,439972.0,429114.0
,,,,,,,,,,333630.0,324540.0,441572.5,430555.0
,,,,,,,,,,335368.0,326127.5,443825.5,432730.5
,,,,,,,,,,336794.0,327398.0,446253.5,435130.0
,,,,,,,,,,504526.5,481620.0,798660.0,771300.5
,,,,,,,,,,503111.5,480527.5,809766.0,782318.0
,,,,,,,,,,504045.5,481818.0,816808.5,789595.5
,,,,,,,,,,502756.0,480702.0,814956.0,787558.0
,,,,,,,,,,500233.5,477579.0,810061.0,782271.5
,,,,,,,,,,164856.0,156614.5,238792.5,224026.0
,,,,,,,,,,168193.0,159347.0,237956.5,224197.5
,,,,,,,,,,171791.0,162634.5,240152.0,227556.0
,,,,,,,,,,173442.0,164200.5,244533.5,232847.5
,,,,,,,,,,173468.5,164174.5,248441.0,237461.0
,,,,,,,,,,1546866.5,1518868.5,2043213.0,2167265.0
,,,,,,,,,,1529438.0,1492379.0,2058857.5,2163433.5
,,,,,,,,,,1500341.5,1458458.5,2021972.5,2128293.5
,,,,,,,,,,1480417.0,1429390.0,1988879.5,2092463.0
,,,,,,,,,,1467861.5,1405866.0,1967280.5,2060481.0
,,,,,,,,,,622.0,555.5,676.5,667.5
,,,,,,,,,,664.5,587.5,660.0,653.0
,,,,,,,,,,706.0,623.5,653.0,639.0
,,,,,,,,,,743.5,662.5,668.5,637.0
,,,,,,,,,,769.0,698.0,705.0,651.0
,,,,,,,,,,165018.0,156508.5,236373.0,221811.5
,,,,,,,,,,167811.5,158841.5,233324.0,219706.0
,,,,,,,,,,171278.5,161936.5,233148.0,220723.0
,,,,,,,,,,173802.0,164352.5,234918.0,223248.0
,,,,,,,,,,174680.0,165381.0,238678.5,227230.0
,,,,,,,,,,0.0,0.0,0.0,0.0
,,,,,,,,,,0.0,0.0,0.0,0.0
,,,,,,,,,,0.0,0.0,0.0,0.0
,,,,,,,,,,0.0,0.0,0.0,0.0
,,,,,,,,,,0.0,0.0,0.0,0.0
,,,,,,,,,,142837.5,136976.5,230095.0,173920.5
,,,,,,,,,,150536.5,144042.0,259249.5,179695.0
,,,,,,,,,,160875.5,154051.5,304106.0,192649.5
,,,,,,,,,,171109.0,164171.0,326657.5,201415.5
,,,,,,,,,,181220.0,174101.0,339738.5,207449.5
,,,,,,,,,,0.0,0.0,0.0,0.0
,,,,,,,,,,0.0,0.0,0.0,0.0
,,,,,,,,,,0.0,0.0,0.0,0.0
,,,,,,,,,,0.0,0.0,0.0,0.0
,,,,,,,,,,0.0,0.0,0.0,0.0
,,,,,,,,,,13466394.0,12686497.0,16691440.0,15610632.5
,,,,,,,,,,13794801.0,13035513.0,16891399.5,15894964.0
,,,,,,,,,,14155947.5,13429092.5,16983852.5,16102373.5
,,,,,,,,,,14511726.0,13806552.0,17118439.0,16314426.5
,,,,,,,,,,14813253.0,14122224.5,17351466.5,16572830.0
,,,,,,,,,,185339.0,177429.0,249968.5,240778.0
,,,,,,,,,,186706.5,178788.5,252082.0,242729.0
,,,,,,,,,,188168.5,180215.0,254210.5,244741.5
,,,,,,,,,,190069.5,182016.5,255950.5,246330.0
,,,,,,,,,,192199.0,183967.0,257576.5,247766.5
,,,,,,,,,,1462436.0,1422638.0,1936059.0,1937711.0
,,,,,,,,,,1468462.0,1425911.5,1952608.0,1943054.0
,,,,,,,,,,1466375.5,1421445.0,1971205.0,1951580.0
,,,,,,,,,,1460669.5,1413808.0,1988977.5,1960456.0
,,,,,,,,,,1451513.5,1403508.0,2005270.5,1968890.5
,,,,,,,,,,5670322.5,5534549.5,7558481.5,7456918.5
,,,,,,,,,,5747789.5,5598043.0,7586153.5,7484417.0
,,,,,,,,,,5812631.5,5654126.5,7611478.5,7501986.5
,,,,,,,,,,5880081.5,5714161.0,7636190.5,7516392.5
,,,,,,,,,,5939818.5,5765640.0,7664133.0,7533418.5
,,,,,,,,,,593.5,579.0,704.0,638.5
,,,,,,,,,,597.5,592.0,706.0,647.5
,,,,,,,,,,602.5,599.0,722.5,668.0
,,,,,,,,,,611.0,599.0,746.5,700.0
,,,,,,,,,,618.5,591.0,773.0,734.0
,,,,,,,,,,544174.5,490549.0,693348.5,630784.0
,,,,,,,,,,550748.0,497714.5,704645.5,640067.5
,,,,,,,,,,557143.5,504884.0,715049.0,648345.5
,,,,,,,,,,564029.0,512738.5,725218.0,656771.0
,,,,,,,,,,570990.0,520783.0,735310.0,665589.5
,,,,,,,,,,970064.5,922742.5,1365432.5,1306086.0
,,,,,,,,,,1019056.5,969223.5,1343017.5,1284667.5
,,,,,,,,,,1063606.0,1011466.0,1334168.0,1275633.0
,,,,,,,,,,1081164.0,1027888.0,1312685.5,1253829.0
,,,,,,,,,,1080454.5,1026756.5,1294364.5,1234520.0
,,,,,,,,,,0.0,0.0,0.0,0.0
,,,,,,,,,,0.0,0.0,0.0,0.0
,,,,,,,,,,0.0,0.0,0.0,0.0
,,,,,,,,,,0.0,0.0,0.0,0.0
,,,,,,,,,,0.0,0.0,0.0,0.0
,,,,,,,,,,95231.5,90823.0,145020.0,142881.5
,,,,,,,,,,93583.5,88772.5,145435.0,142094.5
,,,,,,,,,,92454.0,87302.0,147365.0,142517.0
,,,,,,,,,,90428.5,85311.0,147291.0,141368.0
,,,,,,,,,,87612.5,82688.5,144708.5,138296.5
,,,,,,,,,,852225.5,812356.5,1345466.5,1289005.5
,,,,,,,,,,842214.0,802618.5,1317951.0,1262665.5
,,,,,,,,,,836446.5,796949.0,1286407.5,1232457.5
,,,,,,,,,,833158.5,793573.0,1254740.0,1201890.0
,,,,,,,,,,830270.5,790527.0,1227184.0,1174974.5
,,,,,,,,,,263587.5,252389.0,396317.5,379346.0
,,,,,,,,,,261570.0,250839.5,397076.0,379397.5
,,,,,,,,,,259088.5,249765.0,396427.5,378250.0
,,,,,,,,,,257180.0,248471.5,396272.5,378415.0
,,,,,,,,,,254813.5,245403.0,395499.0,378863.5
,,,,,,,,,,299270.5,286967.0,425647.5,410778.5
,,,,,,,,,,301323.5,288840.5,421062.0,406145.5
,,,,,,,,,,303758.0,291029.5,416536.0,401553.0
,,,,,,,,,,306697.5,293720.5,412709.0,397676.5
,,,,,,,,,,310637.0,297388.5,410140.0,395055.5
,,,,,,,,,,276213.5,279373.5,332606.5,340946.5
,,,,,,,,,,284425.5,286493.0,337948.0,346159.0
,,,,,,,,,,293241.5,294044.0,342747.5,351517.5
,,,,,,,,,,302824.0,302036.0,347298.5,356591.0
,,,,,,,,,,312884.5,310088.0,354517.5,363215.0
,,,,,,,,,,0.0,0.0,0.0,0.0
,,,,,,,,,,0.0,0.0,0.0,0.0
,,,,,,,,,,0.0,0.0,0.0,0.0
,,,,,,,,,,0.0,0.0,0.0,0.0
,,,,,,,,,,0.0,0.0,0.0,0.0
,,,,,,,,,,0.0,0.0,0.0,0.0
,,,,,,,,,,0.0,0.0,0.0,0.0
,,,,,,,,,,0.0,0.0,0.0,0.0
,,,,,,,,,,0.0,0.0,0.0,0.0
,,,,,,,,,,0.0,0.0,0.0,0.0
,,,,,,,,,,11147.0,10685.0,14635.5,13998.5
,,,,,,,,,,11233.5,10713.0,14809.5,14189.0
,,,,,,,,,,11274.0,10686.0,14969.5,14347.0
,,,,,,,,,,11181.5,10632.0,15025.0,14412.5
,,,,,,,,,,11084.5,10521.0,14963.0,14406.5
,,,,,,,,,,54358.5,50557.0,175001.5,59793.0
,,,,,,,,,,57603.0,53214.0,163157.5,60681.0
,,,,,,,,,,63118.5,58193.5,140099.0,64519.5
,,,,,,,,,,64904.5,60880.0,136727.0,70364.5
,,,,,,,,,,63289.0,61763.5,153842.0,78446.5
,,,,,,,,,,550609.5,528084.0,708583.5,677951.0
,,,,,,,,,,558701.5,535796.5,718402.0,688519.5
,,,,,,,,,,561200.5,538158.5,728900.5,699605.5
,,,,,,,,,,555595.5,532230.5,732131.0,703071.5
,,,,,,,,,,547826.5,524317.5,735044.5,706169.5
,,,,,,,,,,3925302.5,3750720.0,5033680.5,4838701.0
,,,,,,,,,,4043291.5,3862052.5,5100798.0,4902881.5
,,,,,,,,,,4156404.5,3963821.0,5156064.5,4957861.0
,,,,,,,,,,4294670.0,4088614.0,5235673.5,5037260.5
,,,,,,,,,,4460886.5,4241163.0,5377916.0,5173795.0
,,,,,,,,,,790436.0,796496.0,856065.5,889182.0
,,,,,,,,,,797432.0,800936.0,894869.0,928462.5
,,,,,,,,,,798740.0,800211.5,939366.5,970912.0
,,,,,,,,,,798445.0,798511.0,982863.5,1010659.0
,,,,,,,,,,800471.5,799631.5,1022308.0,1045372.5
,,,,,,,,,,0.0,0.0,0.0,0.0
,,,,,,,,,,0.0,0.0,0.0,0.0
,,,,,,,,,,0.0,0.0,0.0,0.0
,,,,,,,,,,0.0,0.0,0.0,0.0
,,,,,,,,,,0.0,0.0,0.0,0.0
,,,,,,,,,,1139551.5,1119222.0,1891914.5,1440031.5
,,,,,,,,,,1189968.0,1161579.0,1951447.5,1490964.5
,,,,,,,,,,1254288.0,1209277.5,1933740.0,1550519.5
,,,,,,,,,,1284581.0,1236098.0,1957056.5,1585390.0
,,,,,,,,,,1294332.5,1253411.0,2061916.5,1621303.0
,,,,,,,,,,2787456.5,2734486.0,3356175.5,3317799.0
,,,,,,,,,,2844476.5,2789795.5,3440099.5,3401362.5
,,,,,,,,,,2864909.0,2809803.5,3474154.0,3436750.5
,,,,,,,,,,2876453.5,2821716.0,3468557.5,3433152.5
,,,,,,,,,,2923411.5,2868295.0,3509382.0,3474185.5
,,,,,,,,,,1026788.0,969158.5,1195184.0,1176905.5
,,,,,,,,,,1061292.0,992523.0,1239702.0,1214334.0
,,,,,,,,,,1090165.0,1013822.0,1280431.5,1245795.5
,,,,,,,,,,1112308.0,1032148.5,1312015.5,1267710.0
,,,,,,,,,,1131731.5,1048316.0,1338912.0,1284788.0
,,,,,,,,,,159674.0,141445.5,397105.5,324443.0
,,,,,,,,,,163250.0,144542.0,401863.0,327299.0
,,,,,,,,,,157478.5,140571.0,401717.0,328335.0
,,,,,,,,,,140494.5,127581.5,381359.5,315784.5
,,,,,,,,,,127833.5,117741.5,357957.0,301028.5
,,,,,,,,,,42173.5,39378.0,50496.5,49285.5
,,,,,,,,,,43166.0,40158.5,52250.5,50705.5
,,,,,,,,,,44314.5,41185.5,53877.0,51929.0
,,,,,,,,,,45610.5,42442.0,55332.5,52931.5
,,,,,,,,,,46957.5,43806.5,56674.0,53807.5
,,,,,,,,,,466806.5,460178.5,566051.5,559267.5
,,,,,,,,,,476438.5,469905.0,580611.0,573380.5
,,,,,,,,,,486336.5,480032.0,593744.5,586325.0
,,,,,,,,,,495551.0,489555.0,606028.0,598433.5
,,,,,,,,,,504031.5,498355.5,617471.5,609972.5
,,,,,,,,,,293057.5,275205.0,459446.0,437988.0
,,,,,,,,,,290908.5,272473.5,448537.5,426810.0
,,,,,,,,,,290229.0,271193.5,435891.0,414160.0
,,,,,,,,,,290270.5,270958.5,422607.5,401014.0
,,,,,,,,,,289356.5,270218.0,411164.5,389648.5
,,,,,,,,,,909.0,812.0,1291.0,1180.0
,,,,,,,,,,907.5,819.5,1288.5,1186.0
,,,,,,,,,,904.0,831.5,1280.5,1154.0
,,,,,,,,,,896.0,869.5,1283.5,1115.0
,,,,,,,,,,890.0,873.5,1306.5,1138.5
,,,,,,,,,,1023607.0,997077.5,1161627.5,1139956.0
,,,,,,,,,,1045760.0,1017824.0,1198651.5,1176803.0
,,,,,,,,,,1062047.0,1032986.5,1235577.0,1214076.0
,,,,,,,,,,1079751.0,1050451.5,1271750.5,1250827.0
,,,,,,,,,,1108543.0,1079593.5,1301534.5,1281091.5
,,,,,,,,,,169810.0,170312.5,247992.0,249229.0
,,,,,,,,,,168268.0,168291.5,246071.5,247738.5
,,,,,,,,,,167507.5,166940.5,245463.5,247435.5
,,,,,,,,,,166450.5,165352.5,243935.5,245948.0
,,,,,,,,,,165538.5,164063.5,241609.0,243276.5
,,,,,,,,,,0.0,0.0,0.0,0.0
,,,,,,,,,,0.0,0.0,0.0,0.0
,,,,,,,,,,0.0,0.0,0.0,0.0
,,,,,,,,,,0.0,0.0,0.0,0.0
,,,,,,,,,,0.0,0.0,0.0,0.0
,,,,,,,,,,719850.0,706418.5,718031.5,704839.0
,,,,,,,,,,738639.0,725135.0,765498.0,752606.5
,,,,,,,,,,774053.0,760445.0,837839.0,826014.5
,,,,,,,,,,808627.0,794601.5,903262.5,892420.5
,,,,,,,,,,826387.0,811966.5,946739.0,937198.0
,,,,,,,,,,0.0,0.0,0.0,0.0
,,,,,,,,,,0.0,0.0,0.0,0.0
,,,,,,,,,,0.0,0.0,0.0,0.0
,,,,,,,,,,0.0,0.0,0.0,0.0
,,,,,,,,,,0.0,0.0,0.0,0.0
,,,,,,,,,,0.0,0.0,0.0,0.0
,,,,,,,,,,0.0,0.0,0.0,0.0
,,,,,,,,,,0.0,0.0,0.0,0.0
,,,,,,,,,,0.0,0.0,0.0,0.0
,,,,,,,,,,0.0,0.0,0.0,0.0
,,,,,,,,,,13420.5,13593.0,14063.5,14614.5
,,,,,,,,,,13722.5,13844.0,14690.5,15286.0
,,,,,,,,,,13867.5,13954.5,15413.5,15999.0
,,,,,,,,,,13869.0,13910.0,16157.5,16713.5
,,,,,,,,,,13941.0,13939.0,16877.5,17386.5
,,,,,,,,,,27713.0,26902.5,39023.5,38119.0
,,,,,,,,,,27749.5,26935.5,39113.0,38256.5
,,,,,,,,,,27833.5,27007.5,38979.0,38167.0
,,,,,,,,,,27895.0,27047.0,38754.0,37935.0
,,,,,,,,,,27928.5,27053.5,38509.0,37638.5
,,,,,,,,,,139135.5,131681.0,196967.0,187087.5
,,,,,,,,,,143150.0,135336.5,194636.0,184994.5
,,,,,,,,,,146744.0,139099.5,194519.5,184841.0
,,,,,,,,,,149194.0,142092.0,192464.5,182461.5
,,,,,,,,,,151276.0,144059.0,189311.5,179031.0
,,,,,,,,,,51287.5,49309.5,75290.0,67839.0
,,,,,,,,,,53467.0,51394.5,73089.5,67106.5
,,,,,,,,,,55652.0,53261.5,71524.5,66762.5
,,,,,,,,,,57459.5,54976.5,71483.0,67341.5
,,,,,,,,,,58671.5,56030.5,72849.5,68814.0
,,,,,,,,,,309713.5,291642.5,425587.5,381657.0
,,,,,,,,,,315176.0,296845.0,429753.0,386595.5
,,,,,,,,,,321280.0,302670.0,432787.0,392001.5
,,,,,,,,,,326121.5,307199.5,436279.5,401574.0
,,,,,,,,,,328483.5,309647.0,445566.0,416343.5
,,,,,,,,,,65394.0,65439.0,85353.5,82738.0
,,,,,,,,,,65567.0,65702.5,85732.5,83339.5
,,,,,,,,,,65676.0,65765.0,85900.5,83809.5
,,,,,,,,,,65889.5,65853.5,85919.5,84289.5
,,,,,,,,,,66212.0,66061.0,85956.0,84964.5
,,,,,,,,,,1331.5,1219.5,1375.0,1490.0
,,,,,,,,,,1409.0,1254.0,1427.5,1512.5
,,,,,,,,,,1468.0,1290.0,1558.5,1609.0
,,,,,,,,,,1498.5,1310.0,1698.5,1703.0
,,,,,,,,,,1508.5,1311.5,1833.0,1783.5
,,,,,,,,,,3855.0,3730.0,6599.0,5057.5
,,,,,,,,,,3943.0,3840.5,6415.5,5069.5
,,,,,,,,,,4063.0,3970.0,6385.5,5226.5
,,,,,,,,,,4149.5,4075.5,6346.5,5404.0
,,,,,,,,,,4211.5,4139.5,6260.0,5549.5
,,,,,,,,,,1384966.5,1325753.0,1690782.0,1629775.0
,,,,,,,,,,1433339.5,1371618.0,1808891.5,1752013.0
,,,,,,,,,,1478547.0,1415508.0,1940935.5,1890244.0
,,,,,,,,,,1505787.5,1439659.5,2032132.5,1981280.0
,,,,,,,,,,1506957.0,1437235.5,2084062.0,2026710.5
,,,,,,,,,,1130.0,1362.0,1839.0,2119.5
,,,,,,,,,,1164.5,1381.5,1788.0,2091.5
,,,,,,,,,,1193.0,1396.5,1736.0,2061.5
,,,,,,,,,,1178.0,1383.0,1699.0,2034.5
,,,,,,,,,,1145.0,1350.0,1679.5,2016.0
,,,,,,,,,,1061836.5,1031628.5,1157932.0,1134567.5
,,,,,,,,,,1103695.0,1072292.5,1202879.0,1179184.0
,,,,,,,,,,1150022.0,1118495.0,1277992.5,1255527.0
,,,,,,,,,,1195026.5,1163573.0,1354815.5,1333156.5
,,,,,,,,,,1230105.0,1197922.0,1388517.5,1364590.0
,,,,,,,,,,0.0,0.0,0.0,0.0
,,,,,,,,,,0.0,0.0,0.0,0.0
,,,,,,,,,,0.0,0.0,0.0,0.0
,,,,,,,,,,0.0,0.0,0.0,0.0
,,,,,,,,,,0.0,0.0,0.0,0.0
,,,,,,,,,,0.0,0.0,0.0,0.0
,,,,,,,,,,0.0,0.0,0.0,0.0
,,,,,,,,,,0.0,0.0,0.0,0.0
,,,,,,,,,,0.0,0.0,0.0,0.0
,,,,,,,,,,0.0,0.0,0.0,0.0
,,,,,,,,,,494660.0,483834.0,570626.5,557452.0
,,,,,,,,,,512421.5,501155.0,586551.0,572630.5
,,,,,,,,,,530847.0,519143.5,603317.0,588597.0
,,,,,,,,,,547499.0,535392.5,620617.5,605076.5
,,,,,,,,,,560762.5,548281.0,638603.0,622282.5
,,,,,,,,,,2238428.5,2119581.0,3456836.0,3283737.5
,,,,,,,,,,2200440.0,2082406.5,3379630.5,3209157.0
,,,,,,,,,,2166589.5,2049365.5,3312526.5,3147051.5
,,,,,,,,,,2140861.5,2024364.5,3282910.0,3125258.0
,,,,,,,,,,2122248.5,2006253.0,3277854.5,3130296.0
,,,,,,,,,,433915.5,456781.0,614261.5,649448.5
,,,,,,,,,,460373.0,473851.0,606111.0,645930.0
,,,,,,,,,,492229.0,497507.5,595924.0,640015.5
,,,,,,,,,,520962.0,523466.0,587933.0,631985.0
,,,,,,,,,,543765.0,548064.5,584472.5,624987.5
,,,,,,,,,,268572.0,247917.5,402075.5,393440.5
,,,,,,,,,,281843.0,262194.0,388359.0,376921.0
,,,,,,,,,,299754.5,282393.5,377650.5,362531.0
,,,,,,,,,,319491.0,304760.0,369259.5,350123.5
,,,,,,,,,,339567.0,327095.0,363940.5,341151.0
,,,,,,,,,,0.0,0.0,0.0,0.0
,,,,,,,,,,0.0,0.0,0.0,0.0
,,,,,,,,,,0.0,0.0,0.0,0.0
,,,,,,,,,,0.0,0.0,0.0,0.0
,,,,,,,,,,0.0,0.0,0.0,0.0
,,,,,,,,,,81092.5,78914.5,99062.0,97450.5
,,,,,,,,,,80219.5,78360.5,101734.0,100035.0
,,,,,,,,,,78966.5,77106.5,104240.5,102270.5
,,,,,,,,,,77790.5,75844.0,106450.5,104292.5
,,,,,,,,,,76978.0,74852.5,108224.5,105950.0
,,,,,,,,,,0.0,0.0,0.0,0.0
,,,,,,,,,,0.0,0.0,0.0,0.0
,,,,,,,,,,0.0,0.0,0.0,0.0
,,,,,,,,,,0.0,0.0,0.0,0.0
,,,,,,,,,,0.0,0.0,0.0,0.0
,,,,,,,,,,5995.5,5996.0,6178.5,6806.5
,,,,,,,,,,6013.5,5939.5,6330.5,6974.0
,,,,,,,,,,6133.0,5913.5,6490.5,7138.5
,,,,,,,,,,6275.0,5942.5,6704.5,7276.5
,,,,,,,,,,6380.5,5994.5,6907.5,7358.5
,,,,,,,,,,0.0,0.0,0.0,0.0
,,,,,,,,,,0.0,0.0,0.0,0.0
,,,,,,,,,,0.0,0.0,0.0,0.0
,,,,,,,,,,0.0,0.0,0.0,0.0
,,,,,,,,,,0.0,0.0,0.0,0.0
,,,,,,,,,,0.0,0.0,0.0,0.0
,,,,,,,,,,0.0,0.0,0.0,0.0
,,,,,,,,,,0.0,0.0,0.0,0.0
,,,,,,,,,,0.0,0.0,0.0,0.0
,,,,,,,,,,0.0,0.0,0.0,0.0
,,,,,,,,,,47627.5,45858.0,67550.0,64749.0
,,,,,,,,,,48091.0,46257.0,67672.5,64680.5
,,,,,,,,,,48419.0,46571.5,67666.5,64640.5
,,,,,,,,,,48536.5,46725.0,67464.0,64558.0
,,,,,,,,,,48509.0,46753.5,67168.5,64430.0
,,,,,,,,,,445014.0,416184.0,581192.0,558053.5
,,,,,,,,,,458765.0,428323.5,578298.5,552808.0
,,,,,,,,,,474841.5,442879.5,579010.5,551368.5
,,,,,,,,,,491511.5,458111.5,582462.5,552543.0
,,,,,,,,,,507164.0,472593.5,588544.0,556460.5
,,,,,,,,,,3221984.5,3089453.5,4957337.5,4752636.0
,,,,,,,,,,3240754.5,3115695.0,4884497.0,4684095.0
,,,,,,,,,,3262317.5,3138008.5,4758018.0,4560233.0
,,,,,,,,,,3294761.5,3171646.0,4613105.0,4418540.5
,,,,,,,,,,3331204.5,3209822.0,4467999.0,4277676.0
,,,,,,,,,,488.5,443.0,649.5,623.0
,,,,,,,,,,480.5,432.0,622.5,592.0
,,,,,,,,,,478.0,422.5,584.5,548.5
,,,,,,,,,,483.5,420.0,556.5,520.0
,,,,,,,,,,493.5,427.5,545.0,504.0
,,,,,,,,,,3679659.0,3648582.0,4230180.0,4203419.5
,,,,,,,,,,3766531.5,3731484.5,4362416.5,4340682.5
,,,,,,,,,,3843823.5,3804384.5,4500805.0,4484304.5
,,,,,,,,,,3916337.5,3871906.5,4641816.0,4627325.5
,,,,,,,,,,3995788.0,3946141.5,4781311.5,4765173.0
,,,,,,,,,,2856265.5,2863753.0,3342275.5,3371204.0
,,,,,,,,,,2924082.0,2926469.5,3443793.0,3473811.0
,,,,,,,,,,2991768.5,2988238.5,3535076.5,3564902.0
,,,,,,,,,,3061200.5,3051557.5,3615156.0,3642749.5
,,,,,,,,,,3129902.5,3114269.0,3682875.5,3706126.5
,,,,,,,,,,1144966.5,1083793.0,1426544.0,1355094.5
,,,,,,,,,,1119879.5,1058186.0,1318247.5,1253229.0
,,,,,,,,,,1079600.5,1019114.5,1222766.5,1163429.0
,,,,,,,,,,1114197.5,1051917.0,1285584.5,1230331.5
,,,,,,,,,,1166336.5,1102984.5,1434151.5,1388482.0
,,,,,,,,,,0.0,0.0,0.0,0.0
,,,,,,,,,,0.0,0.0,0.0,0.0
,,,,,,,,,,0.0,0.0,0.0,0.0
,,,,,,,,,,0.0,0.0,0.0,0.0
,,,,,,,,,,0.0,0.0,0.0,0.0
,,,,,,,,,,120995.0,115511.0,177269.0,170134.0
,,,,,,,,,,120235.5,114784.5,175236.5,168088.5
,,,,,,,,,,119456.5,114088.5,173443.0,166337.0
,,,,,,,,,,118630.0,113369.0,171859.5,164808.0
,,,,,,,,,,118150.5,112948.0,170331.5,163333.5
,,,,,,,,,,11574206.5,10881827.0,16098044.5,15041252.0
,,,,,,,,,,11614442.0,10929024.0,16126470.0,15091652.0
,,,,,,,,,,11591872.0,10917744.5,16167037.5,15154529.0
,,,,,,,,,,11495058.0,10833084.5,16361688.0,15359590.0
,,,,,,,,,,11334438.0,10685896.5,16689341.5,15690366.5
,,,,,,,,,,1372570.5,1301111.5,1854555.0,1767268.0
,,,,,,,,,,1432848.5,1356284.0,1815439.5,1729344.0
,,,,,,,,,,1490759.0,1408520.5,1794649.5,1708635.0
,,,,,,,,,,1539670.5,1451689.0,1791159.0,1704324.0
,,,,,,,,,,1574036.0,1480638.5,1811876.0,1723122.5
,,,,,,,,,,3837.5,3600.5,5623.5,5128.5
,,,,,,,,,,3874.0,3645.0,5464.0,4991.0
,,,,,,,,,,3921.0,3709.5,5315.0,4865.0
,,,,,,,,,,3955.5,3766.5,5182.0,4766.5
,,,,,,,,,,3975.5,3809.0,5084.0,4711.5
,,,,,,,,,,1413163.5,1334322.5,1600613.5,1485451.5
,,,,,,,,,,1417653.0,1343607.5,1637122.5,1520237.0
,,,,,,,,,,1418049.5,1347438.0,1689467.5,1574392.0
,,,,,,,,,,1413039.5,1344592.5,1745651.5,1635325.0
,,,,,,,,,,1406939.0,1339211.0,1798283.5,1695320.0
,,,,,,,,,,1249.5,1223.0,1512.0,1712.5
,,,,,,,,,,1315.0,1271.5,1550.5,1707.0
,,,,,,,,,,1336.0,1285.0,1645.0,1731.0
,,,,,,,,,,1310.0,1266.0,1724.0,1760.0
,,,,,,,,,,1252.0,1219.0,1781.0,1790.0
,,,,,,,,,,2605.0,2578.0,3158.5,3130.0
,,,,,,,,,,2592.0,2568.0,3225.0,3167.5
,,,,,,,,,,2571.5,2532.5,3279.0,3206.5
,,,,,,,,,,2547.0,2476.0,3330.0,3256.5
,,,,,,,,,,2519.5,2403.5,3375.0,3308.5
,,,,,,,,,,3615317.0,3545710.5,4534710.0,4474335.0
,,,,,,,,,,3712128.0,3629300.0,4533727.5,4477818.0
,,,,,,,,,,3790526.0,3692959.5,4573356.0,4522701.5
,,,,,,,,,,3875785.5,3761678.5,4641637.0,4596325.0
,,,,,,,,,,4049463.5,3918146.5,4718297.0,4675504.0
,,,,,,,,,,15589.0,14822.5,17336.5,17966.0
,,,,,,,,,,16311.5,15467.5,17810.0,18123.5
,,,,,,,,,,17065.0,16139.0,18419.0,18415.0
,,,,,,,,,,17821.5,16826.5,19111.5,18809.0
,,,,,,,,,,18549.0,17500.5,19873.5,19309.0
,,,,,,,,,,0.0,0.0,0.0,0.0
,,,,,,,,,,0.0,0.0,0.0,0.0
,,,,,,,,,,0.0,0.0,0.0,0.0
,,,,,,,,,,0.0,0.0,0.0,0.0
,,,,,,,,,,0.0,0.0,0.0,0.0
,,,,,,,,,,11233.5,10603.0,11846.0,11567.5
,,,,,,,,,,11626.0,11023.0,12046.5,11490.5
,,,,,,,,,,12044.0,11444.0,12400.5,11600.0
,,,,,,,,,,12542.0,11883.0,12839.0,11888.5
,,,,,,,,,,13097.0,12403.0,13214.5,12252.0
,,,,,,,,,,75097.0,74081.5,110915.0,108892.5
,,,,,,,,,,73542.5,72153.0,107699.0,105565.0
,,,,,,,,,,72976.0,71317.5,104979.5,102851.0
,,,,,,,,,,72898.0,70668.0,102695.5,100704.0
,,,,,,,,,,72783.5,69552.5,100463.5,98623.5
,,,,,,,,,,2095671.5,2003336.5,2499393.5,2410300.0
,,,,,,,,,,2144093.0,2049225.0,2555155.0,2461655.0
,,,,,,,,,,2191864.5,2094128.0,2619976.0,2521062.0
,,,,,,,,,,2231152.5,2130982.0,2686677.0,2582630.0
,,,,,,,,,,2271271.0,2169004.5,2752828.5,2644307.0
,,,,,,,,,,2620499.5,2588114.5,3644641.0,3600030.0
,,,,,,,,,,2671353.5,2646837.0,3626226.0,3564926.5
,,,,,,,,,,2708404.5,2684213.5,3622318.0,3539778.5
,,,,,,,,,,2720259.0,2697803.0,3644634.0,3556970.0
,,,,,,,,,,2713611.0,2693864.5,3688756.5,3611178.0
,,,,,,,,,,1159818.5,1169223.5,1316504.0,1336201.5
,,,,,,,,,,1199309.0,1207651.5,1356732.5,1377375.0
,,,,,,,,,,1236237.0,1243557.5,1401143.5,1422227.5
,,,,,,,,,,1270020.5,1276193.0,1449346.5,1469892.0
,,,,,,,,,,1300219.0,1305437.0,1498734.5,1518517.5
,,,,,,,,,,932858.0,934041.0,1012940.0,1078363.5
,,,,,,,,,,955657.0,954131.0,1064099.5,1118159.0
,,,,,,,,,,988658.0,983756.5,1108820.5,1150223.0
,,,,,,,,,,1028783.0,1021605.0,1146841.0,1177568.5
,,,,,,,,,,1070703.0,1062253.5,1182238.0,1204411.5
