country_code,bucket,pen_total,pen_male,pen_female,gap_abs,gap_pct
ARE,1014,1399.4780728418261,0.1322342435170874,2814.8271022518047,-2814.694868008288,-99.99060489138849
ARE,2024,529.5700973241308,532.1128224759905,525.422563653081,6.6902588229094135,0.6326274194377522
ARE,2534,204.5959216643214,180.44794721811047,256.6939619053838,-76.24601468727332,-17.441936610505476
ARE,3544,125.51393261196868,116.26307845424029,144.86860365737456,-28.60552520313428,-10.954444505476546
ARE,4554,117.99446376649865,85.66225114192694,193.1964039939585,-107.5341528520316,-38.56224322663792
ARE,55plus,244.50955346035707,214.09272255651967,297.0246836680413,-82.93196111152162,-16.22561863508229
ARG,1014,0.020506139779498684,0.0200739869805855,0.0209633775311209,-0.0008893905505353,-2.1672701478713674
ARG,2024,140.22917080140735,170.60739138712944,108.44234616421448,62.16504522291497,22.277406805113685
ARG,2534,93.4346388307349,110.80511147203455,75.4197587394739,35.38535273256066,19.00141087083109
ARG,3544,51.08059198608517,63.50183300893353,38.34807475103325,25.15375825790028,24.69688859923272
ARG,4554,26.970663727209935,27.285096886005967,26.65513131052877,0.6299655754772004,1.1678956440115156
ARG,55plus,34.36473094639128,39.13038455818189,29.82223692353853,9.308147634643362,13.499338291454206
AUT,1014,0.17191622407789867,0.1711407755121999,0.1727418148775663,-0.0016010393653664,-0.4655773249677278
AUT,2024,1037.0012849375812,1263.2624474192164,798.8132960001404,464.449151419076,22.523379798305623
AUT,2534,566.0881644347014,665.1054241107355,462.0203351199273,203.08508899080817,18.017961822594405
AUT,3544,265.37767478197935,328.5440416389658,200.71276379050013,127.83127784846565,24.1529776352591
AUT,4554,126.44275132698915,129.6407080268853,123.2717037125657,6.369004314319611,2.518264829517709
AUT,55plus,103.00274787081341,112.8773556226603,93.26447431349176,19.61288130916856,9.514265646736142
AZE,1014,0.0916869687811825,0.0871960030258145,0.0966656623480968,-0.0094696593222822,-5.15042616579385
AZE,2024,741.963061426508,881.9672846872544,587.8215337484257,294.14575093882866,20.012790085850067
AZE,2534,409.0931314782591,503.9501622582455,318.1525190243615,185.797643233884,22.600296467104457
AZE,3544,194.0098988217774,248.76158158854736,141.73504753554892,107.02653405299844,27.407799727507093
AZE,4554,123.67638720129607,130.24483618383505,117.5850219590296,12.65981422480546,5.108268357845547
AZE,55plus,124.21802489243198,151.2353232390222,101.7036096036068,49.531713635415386,19.58247909041054
BEL,1014,0.11343915094478607,0.1108989149189285,0.1160984877041147,-0.0051995727851861,-2.2905869076487444
BEL,2024,682.517889954035,849.5120425937188,507.59333157047047,341.9187110232483,25.19470613944244
BEL,2534,443.7552703722291,533.7131379109709,352.55264380966,181.1604941013109,20.44087652234512
BEL,3544,211.34649074480356,267.81542361365183,155.1088075350015,112.70661607865034,26.64936359227788
BEL,4554,99.10846778788161,98.95870619244413,99.26010762310564,-0.3014014306615138,-0.1520549058183647
BEL,55plus,92.54254532234977,102.3647576693142,82.67086294519022,19.693894724123965,10.643299197592562
BGD,1014,0.004823514193190513,0.0046260505039751,0.0050385870702526,-0.0004125365662775,-4.268515638678697
BGD,2024,29.833652407752577,39.39022001222196,21.297984032346324,18.092235979875635,29.81178346716116
BGD,2534,21.817869205310856,28.9959896509399,15.869279554039268,13.126710096900634,29.25806604865713
BGD,3544,13.615926976481257,17.88921355697684,9.72019121893251,8.169022338044332,29.58782488919222
BGD,4554,8.941707901729266,9.06985561433254,8.813789368286484,0.2560662460460552,1.431845948043165
BGD,55plus,12.282948701828357,13.450743560234304,11.0852549149633,2.365488645271004,9.64089008915686
BHR,1014,0.7509128744748518,0.7412398921832885,0.7609740467798782,-0.0197341545965897,-1.3136713809359517
BHR,2024,4375.753350724116,4409.130592942888,4321.710448816115,87.42014412677327,1.001279758830207
BHR,2534,1882.4576576576576,1742.7667329503936,2142.9656915376863,-400.1989585872928,-10.299189827514084
BHR,3544,798.3351214894288,687.0055365598936,1065.455809283526,-378.45027272363234,-21.595356360998245
BHR,4554,686.7855468609138,528.2658126719882,994.6816270772822,-466.415814405294,-30.62586417835156
BHR,55plus,1297.8754663556144,1230.546263641455,1394.074394463668,-163.52813082221292,-6.230543462241666
BLR,1014,1393.1539657105131,0.1268616106750706,2872.3116516659165,-2872.1847900552416,-99.99116697467404
BLR,2024,1129.679687699571,1369.4530187238158,876.2455694509463,493.2074492728696,21.962317288257907
BLR,2534,623.6142718165199,734.9708915207196,506.70421076987634,228.2666807508433,18.383768856260826
BLR,3544,224.58504821499074,278.89202713698387,169.33164215134715,109.56038498563672,24.44323950129445
BLR,4554,120.39675805596912,127.90714976564244,113.54806319474493,14.359086570897516,5.946894413604248
BLR,55plus,118.99800298740097,149.2637658158092,95.03046048573856,54.23330533007064,22.19999471585016
BOL,1014,0.06242904856487117,0.0606014573438462,0.0643183507772496,-0.0037168934334034,-2.975423585185431
BOL,2024,429.3675912812677,531.2368513323984,325.0927336646083,206.14411766779008,24.072987933554884
BOL,2534,310.2705956925545,371.433493166201,248.26859005149737,123.16490311470363,19.874857040207235
BOL,3544,197.78994998809242,246.12391637643853,148.81731488406882,97.30660149236972,24.63824837477788
BOL,4554,124.18743206466219,126.71322623758483,121.6719463139797,5.0412799236051455,2.029621926227734
BOL,55plus,176.32317236685302,199.8994337307627,153.75608401351897,46.14334971724372,13.04754129429664
BRA,1014,0.005352955088428733,0.0052479485292113,0.0054622496126059,-0.0002143010833945,-2.0009068044957634
BRA,2024,31.291485401406053,38.65762207097716,23.721874393254875,14.935747677722286,23.943360437810423
BRA,2534,19.881807457900795,24.23215412505113,15.493527116094986,8.738627008956149,21.997425181736247
BRA,3544,10.010364033782484,12.660414294694348,7.404093212684144,5.256321082010205,26.197109897052066
BRA,4554,5.348635270112063,5.55568242385281,5.151429362706194,0.4042530611466155,3.77555655722291
BRA,55plus,6.392412896851165,7.429004410059003,5.4466424384310175,1.9823619716279848,15.396212671524651
CAN,1014,0.0358660677188622,0.0350894781693318,0.0366778097345765,-0.0015883315652447,-2.21316927479742
CAN,2024,196.29363698879496,240.71824783123984,150.38449927903815,90.33374855220173,23.097191011734463
CAN,2534,113.0150192270614,131.96789400487546,92.80162064664916,39.16627335822629,17.425082497930564
CAN,3544,55.87501706932008,67.4060709053454,44.17920124342906,23.22686966191634,20.81535422609214
CAN,4554,30.294134570931394,31.01434018358289,29.588345457766938,1.4259947258159542,2.3530223301572355
CAN,55plus,27.915978097798355,31.32471303451908,24.586455950168094,6.738257084350984,12.05171919441792
CHE,1014,0.1703031174317405,0.1656106300516619,0.1752692773442835,-0.0096586472926215,-2.833445762880558
CHE,2024,1040.4908096409506,1279.2491522755604,787.1020905766018,492.1470616989586,23.81720258844539
CHE,2534,589.5118348804415,694.8718718435904,479.29435670084047,215.57751514274992,18.3600507238224
CHE,3544,259.85399404430865,322.17485428293577,196.2424269246636,125.93242735827216,24.29171092925868
CHE,4554,124.4944823261947,125.95733041575492,123.0192285273782,2.938101888376721,1.1800716906236106
CHE,55plus,113.43457013042574,125.44612892026386,101.35709609053306,24.0890328297308,10.621115651501006
CRI,1014,0.21124564040037427,0.1998523313329595,0.2231405437674238,-0.0232882124344642,-5.505580307691368
CRI,2024,1315.0599201425216,1606.4460890863402,1011.8709421181248,594.5751469682154,22.708294674869908
CRI,2534,800.1124931939758,942.9602243690842,653.069956859014,289.8902675100702,18.163207119743078
CRI,3544,408.2953432319461,505.8199229811132,310.26481708703704,195.55510589407615,23.962598035805154
CRI,4554,237.14227945750903,247.93689398266093,226.98720773693455,20.949686245726355,4.411165104039183
CRI,55plus,256.26230118389844,297.11354566258,219.0849397024696,78.02860596011044,15.116008313145189
CZE,1014,0.13677932693701267,0.1307475935375351,0.1431248048298116,-0.0123772112922764,-4.51933505021372
CZE,2024,899.5474883345653,1093.3036190784655,697.0730769230769,396.2305421553887,22.131127099693177
CZE,2534,536.9331271120977,610.621689341424,458.5549825567216,152.06670678470243,14.222785698712752
CZE,3544,229.41289805321395,277.88960362449313,177.51985644735808,100.36974717713504,22.03945152156028
CZE,4554,88.19643651813713,87.23764375819643,89.20721341876583,-1.9695696605694053,-1.11625223431367
CZE,55plus,112.68232644617278,125.14931990172596,100.19869101312378,24.950628888602186,11.07204309783327
DEU,1014,0.02034103730308489,0.0197959220400597,0.0209170240670735,-0.0011211020270138,-2.753674529138007
DEU,2024,115.54498296266061,137.10485602235522,92.50290704232285,44.601948980032375,19.425279173800615
DEU,2534,68.27046448935279,78.94906319191264,56.64954076201106,22.299522429901582,16.445244847416678
DEU,3544,30.767754613709123,37.74804806531989,23.48915327123491,14.258894794084984,23.284693752934967
DEU,4554,15.082839206987845,15.226816982186456,14.938320383331172,0.2884965988552839,0.9563908009418518
DEU,55plus,11.22186860371781,12.500672711588935,9.954585446680566,2.546087264908371,11.338490285718375
DNK,1014,0.24411474677913075,0.2414186638574313,0.2469460998979289,-0.0055274360404976,-1.1318253180253095
DNK,2024,1307.8213558241437,1595.1235298174506,1009.720976060858,585.4025537565927,22.473608402940165
DNK,2534,794.2048444541805,950.65323792452,631.7445185891326,318.9087193353876,20.153511847615924
DNK,3544,468.4363826140924,579.2418264987652,354.6554178840777,224.5864086146876,24.04829974234514
DNK,4554,200.26934120064274,204.25976823945948,196.29730859090637,7.962459648553136,1.9878464541334773
DNK,55plus,185.0702667962187,205.221156381188,164.99429212211828,40.22686425906974,10.865798394339691
DOM,1014,0.0747503192766905,0.0737813618697921,0.0757583309243513,-0.0019769690545591,-1.3220363220089182
DOM,2024,505.2821167150735,619.0031152647975,387.3677231866745,231.63539207812303,23.01690224197536
DOM,2534,359.2646430145378,428.2628924041334,288.71772502904247,139.54516737509095,19.46289257785924
DOM,3544,214.35083650948198,268.4861131543697,160.21702689414616,108.26908626022356,25.255025248467007
DOM,4554,117.32771264188592,124.32705194917897,110.5347297497524,13.792322199426565,5.872527279515789
DOM,55plus,148.51305155011914,172.7678429122438,126.31086488389693,46.45697802834688,15.53336189348962
DZA,1014,0.016288195018878338,0.0160617505472467,0.0165242249486227,-0.0004624744013759,-1.4192436909999566
DZA,2024,162.90497907333344,198.8158804358561,125.56808030442738,73.2478001314287,22.58058627937965
DZA,2534,102.50077186740401,120.10179817810744,83.84470581080237,36.25709236730508,17.777746447311824
DZA,3544,45.49795435331119,55.45180165749184,34.97692320044489,20.474878457046955,22.642007270602267
DZA,4554,26.957801303797172,26.64987471486177,27.28160534196324,-0.6317306271014651,-1.1713578534018367
DZA,55plus,37.37889078443364,40.00367153119124,34.64184924802182,5.361822283169417,7.18304625273986
EGY,1014,0.005978890788416139,0.0058437999331833,0.0061203752219232,-0.0002765752887398,-2.311695416978323
EGY,2024,49.18028229104427,60.09308138532929,37.83147006614707,22.261611319182222,22.733432003733316
EGY,2534,36.693560613710574,43.31554457551126,29.771638986840227,13.543905588671034,18.53116364391929
EGY,3544,21.18737795450349,25.904059158453457,16.355002855199892,9.549056303253565,22.59647007822462
EGY,4554,12.96781922675603,12.94599759935782,12.990311403883991,-0.0443138045261726,-0.1708562483606814
EGY,55plus,17.850231992024632,20.05291798772532,15.703615279754564,4.349302707970752,12.1636588072882
ESP,1014,0.03254833001538919,0.0314057373323305,0.033760646661072,-0.0023549093287414,-3.613687279287887
ESP,2024,189.57871050776868,229.6273456083165,147.24864539434077,82.37870021397569,21.85830410549949
ESP,2534,126.63560464281905,150.12933254487535,102.34537709056484,47.7839554543105,18.92623444277169
ESP,3544,52.76873522963695,65.7907385775389,39.62579758102198,26.16494099651693,24.820528116349102
ESP,4554,19.208747337823638,19.24177497688793,19.17493877548942,0.0668362013985124,0.1739768836796364
ESP,55plus,20.405825806417493,22.989394708891773,17.902152746987145,5.087241961904628,12.440815470223152
FIN,1014,0.24775492211807934,0.242184059885513,0.2535881070471147,-0.0114040471616017,-2.300259660028765
FIN,2024,1542.4333380977337,1876.8039193826105,1190.4636167452293,686.3403026373812,22.376277731020053
FIN,2534,947.3619993696047,1107.1358234486484,776.8380752195781,330.2977482290703,17.531970504610303
FIN,3544,454.6609687936018,551.2232537436811,351.38355601524535,199.8396977284357,22.14028252033797
FIN,4554,227.90999347670646,226.13911396401136,229.7581749791793,-3.619061015167944,-0.7938325370517644
FIN,55plus,205.59808069009904,229.35874287648815,182.11913145049107,47.23961142599711,11.480474254724651
FRA,1014,0.01909913118796348,0.0186620882343531,0.019557135027032,-0.0008950467926788,-2.3418759365085364
FRA,2024,112.79842921715937,136.77821116746546,87.58269283162511,49.19551833584035,21.926956728628515
FRA,2534,83.29293975531697,99.77702325281848,66.60452852061327,33.172494732205195,19.937603886143265
FRA,3544,40.36331944708201,51.67679496395194,29.529931412803023,22.14686355114892,27.27220334975644
FRA,4554,17.63743803645376,18.068794264622216,17.2152740713142,0.8535201933080145,2.418995976262505
FRA,55plus,16.711627820999535,19.079901384294843,14.505726622955985,4.574174761338858,13.619440911902364
GBR,1014,0.01790322569321173,0.0175839875185659,0.0182387072404307,-0.0006547197218648,-1.827667422201443
GBR,2024,119.57073465429013,144.3238651441623,93.50898708876964,50.81487805539268,21.36579432921442
GBR,2534,71.66136429350077,84.49668031915958,58.24807135388741,26.24860896527217,18.38849320736772
GBR,3544,35.60490016516806,44.4120924030417,26.948331233454883,17.46376116958682,24.47261420216002
GBR,4554,17.672195393436255,18.14400803773646,17.21086424554602,0.9331437921904387,2.639364059113502
GBR,55plus,16.731560844767696,19.35956519471724,14.313552658015237,5.046012536702005,14.98528457854857
GRC,1014,1627.8577110989681,0.1503853380154604,3351.4499497450024,-3351.299564406987,-99.9910260578243
GRC,2024,927.4839728310407,1101.513245442448,735.5524011163507,365.9608443260972,19.92094539526212
GRC,2534,639.175151772622,736.0652058023063,532.8073695169606,203.2578362853457,16.018774480503133
GRC,3544,264.5696983404664,331.1429721956507,197.8996478957427,133.243324299908,25.1857448227687
GRC,4554,97.67354529408867,100.6502376919294,94.7937657093878,5.856471982541592,2.9964961219690824
GRC,55plus,99.02441402877186,116.52400580218011,83.41011403696494,33.113891765215186,16.562401550999212
GTM,1014,0.03910411954281698,0.0385781206944061,0.0396446602761533,-0.0010665395817472,-1.3634641577734423
GTM,2024,256.7170113847105,322.3967698347679,189.88331229389107,132.51345754087683,25.86738430083958
GTM,2534,197.90143611643938,237.8822629045089,157.66438278657705,80.21788011793188,20.28025796496842
GTM,3544,137.7773175819077,174.13008817338394,102.0228071027505,72.10728107063343,26.111361605870893
GTM,4554,99.93703145874284,106.27988795579776,94.1643119701933,12.115575985604464,6.0443634637858485
GTM,55plus,151.1922646058222,186.14191552450637,122.61101966738674,63.5308958571196,20.576612759206487
HUN,1014,0.1688696479835429,0.1642855923669073,0.173716864072194,-0.0094312717052866,-2.79029679388911
HUN,2024,966.7810296647673,1171.2541358730944,750.044044199891,421.21009167320335,21.923202553452825
HUN,2534,567.0264905147875,662.0325740790278,465.67465267246126,196.3579214065665,17.412136479093217
HUN,3544,264.91685959841436,324.5358570149468,202.32894030104936,122.2069167138974,23.19511900139377
HUN,4554,98.28058778394022,99.05787210722691,97.49475079547132,1.5631213117555944,0.7952686098365652
HUN,55plus,125.0116164367678,144.954578277808,106.7368458889114,38.21773238889659,15.184360180496782
IRL,1014,0.21264785239477382,0.207740912009583,0.217792209261543,-0.0100512972519599,-2.36204815783442
IRL,2024,1360.3904548035002,1667.5425804143852,1043.0265881229104,624.5159922914747,23.04003157493606
IRL,2534,1001.7159019195069,1195.4658687000638,803.7076478386543,391.7582208614094,19.59600893171507
IRL,3544,440.8649638046489,572.42712302761,317.72036497647434,254.7067580511357,28.613995038310662
IRL,4554,192.9422878931592,199.02704065488243,187.04327222845745,11.983768426425002,3.104037794806092
IRL,55plus,232.21513446300443,260.7846857944148,204.419223921322,56.365461873092784,12.116291522041363
IRQ,1014,0.013330339489122529,0.0130075082040212,0.0136696032051491,-0.0006620950011278,-2.4818841551949324
IRQ,2024,112.40459957260609,137.1877235396916,86.5238050210392,50.66391851865241,22.646985984407465
IRQ,2534,88.04366307158385,104.60990551090676,70.99292303440804,33.61698247649872,19.143759103984912
IRQ,3544,63.45716744072681,78.49674599233273,48.40720719512527,30.089538797207467,23.71048185769302
IRQ,4554,38.542416891781535,39.71692374036455,37.40614256496141,2.310781175403136,2.996225754633356
IRQ,55plus,59.517904446297216,71.0871817740645,49.49380006409416,21.593381709970345,17.90778394801308
ITA,1014,0.02950442971408472,0.0288655898177194,0.0301811744130357,-0.0013155845953163,-2.2280384242140485
ITA,2024,159.11854902130605,194.27635915072156,121.69718550627516,72.57917364444637,22.9700159623282
ITA,2534,104.16485541722972,120.8880449671953,86.10063978337625,34.78740518381905,16.806428441119404
ITA,3544,48.37536515458702,60.10729964016774,36.4526967711325,23.65460286903524,24.497311255354383
ITA,4554,17.408970588151455,17.716916811284744,17.103594901339434,0.6133219099453093,1.7613810934402476
ITA,55plus,15.884867401489977,18.02641084212165,13.838898641562176,4.187512200559473,13.141288342746613
JPN,1014,0.014554354234717785,0.0140666343874424,0.0150700797853081,-0.0010034453978656,-3.443920930535384
JPN,2024,77.01269617354316,91.85214654265,61.42462536955735,30.427521173092657,19.85135829355846
JPN,2534,53.663303694851365,63.35562976578576,43.57939350026008,19.776236265525675,18.49369426546433
JPN,3544,24.12755952416834,29.79971385032874,18.292855419013375,11.50685843131536,23.92647888465113
JPN,4554,8.308615756757822,8.355316745819911,8.261184373111632,0.0941323727082785,0.5664993612947282
JPN,55plus,9.03953346348029,9.934113495369491,8.128601838427606,1.8055116569418868,9.995793121777202
KAZ,1014,0.03949365520232109,0.039006736514054,0.039999536847468,-0.000992800333414,-1.2566094958954523
KAZ,2024,385.31989823076145,470.7082585110944,296.4768973163778,174.2313611947166,22.710470851954085
KAZ,2534,239.44555059547935,284.50104228144795,193.1262179740086,91.37482430743935,19.13099019067044
KAZ,3544,111.00314757516423,139.0581012038916,82.95726671620011,56.100834487691486,25.26889692964112
KAZ,4554,66.07024857941944,69.94968331683235,62.50912972172608,7.440553595106266,5.617258243843948
KAZ,55plus,75.91868772875613,92.51196817438544,62.06511619069335,30.446851983692085,19.696872993012978
KEN,1014,0.011144768638269112,0.0110711481508997,0.0112193747973869,-0.0001482266464872,-0.6649760834731478
KEN,2024,84.01610910373891,105.580334319391,62.92929097903684,42.65104334035417,25.31074605668362
KEN,2534,72.54088453449566,89.87329647700838,56.02188472999327,33.85141174701511,23.20255642918421
KEN,3544,49.33677587946761,61.20149263649399,37.275514226551806,23.925978409942186,24.296004897078745
KEN,4554,35.1666956865996,35.13535851271166,35.19847144541298,-0.0631129327013155,-0.0897333939284861
KEN,55plus,56.84697435323488,64.82512095553673,49.32455593289955,15.500565022637184,13.57915803632681
KOR,1014,0.03394311926686389,0.0330983778356068,0.0348321092334945,-0.0017337313978877,-2.55221399505665
KOR,2024,180.19882705594895,215.32690848211112,141.94591298534073,73.3809954967704,20.539204520334756
KOR,2534,91.77350774353623,104.62428483348477,77.21591119579134,27.408373637693416,15.072780516185045
KOR,3544,46.63553088981405,56.103931615449895,36.33867474182997,19.76525687361993,21.381111645889256
KOR,4554,18.573930848728075,18.643805568850063,18.501908178888915,0.1418973899611515,0.3820020552702091
KOR,55plus,17.40304839091206,19.394540419635938,15.431179445848969,3.963360973786969,11.380557212013237
KWT,1014,0.22809730110374601,0.2170100181337138,0.2398687034465345,-0.0228586853128206,-5.003228260173125
KWT,2024,1879.1903931822583,2190.984222932423,1519.387056938789,671.597165993634,18.100538068442177
KWT,2534,673.3024820248852,618.4137326267751,778.0346578148005,-159.62092518802547,-11.43049226026543
KWT,3544,267.473953720552,254.73250524949648,291.9440362118629,-37.211530962366425,-6.806864414356188
KWT,4554,183.09383443871286,142.49193275082146,259.75663193623325,-117.2646991854118,-29.15229772830701
KWT,55plus,374.9127776794176,317.6378194386682,478.8952827768208,-161.25746333815255,-20.24491673850449
LBN,1014,0.13514587805071945,0.1330913490623109,0.1372931570200159,-0.0042018079577049,-1.5540121061617247
LBN,2024,996.3776321120264,1168.6062112781658,804.8748382001272,363.7313730780386,18.43095342487297
LBN,2534,820.1739817910172,1032.039496977406,623.3873796624703,408.6521173149356,24.685603639854055
LBN,3544,472.78290508279196,634.1873437785771,331.43310954205094,302.75423423652614,31.353336934340863
LBN,4554,233.89102525070376,257.23815290524016,213.87832148366368,43.35983142157647,9.203633024682382
LBN,55plus,247.38655382788036,293.3714157867768,207.00696482099968,86.36445096577711,17.259828624265488
LKA,1014,0.04488028184817001,0.0440854189797009,0.0457043338533203,-0.0016189148736193,-1.8030062702477927
LKA,2024,284.99975213496435,344.53143948852806,224.02648656520256,120.5049529233255,21.194841792063485
LKA,2534,209.68337041185416,252.90803607063737,166.52023373647847,86.38780233415889,20.596561689531896
LKA,3544,110.04072601280907,143.30787033848102,79.22312441176001,64.08474592672101,28.798121357722284
LKA,4554,54.01351916185801,57.280127101338486,50.98748032107142,6.292646780267063,5.812123247275687
LKA,55plus,61.96821255073411,73.7850428696286,51.638771363766544,22.146271505862053,17.65715039143294
MAR,1014,0.022638157979560893,0.022466402516237,0.0228196868522215,-0.0003532843359844,-0.780116678015784
MAR,2024,163.0560669399324,200.6047586261685,123.64088701102855,76.9638716151399,23.7362853289496
MAR,2534,113.00231442645261,133.6223362478111,91.4138532340033,42.20848301380779,18.75630897901368
MAR,3544,59.67767834223261,74.182659531681,44.88774972278272,29.29490980889828,24.603014294082534
MAR,4554,33.707337933061645,34.328509870933075,33.08909421011513,1.2394156608179472,1.8384154668681851
MAR,55plus,42.25751437204912,47.753934830670936,36.96539556654037,10.788539264130565,12.734448222793894
MEX,1014,0.006878967075744842,0.0067615638987985,0.0070005193112507,-0.0002389554124521,-1.7363316934292785
MEX,2024,43.53703514025754,53.561371422324704,33.3377314749186,20.223639947406102,23.272553194617227
MEX,2534,31.06429317140017,37.94360539726469,24.364747975395048,13.578857421869644,21.792996744202046
MEX,3544,18.002266779041364,23.86428939299917,12.737514284569327,11.126775108429843,30.39952677318172
MEX,4554,9.834851875787946,10.852815103940362,8.977513809955088,1.8753012939852736,9.456733179403887
MEX,55plus,12.459434631071082,15.0945011184619,10.235753636220204,4.8587474822416965,19.18159737948784
NGA,1014,0.0025266968643824026,0.0024685994154356,0.0025867851293315,-0.0001181857138958,-2.337818475514492
NGA,2024,21.240834982354443,26.098387996537294,16.19971270467959,9.898675291857709,23.402174394967403
NGA,2534,19.47949220272429,23.03278334594402,15.801112044686407,7.231671301257611,18.622060003288823
NGA,3544,13.751783714902336,17.002552857086584,10.414973221120912,6.587579635965671,24.02689293401177
NGA,4554,9.081235026788955,9.146929741591311,9.014727923734524,0.1322018178567887,0.7279171334078602
NGA,55plus,14.744010267825,16.581676358865916,12.957016545218703,3.6246598136472112,12.270887630054856
NLD,1014,0.08181195603176254,0.0814570012821543,0.0821845999386947,-0.0007275986565403,-0.4446293919835297
NLD,2024,419.13375161767823,513.640347085556,321.4362691068265,192.20407797872943,23.01634056706122
NLD,2534,262.10195642026315,315.3116806943545,207.57104578775483,107.74063490659972,20.60512414159585
NLD,3544,146.18453042320766,181.67025405709845,110.13518907842564,71.5350649786728,24.514643801709195
NLD,4554,69.17634955930997,70.5559183286335,67.80887550963216,2.7470428190013365,1.9853625642750927
NLD,55plus,58.21657477697454,64.68619986338864,51.77585840685521,12.91034145653343,11.085448469900548
NOR,1014,0.23975812453099263,0.2338236544511521,0.2460016740893146,-0.0121780196381624,-2.5380110039637955
NOR,2024,1399.818998535298,1706.2084382056005,1079.5755499841096,626.6328882214907,22.49395110597561
NOR,2534,853.4638363279662,1003.876354619482,695.4347237596455,308.4416308598365,18.150980993664845
NOR,3544,436.2763481141994,534.7910730631874,333.61592244071005,201.1751506224773,23.16599839292456
NOR,4554,209.51456310679612,207.9029119951843,211.19629622359503,-3.29338422841073,-0.7858244930616782
NOR,55plus,202.13977852265745,224.28262691554104,179.21788130970205,45.064745605838965,11.16844828871512
OMN,1014,0.17932171265298755,0.1769631264727523,0.1817767587507331,-0.0048136322779808,-1.3418168640439998
OMN,2024,1085.863628084139,1019.4699051502528,1209.3073849926825,-189.8374798424296,-8.517561655083764
OMN,2534,518.5248668319182,451.477095807868,672.3869653017111,-220.9098694938432,-19.656280251166784
OMN,3544,272.19665876307243,243.8894378743284,337.34329234163494,-93.45385446730656,-16.078560206439644
OMN,4554,266.9828918429024,205.1181436389089,388.7488584474886,-183.63071480857968,-30.921185074004928
OMN,55plus,647.4266890124409,588.8294173885332,739.9117492398088,-151.08233185127563,-11.370335746776362
PAK,1014,0.0025711086854388766,0.0025161990936977,0.0026284682638741,-0.0001122691701764,-2.182243522726104
PAK,2024,20.609303545540353,25.11477535426365,15.898017642392494,9.216757711871152,22.472884771887188
PAK,2534,16.873724042156407,19.880001050805436,13.725782391444062,6.154218659361371,18.312974818567188
PAK,3544,11.585773587756968,14.400473577937868,8.693227815830502,5.707245762107366,24.713430146141125
PAK,4554,7.8614405937927785,7.9504818291657635,7.772029280358868,0.1784525488068951,1.1350130240886858
PAK,55plus,10.748196984769619,12.142631504661107,9.404230546989554,2.738400957671555,12.709047614948512
PAN,1014,0.19698968655312113,0.1949140100140236,0.1991672154829937,-0.00425320546897,-1.0792712755107603
PAN,2024,1350.3469015322644,1649.063167264645,1040.1698884610803,608.8932788035645,22.641893290250607
PAN,2534,949.5959732656972,1132.6125311927055,762.4495982576449,370.1629329350607,19.533023597618083
PAN,3544,527.468415899122,656.5019594425489,397.1062688439799,259.39569059856905,24.619747989290225
PAN,4554,284.306386528646,289.3464235624123,279.308797460374,10.03762610203836,1.765151489154471
PAN,55plus,342.79228415193234,388.9024425246118,298.71694627726947,90.18549624734231,13.11561275264255
POL,1014,0.04014805974661064,0.0388683579857598,0.0414965487805403,-0.0026281907947805,-3.270321463102365
POL,2024,294.00974777407674,358.43219221265275,226.546164441934,131.88602777071878,22.54545424978753
POL,2534,153.08133487289035,180.7640929858232,124.18854673874895,56.5755462470742,18.552240209552615
POL,3544,56.67622905721312,69.92718953207098,43.01660357433151,26.91058595773948,23.82652930062961
POL,4554,28.539835126063082,28.84355121217928,28.234442462124207,0.6091087500550749,1.0671516478500465
POL,55plus,34.78688533924491,39.92446132903274,29.98508284756965,9.939378481463088,14.21748431995876
PRI,1014,0.5113704728672843,0.5017790347596022,0.521469446007328,-0.0196904112477258,-1.9243039806878373
PRI,2024,2383.0758151747923,2906.113034554853,1836.940085520584,1069.172949034269,22.54187170092803
PRI,2534,1618.88091886326,1980.3620486408,1269.3472400921682,711.0148085486314,21.87933582286216
PRI,3544,883.6463069468949,1174.032650343376,623.7582509709252,550.2743993724507,30.608364908853677
PRI,4554,360.549497597413,391.9227115958004,332.6288999990959,59.29381159670447,8.183518005872052
PRI,55plus,329.2229210122751,397.7071490768915,271.12323877902514,126.58391029786634,18.926160144077635
PRT,1014,0.1659644814315033,0.1610224075392386,0.1711491442542787,-0.0101267367150401,-3.048646598530829
PRT,2024,851.0696201198143,1040.6178096775302,652.7834658964355,387.83434378109473,22.902684046322168
PRT,2534,577.5306309628996,686.687036914239,465.3439243587008,221.34311255553823,19.21329547523311
PRT,3544,269.50450514568774,340.4850369695766,201.38052663960784,139.10451032996875,25.67140628081998
PRT,4554,95.74335818069818,101.27540941863012,90.66935532414374,10.606054094486396,5.525576125350239
PRT,55plus,97.98489305833219,116.1267621783075,82.08108535975535,34.04567681855215,17.17675523014506
PRY,1014,0.12056757577750428,0.1179277791901884,0.1233282613918475,-0.0054004822016591,-2.2384857965132507
PRY,2024,844.5136254632657,1038.1471342969614,643.7323263183323,394.41480797862914,23.450836829551243
PRY,2534,555.1826341730512,660.5767245416806,447.0160567845083,213.56066775717235,19.28151495366944
PRY,3544,331.61076900502195,412.0533397766748,249.86868241672653,162.1846573599483,24.50207908516465
PRY,4554,218.45074812051075,215.62933081465656,221.26788825331911,-5.638557438662531,-1.290591286136166
PRY,55plus,277.25945647487725,318.83890298568923,238.54619679326373,80.2927061924255,14.405248045609378
QAT,1014,0.6032361847085541,0.5984114895005984,0.6082043566638391,-0.0097928671632406,-0.8115977586710817
QAT,2024,3063.8754290329093,2803.1999037901146,3622.9786305283833,-819.7787267382687,-12.756861988198825
QAT,2534,844.3055639017421,652.1698308403041,1480.4557072788818,-828.2858764385777,-38.83878635201298
QAT,3544,414.9690530264124,343.4808449518338,651.7288891805,-308.24804422866623,-30.973174161867497
QAT,4554,405.7723193952808,268.0080231965995,864.0071902654868,-595.9991670688873,-52.64939551882168
QAT,55plus,1071.373918211195,802.0341981132076,1802.3146743178745,-1000.2804762046668,-38.40808298739696
ROU,1014,0.07560790236005373,0.0734874636188708,0.0778243151460267,-0.0043368515271559,-2.8661691525643485
ROU,2024,483.74882780141786,590.655511784164,372.4039222851574,218.25158949900657,22.66231779453154
ROU,2534,316.28438359941356,374.780430075277,254.95880347837232,119.82162659690472,19.027181444729973
ROU,3544,128.95849237715734,156.58333929156052,99.51419511291192,57.069144178648585,22.284144324683485
ROU,4554,51.206163130881386,52.013537880652045,50.37728087201164,1.6362570086404062,1.598050517198193
ROU,55plus,57.857196288890734,68.26133574701362,48.19261133461142,20.0687244124022,17.233185233589037
SAU,1014,0.02863284842179086,0.0281438920444161,0.0291390949018693,-0.0009952028574531,-1.7373445598889494
SAU,2024,180.93448676538634,196.78492779449303,159.68712866115615,37.097799133336906,10.406930490483612
SAU,2534,87.8313002225633,81.73314482295373,99.04835003786124,-17.315205214907493,-9.577974354199585
SAU,3544,48.07433079234343,44.52562414609008,55.484598969912966,-10.958974823822892,-10.95785458963675
SAU,4554,39.4909159677771,29.57350080020084,59.59081622107213,-30.01731542087129,-33.66516609296712
SAU,55plus,74.36640772441605,65.24308916078023,90.46997130140886,-25.226882140628632,-16.200877476654778
SWE,1014,0.1218001749493422,0.1183119193880969,0.1255003716114899,-0.007188452223393,-2.9483551440010243
SWE,2024,799.2014957156035,961.8778707856789,624.3611613387466,337.51670944693217,21.27779625967855
SWE,2534,474.3996279538261,549.6648385131018,393.01835234811904,156.64648616498278,16.617087021767404
SWE,3544,234.92855076901535,286.54665904567776,180.4558324225018,106.09082662317596,22.71740056239181
SWE,4554,116.5640562965385,116.28333428527624,116.8542048902346,-0.5708706049583441,-0.2448643006944414
SWE,55plus,113.63712103069885,124.81174265278206,102.24512473784706,22.566617914934994,9.938751544612538
TUR,1014,0.011696199570582388,0.0114942219889542,0.0119054024551722,-0.000411180466218,-1.757209681719068
TUR,2024,78.97639743646363,96.27473251944048,60.89769877276514,35.37703374667535,22.508421773348072
TUR,2534,49.17833164558267,57.79617753500622,40.183004527723554,17.61317300728267,17.976444216492933
TUR,3544,26.041958997993515,32.2756220517002,19.674415376394727,12.60120667530547,24.25639575861144
TUR,4554,13.248982040719065,13.43050852400857,13.06755492738493,0.3629535966236403,1.3697363103134734
TUR,55plus,16.58341800704473,18.657896452042586,14.567751747144584,4.090144704898002,12.310202890181875
UKR,1014,0.03447139679890551,0.0335374909949658,0.0354588046975087,-0.0019213137025428,-2.7846621086824923
UKR,2024,246.00076968084542,301.98140181038855,188.3293018977179,113.65209991267064,23.179608165423705
UKR,2534,136.14796812484843,162.2428104003879,109.44981500768358,52.79299539270431,19.43114772195651
UKR,3544,50.712816966555074,62.99829765020012,38.222275447037134,24.776022203162988,24.477259360468125
UKR,4554,28.443175405838062,30.512228713141507,26.590957637426364,3.921271075715144,6.86699171503614
UKR,55plus,27.214687530777653,33.033460382224696,22.304289559479425,10.729170822745273,19.388520194709724
URY,1014,0.3260193466743882,0.314320439210427,0.3382831034179773,-0.0239626642075502,-3.671856286749386
URY,2024,2020.9303684412614,2478.63020645879,1544.1194014588589,934.510804999931,23.23064809106214
URY,2534,1310.6023960965583,1554.7484620885568,1058.5091627094855,496.2392993790711,18.98929882266856
URY,3544,741.4766419281259,918.3949925261584,561.5933670769273,356.8016254492312,24.108407551591885
URY,4554,351.4563263685451,361.738837688844,341.4291055664989,20.30973212234511,2.8883188315326818
URY,55plus,388.01297725276004,447.47937318706965,332.9502423411532,114.52913084591648,14.675138996153938
USA,1014,0.003751556713330348,0.0036481289599373,0.0038610201236368,-0.0002128911636994,-2.8350903854763496
USA,2024,21.64506450347358,26.15095305225703,16.849278981108892,9.301674071148138,21.63168343819756
USA,2534,14.375944926212975,16.74922922810443,11.833049052112417,4.916180175992013,17.200099053666882
USA,3544,7.312881739721253,8.722702935304248,5.813772963850656,2.908929971453592,20.011246134441052
USA,4554,3.7336131337221303,3.706753287261641,3.761612241256023,-0.0548589539943815,-0.7345510042981263
USA,55plus,3.5608351122087925,3.9440409341757015,3.1767294097692824,0.767311524406419,10.775681384794108
ZAF,1014,154.00625674709968,0.0140224283055979,308.9226006428024,-308.9085782144968,-99.99092213272338
ZAF,2024,94.23983104346371,116.47343540029648,71.43666475848319,45.03677064181329,23.967189950810663
ZAF,2534,58.30930410135703,70.77258564176809,46.01857868913401,24.75400695263408,21.19510246725432
ZAF,3544,32.254557387476936,40.73582406480092,23.893019683360592,16.842804381440324,26.06081650953171
ZAF,4554,22.505691705256268,23.511591989210025,21.55826208024942,1.9533299089606049,4.334005399596432
ZAF,55plus,30.576849287644723,38.3562012223257,24.414622351346928,13.941578870978772,22.21028509306696
