country_code,bucket,pop_male,pop_female
ABW,2024,3558.0,3330.0
ABW,2534,6098.0,6023.0
ABW,3544,6371.0,7118.0
ABW,4554,6585.0,8088.0
ABW,55plus,7544.0,9030.0
AFE,2024,36807912.0,36825828.0
AFE,2534,58224069.0,59181255.0
AFE,3544,40697347.0,42216205.0
AFE,4554,25913152.0,27862894.0
AFE,55plus,15654201.0,18138555.0
AFG,2024,2224214.0,2128453.0
AFG,2534,3386559.0,3313136.0
AFG,3544,2028002.0,2006280.0
AFG,4554,1303661.0,1321434.0
AFG,55plus,715867.0,820783.0
AFW,2024,25365659.0,24624732.0
AFW,2534,38223269.0,37521891.0
AFW,3544,27634367.0,27437860.0
AFW,4554,18592949.0,18586432.0
AFW,55plus,10892497.0,11433829.0
AGO,2024,1679555.0,1689138.0
AGO,2534,2574013.0,2625561.0
AGO,3544,1883239.0,1955954.0
AGO,4554,1196161.0,1299671.0
AGO,55plus,744278.0,862604.0
ALB,2024,91242.0,84238.0
ALB,2534,219768.0,215181.0
ALB,3544,184018.0,176252.0
ALB,4554,139430.0,162765.0
ALB,55plus,162895.0,184506.0
AND,2024,2426.0,2274.0
AND,2534,5710.0,5052.0
AND,3544,6198.0,5949.0
AND,4554,7363.0,7177.0
AND,55plus,6713.0,6271.0
ARB,2024,21774858.0,20317383.0
ARB,2534,42765994.0,37158830.0
ARB,3544,36830053.0,31830883.0
ARB,4554,25129271.0,22826456.0
ARB,55plus,15840417.0,15576483.0
ARE,2024,569461.0,349119.0
ARE,2534,2180748.0,1010799.0
ARE,3544,1789489.0,855313.0
ARE,4554,902422.0,387986.0
ARE,55plus,379735.0,219943.0
ARG,2024,1769979.0,1691544.0
ARG,2534,3551384.0,3424348.0
ARG,3544,3276307.0,3196210.0
ARG,4554,2835394.0,2825516.0
ARG,55plus,2077631.0,2179699.0
ARM,2024,87821.0,88101.0
ARM,2534,202363.0,210362.0
ARM,3544,223208.0,251280.0
ARM,4554,158911.0,193315.0
ARM,55plus,151277.0,204613.0
ASM,2024,2050.0,1866.0
ASM,2534,2495.0,2513.0
ASM,3544,2764.0,2651.0
ASM,4554,2970.0,2871.0
ASM,55plus,2614.0,2522.0
ATG,2024,3307.0,3226.0
ATG,2534,7073.0,7182.0
ATG,3544,6631.0,7123.0
ATG,4554,5933.0,6813.0
ATG,55plus,5490.0,6789.0
AUS,2024,839300.0,796406.0
AUS,2534,1917527.0,1866078.0
AUS,3544,1917861.0,1948653.0
AUS,4554,1658434.0,1702178.0
AUS,55plus,1527408.0,1599401.0
AUT,2024,239869.0,227858.0
AUT,2534,590235.0,561590.0
AUT,3544,633253.0,618578.0
AUT,4554,596757.0,601821.0
AUT,55plus,690794.0,700465.0
AZE,2024,343570.0,312059.0
AZE,2534,780854.0,814482.0
AZE,3544,836349.0,875976.0
AZE,4554,593989.0,640511.0
AZE,55plus,535285.0,642342.0
BDI,2024,626835.0,629600.0
BDI,2534,908668.0,920894.0
BDI,3544,771415.0,797595.0
BDI,4554,432859.0,455081.0
BDI,55plus,214766.0,236650.0
BEL,2024,348596.0,332792.0
BEL,2534,737309.0,727246.0
BEL,3544,765320.0,768467.0
BEL,4554,768275.0,758759.0
BEL,55plus,794204.0,790224.0
BEN,2024,678470.0,659270.0
BEN,2534,1082312.0,1060276.0
BEN,3544,763351.0,769215.0
BEN,4554,490366.0,512555.0
BEN,55plus,307310.0,334282.0
BFA,2024,1147153.0,1125411.0
BFA,2534,1729026.0,1731462.0
BFA,3544,1233916.0,1261573.0
BFA,4554,762164.0,819476.0
BFA,55plus,420762.0,507962.0
BGD,2024,7692709.0,8612787.0
BGD,2534,13028043.0,15720846.0
BGD,3544,11629997.0,12757105.0
BGD,4554,8529794.0,8545076.0
BGD,55plus,6044164.0,5893279.0
BGR,2024,154579.0,145771.0
BGR,2534,336695.0,319468.0
BGR,3544,467353.0,440532.0
BGR,4554,500983.0,481522.0
BGR,55plus,418514.0,440246.0
BHR,2024,68725.0,42445.0
BHR,2534,225797.0,121078.0
BHR,3544,279596.0,116529.0
BHR,4554,146449.0,75399.0
BHR,55plus,66067.0,46240.0
BHS,2024,14222.0,14442.0
BHS,2534,31633.0,33370.0
BHS,3544,27658.0,30809.0
BHS,4554,25477.0,28639.0
BHS,55plus,22515.0,25934.0
BIH,2024,87168.0,80210.0
BIH,2534,175606.0,156125.0
BIH,3544,214641.0,204045.0
BIH,4554,231300.0,244108.0
BIH,55plus,218020.0,246405.0
BLR,2024,221269.0,209342.0
BLR,2534,535411.0,509978.0
BLR,3544,745993.0,733215.0
BLR,4554,604845.0,663283.0
BLR,55plus,544392.0,687448.0
BLZ,2024,20136.0,19415.0
BLZ,2534,39540.0,37923.0
BLZ,3544,30958.0,30697.0
BLZ,4554,21571.0,22277.0
BLZ,55plus,14376.0,14950.0
BMU,2024,1718.0,1607.0
BMU,2534,3315.0,3450.0
BMU,3544,4120.0,4257.0
BMU,4554,4910.0,4535.0
BMU,55plus,5064.0,4977.0
BOL,2024,570400.0,557241.0
BOL,2534,1059440.0,1045102.0
BOL,3544,845312.0,834288.0
BOL,4554,610544.0,613046.0
BOL,55plus,406697.0,424884.0
BRA,2024,7838493.0,7627791.0
BRA,2534,16239229.0,16098852.0
BRA,3544,16433230.0,16709271.0
BRA,4554,13925202.0,14620117.0
BRA,55plus,10943391.0,11994270.0
BRB,2024,9329.0,9099.0
BRB,2534,18339.0,18423.0
BRB,3544,18115.0,19023.0
BRB,4554,17999.0,19699.0
BRB,55plus,17497.0,20421.0
BRN,2024,18600.0,17039.0
BRN,2534,44663.0,35827.0
BRN,3544,44802.0,34647.0
BRN,4554,34934.0,30431.0
BRN,55plus,22343.0,21602.0
BTN,2024,37996.0,35393.0
BTN,2534,84925.0,69162.0
BTN,3544,77514.0,62190.0
BTN,4554,49430.0,40426.0
BTN,55plus,30779.0,27208.0
BWA,2024,122839.0,122883.0
BWA,2534,242844.0,242845.0
BWA,3544,165705.0,161424.0
BWA,4554,100720.0,104030.0
BWA,55plus,63329.0,68722.0
CAF,2024,272479.0,290999.0
CAF,2534,326079.0,388841.0
CAF,3544,149314.0,206712.0
CAF,4554,91330.0,127880.0
CAF,55plus,70097.0,109786.0
CAN,2024,1256363.0,1215737.0
CAN,2534,2981873.0,2795921.0
CAN,3544,2850448.0,2810293.0
CAN,4554,2494459.0,2545411.0
CAN,55plus,2595347.0,2657093.0
CEB,2024,2479067.0,2363736.0
CEB,2534,5792155.0,5491398.0
CEB,3544,7439037.0,7077859.0
CEB,4554,7596380.0,7442613.0
CEB,55plus,5967048.0,6376577.0
CHE,2024,235041.0,221470.0
CHE,2534,566308.0,541350.0
CHE,3544,645772.0,632669.0
CHE,4554,614208.0,609043.0
CHE,55plus,648075.0,644538.0
CHI,2024,4643.0,4488.0
CHI,2534,10324.0,9855.0
CHI,3544,11467.0,11273.0
CHI,4554,11666.0,11922.0
CHI,55plus,12761.0,13161.0
CHL,2024,657857.0,638301.0
CHL,2534,1599490.0,1564641.0
CHL,3544,1537659.0,1509754.0
CHL,4554,1316562.0,1312981.0
CHL,55plus,1135268.0,1180044.0
CHN,2024,42180291.0,36004354.0
CHN,2534,95737610.0,84188048.0
CHN,3544,115015122.0,107188260.0
CHN,4554,104255455.0,101497634.0
CHN,55plus,103251276.0,105438044.0
CIV,2024,1504123.0,1388637.0
CIV,2534,2285865.0,2265354.0
CIV,3544,1916443.0,1950929.0
CIV,4554,1307610.0,1134380.0
CIV,55plus,683013.0,620277.0
CMR,2024,1359638.0,1359719.0
CMR,2534,2167236.0,2184936.0
CMR,3544,1600039.0,1623698.0
CMR,4554,1010863.0,1041472.0
CMR,55plus,564749.0,608021.0
COD,2024,4845048.0,4890373.0
COD,2534,7485641.0,7606216.0
COD,3544,4920085.0,5043024.0
COD,4554,3146102.0,3304220.0
COD,55plus,2122045.0,2320375.0
COG,2024,282137.0,280068.0
COG,2534,436634.0,435017.0
COG,3544,353849.0,354350.0
COG,4554,261640.0,265490.0
COG,55plus,154915.0,165607.0
COL,2024,2175030.0,2121962.0
COL,2534,4581800.0,4572201.0
COL,3544,3942116.0,3995975.0
COL,4554,3148316.0,3305573.0
COL,55plus,2648032.0,2890440.0
COM,2024,40657.0,38961.0
COM,2534,61156.0,63677.0
COM,3544,52046.0,51824.0
COM,4554,38104.0,36031.0
COM,55plus,23226.0,22799.0
CPV,2024,22889.0,20326.0
CPV,2534,46762.0,42533.0
CPV,3544,43006.0,39806.0
CPV,4554,27865.0,25260.0
CPV,55plus,20714.0,21811.0
CRI,2024,188626.0,181283.0
CRI,2534,408969.0,397302.0
CRI,3544,402239.0,400163.0
CRI,4554,311666.0,331294.0
CRI,55plus,271371.0,298188.0
CSS,2024,128089.0,124977.0
CSS,2534,256812.0,257094.0
CSS,3544,210937.0,219245.0
CSS,4554,180359.0,191199.0
CSS,55plus,152510.0,166848.0
CUB,2024,326080.0,311856.0
CUB,2534,706384.0,667641.0
CUB,3544,738481.0,707216.0
CUB,4554,774323.0,791664.0
CUB,55plus,873158.0,948966.0
CUW,2024,5118.0,4619.0
CUW,2534,13545.0,11291.0
CUW,3544,9810.0,9333.0
CUW,4554,8377.0,9968.0
CUW,55plus,8804.0,11536.0
CYM,2024,1974.0,1994.0
CYM,2534,5617.0,5550.0
CYM,3544,7190.0,6977.0
CYM,4554,6726.0,6417.0
CYM,55plus,5023.0,4944.0
CYP,2024,37960.0,36411.0
CYP,2534,104053.0,96692.0
CYP,3544,134969.0,119106.0
CYP,4554,94402.0,97709.0
CYP,55plus,75872.0,80279.0
CZE,2024,271699.0,260000.0
CZE,2534,601844.0,565834.0
CZE,3544,748684.0,699395.0
CZE,4554,886819.0,841210.0
CZE,55plus,649612.0,648746.0
DEU,2024,2084525.0,1950436.0
DEU,2534,4984372.0,4580196.0
DEU,3544,5511583.0,5285695.0
DEU,4554,5060644.0,5041698.0
DEU,55plus,6503530.0,6562654.0
DJI,2024,58557.0,58138.0
DJI,2534,96653.0,97122.0
DJI,3544,76700.0,78524.0
DJI,4554,60738.0,64166.0
DJI,55plus,37555.0,41340.0
DMA,2024,2164.0,2184.0
DMA,2534,5167.0,5093.0
DMA,3544,4963.0,4876.0
DMA,4554,4183.0,3999.0
DMA,55plus,4343.0,4264.0
DNK,2024,188497.0,181669.0
DNK,2534,413938.0,398620.0
DNK,3544,359179.0,349786.0
DNK,4554,378753.0,380507.0
DNK,55plus,394472.0,395944.0
DOM,2024,489525.0,472116.0
DOM,2534,918855.0,898684.0
DOM,3544,774906.0,774927.0
DOM,4554,622262.0,641165.0
DOM,55plus,470565.0,514069.0
DZA,2024,1518850.0,1460841.0
DZA,2534,3276483.0,3091191.0
DZA,3544,3751934.0,3549669.0
DZA,4554,2902978.0,2760633.0
DZA,55plus,1966482.0,1885826.0
EAP,2024,71270080.0,63988052.0
EAP,2534,153632015.0,140034441.0
EAP,3544,169687559.0,160493021.0
EAP,4554,149507175.0,147245476.0
EAP,55plus,137732515.0,142688670.0
EAR,2024,159219177.0,150977948.0
EAR,2534,296666118.0,282718734.0
EAR,3544,258237192.0,248282748.0
EAR,4554,194029347.0,190991792.0
EAR,55plus,136160359.0,139956758.0
EAS,2024,77944203.0,70242826.0
EAS,2534,168617742.0,154099979.0
EAS,3544,185540786.0,176045103.0
EAS,4554,167684179.0,165504726.0
EAS,55plus,154667483.0,159844485.0
ECA,2024,8306693.0,8013515.0
ECA,2534,18487424.0,18011242.0
ECA,3544,19068870.0,18890054.0
ECA,4554,15239796.0,16018839.0
ECA,55plus,12489387.0,14033731.0
ECS,2024,26845391.0,25636529.0
ECS,2534,58464097.0,56210837.0
ECS,3544,65936801.0,65496788.0
ECS,4554,61202916.0,63103299.0
ECS,55plus,56154854.0,61412388.0
ECU,2024,789221.0,762816.0
ECU,2534,1530768.0,1503416.0
ECU,3544,1310527.0,1311486.0
ECU,4554,1012585.0,1038963.0
ECU,55plus,726332.0,772992.0
EGY,2024,5042469.0,4848741.0
EGY,2534,9084764.0,8691107.0
EGY,3544,8140037.0,7945153.0
EGY,4554,5975901.0,5797744.0
EGY,55plus,4054198.0,4160093.0
EMU,2024,9748176.0,9215904.0
EMU,2534,20411420.0,19380005.0
EMU,3544,22213753.0,21968169.0
EMU,4554,23895179.0,23980510.0
EMU,55plus,24789272.0,25789284.0
ERI,2024,188016.0,186181.0
ERI,2534,268032.0,265944.0
ERI,3544,158861.0,165032.0
ERI,4554,118202.0,135479.0
ERI,55plus,82211.0,99991.0
ESP,2024,1316716.0,1245750.0
ESP,2534,2621150.0,2535200.0
ESP,3544,3162322.0,3133224.0
ESP,4554,4020627.0,3927757.0
ESP,55plus,3536348.0,3649198.0
EST,2024,33269.0,31724.0
EST,2534,74925.0,69658.0
EST,3544,105094.0,96063.0
EST,4554,93916.0,90913.0
EST,55plus,80074.0,88913.0
ETH,2024,6855759.0,6757098.0
ETH,2534,10750422.0,10659598.0
ETH,3544,6797601.0,6808016.0
ETH,4554,4390173.0,4625697.0
ETH,55plus,2816032.0,3196310.0
EUU,2024,12295106.0,11640385.0
EUU,2534,26295998.0,24965690.0
EUU,3544,29460062.0,28889399.0
EUU,4554,31277614.0,31216195.0
EUU,55plus,30691391.0,31986038.0
FCS,2024,51654569.0,50515709.0
FCS,2534,80607412.0,79782414.0
FCS,3544,58671024.0,59311296.0
FCS,4554,40477749.0,42510968.0
FCS,55plus,26122713.0,28984224.0
FIN,2024,161454.0,153381.0
FIN,2534,355432.0,333025.0
FIN,3544,377436.0,352895.0
FIN,4554,342108.0,327799.0
FIN,55plus,354460.0,358713.0
FJI,2024,37175.0,37826.0
FJI,2534,72333.0,72335.0
FJI,3544,68059.0,68033.0
FJI,4554,51160.0,50991.0
FJI,55plus,39216.0,41303.0
FRA,2024,2192279.0,2084824.0
FRA,2534,3943909.0,3895621.0
FRA,3544,4026014.0,4204429.0
FRA,4554,4281636.0,4374865.0
FRA,55plus,4174183.0,4481437.0
FRO,2024,2055.0,1885.0
FRO,2534,3610.0,3105.0
FRO,3544,3666.0,3308.0
FRO,4554,3589.0,3096.0
FRO,55plus,3463.0,3184.0
FSM,2024,5433.0,5367.0
FSM,2534,9655.0,9351.0
FSM,3544,6019.0,5905.0
FSM,4554,4464.0,4888.0
FSM,55plus,3645.0,4425.0
GAB,2024,106790.0,106096.0
GAB,2534,193992.0,186502.0
GAB,3544,180034.0,162352.0
GAB,4554,120721.0,109265.0
GAB,55plus,68180.0,66425.0
GBR,2024,2061253.0,1957753.0
GBR,2534,4644573.0,4444439.0
GBR,3544,4514570.0,4593123.0
GBR,4554,4263887.0,4360763.0
GBR,55plus,4199397.0,4564101.0
GEO,2024,105929.0,99615.0
GEO,2534,235149.0,233036.0
GEO,3544,261701.0,278422.0
GEO,4554,212987.0,247549.0
GEO,55plus,192286.0,254664.0
GHA,2024,1601918.0,1582978.0
GHA,2534,2639795.0,2625435.0
GHA,3544,2154122.0,2162856.0
GHA,4554,1485798.0,1529742.0
GHA,55plus,944433.0,1017747.0
GIB,2024,1306.0,1285.0
GIB,2534,2771.0,2678.0
GIB,3544,2678.0,2687.0
GIB,4554,2619.0,2599.0
GIB,55plus,2403.0,2457.0
GIN,2024,715924.0,701228.0
GIN,2534,1181688.0,1173422.0
GIN,3544,722047.0,771093.0
GIN,4554,415186.0,497313.0
GIN,55plus,285039.0,349053.0
GMB,2024,132595.0,131072.0
GMB,2534,216768.0,217022.0
GMB,3544,142759.0,144999.0
GMB,4554,86419.0,91028.0
GMB,55plus,62725.0,72304.0
GNB,2024,106902.0,105840.0
GNB,2534,171625.0,171876.0
GNB,3544,125202.0,127560.0
GNB,4554,80169.0,88058.0
GNB,55plus,40077.0,51687.0
GNQ,2024,80367.0,74270.0
GNQ,2534,146852.0,126568.0
GNQ,3544,147470.0,109386.0
GNQ,4554,97077.0,70019.0
GNQ,55plus,57174.0,49344.0
GRC,2024,275038.0,249384.0
GRC,2534,534615.0,486979.0
GRC,3544,628283.0,627371.0
GRC,4554,768642.0,794509.0
GRC,55plus,696290.0,780361.0
GRD,2024,4142.0,4012.0
GRD,2534,9546.0,9188.0
GRD,3544,9955.0,9872.0
GRD,4554,6475.0,6089.0
GRD,55plus,6158.0,6114.0
GRL,2024,0.0,0.0
GRL,2534,0.0,0.0
GRL,3544,0.0,0.0
GRL,4554,0.0,0.0
GRL,55plus,0.0,0.0
GTM,2024,939890.0,923662.0
GTM,2534,1654228.0,1643694.0
GTM,3544,1194805.0,1214797.0
GTM,4554,727927.0,799820.0
GTM,55plus,435724.0,532811.0
GUM,2024,5900.0,5534.0
GUM,2534,11967.0,10664.0
GUM,3544,9776.0,9273.0
GUM,4554,9299.0,9405.0
GUM,55plus,9555.0,9509.0
GUY,2024,35306.0,34116.0
GUY,2534,69515.0,71839.0
GUY,3544,44388.0,50539.0
GUY,4554,40590.0,46200.0
GUY,55plus,32410.0,37536.0
HIC,2024,42364094.0,39386825.0
HIC,2534,94146175.0,84948766.0
HIC,3544,101543450.0,94682136.0
HIC,4554,95132181.0,93064858.0
HIC,55plus,88361552.0,91515256.0
HKG,2024,131946.0,131304.0
HKG,2534,409750.0,462046.0
HKG,3544,464532.0,695915.0
HKG,4554,466678.0,698599.0
HKG,55plus,531123.0,672661.0
HND,2024,541533.0,518665.0
HND,2534,970432.0,938480.0
HND,3544,752499.0,738369.0
HND,4554,516387.0,524156.0
HND,55plus,289647.0,322751.0
HPC,2024,45535738.0,45081791.0
HPC,2534,70977526.0,71213885.0
HPC,3544,48120409.0,49454452.0
HPC,4554,31066194.0,32650273.0
HPC,55plus,18596004.0,20782483.0
HRV,2024,99291.0,93885.0
HRV,2534,215795.0,204018.0
HRV,3544,251453.0,243260.0
HRV,4554,266011.0,264534.0
HRV,55plus,261156.0,281732.0
HTI,2024,551436.0,550365.0
HTI,2534,992981.0,1001167.0
HTI,3544,783775.0,799074.0
HTI,4554,539888.0,561620.0
HTI,55plus,340678.0,377554.0
HUN,2024,258712.0,244073.0
HUN,2534,594399.0,557183.0
HUN,3544,641074.0,610664.0
HUN,4554,780998.0,772498.0
HUN,55plus,560855.0,612052.0
IBD,2024,0.0,0.0
IBD,2534,0.0,0.0
IBD,3544,0.0,0.0
IBD,4554,0.0,0.0
IBD,55plus,0.0,0.0
IBT,2024,282995433.0,267173836.0
IBT,2534,532570268.0,507799154.0
IBT,3544,494812546.0,480729762.0
IBT,4554,391017625.0,391010614.0
IBT,55plus,307726132.0,322899730.0
IDA,2024,0.0,0.0
IDA,2534,0.0,0.0
IDA,3544,0.0,0.0
IDA,4554,0.0,0.0
IDA,55plus,0.0,0.0
IDB,2024,0.0,0.0
IDB,2534,0.0,0.0
IDB,3544,0.0,0.0
IDB,4554,0.0,0.0
IDB,55plus,0.0,0.0
IDN,2024,11293209.0,10740582.0
IDN,2534,22138771.0,21129290.0
IDN,3544,21170774.0,20386649.0
IDN,4554,18491770.0,18391102.0
IDN,55plus,13448916.0,14145692.0
IDX,2024,0.0,0.0
IDX,2534,0.0,0.0
IDX,3544,0.0,0.0
IDX,4554,0.0,0.0
IDX,55plus,0.0,0.0
IMN,2024,2355.0,2114.0
IMN,2534,4578.0,4451.0
IMN,3544,4831.0,5143.0
IMN,4554,5606.0,5807.0
IMN,55plus,6468.0,6486.0
IND,2024,68036933.0,61765368.0
IND,2534,128269257.0,116951748.0
IND,3544,111624698.0,103586498.0
IND,4554,84668459.0,80690780.0
IND,55plus,60017269.0,59376083.0
INX,2024,0.0,0.0
INX,2534,0.0,0.0
INX,3544,0.0,0.0
INX,4554,0.0,0.0
INX,55plus,0.0,0.0
IRL,2024,181715.0,175868.0
IRL,2534,329170.0,322091.0
IRL,3544,363455.0,388299.0
IRL,4554,388711.0,400950.0
IRL,55plus,310927.0,319581.0
IRN,2024,3000272.0,2866815.0
IRN,2534,6902121.0,6658803.0
IRN,3544,8999936.0,8689018.0
IRN,4554,6236098.0,5970306.0
IRN,55plus,4167389.0,4145912.0
IRQ,2024,2208780.0,2115100.0
IRQ,2534,3761704.0,3654815.0
IRQ,3544,2686226.0,2684373.0
IRQ,4554,1947885.0,2013426.0
IRQ,55plus,1143645.0,1319933.0
ISL,2024,13448.0,13050.0
ISL,2534,33349.0,30610.0
ISL,3544,31188.0,27131.0
ISL,4554,25632.0,23716.0
ISL,55plus,22035.0,22003.0
ISR,2024,388498.0,372781.0
ISR,2534,676037.0,653389.0
ISR,3544,605957.0,604836.0
ISR,4554,540289.0,551795.0
ISR,55plus,402842.0,425553.0
ITA,2024,1559724.0,1465379.0
ITA,2534,3255173.0,3013520.0
ITA,3544,3461335.0,3405962.0
ITA,4554,4366674.0,4403431.0
ITA,55plus,4509966.0,4720643.0
JAM,2024,117169.0,113282.0
JAM,2534,262125.0,254183.0
JAM,3544,232128.0,226722.0
JAM,4554,178110.0,182679.0
JAM,55plus,133806.0,157903.0
JOR,2024,499242.0,492984.0
JOR,2534,965522.0,883985.0
JOR,3544,810365.0,715582.0
JOR,4554,617121.0,550310.0
JOR,55plus,421845.0,377838.0
JPN,2024,3136998.0,2986343.0
JPN,2534,6194414.0,5953869.0
JPN,3544,6981661.0,6787158.0
JPN,4554,9259254.0,9116671.0
JPN,55plus,8183770.0,8036868.0
KAZ,2024,643748.0,618716.0
KAZ,2534,1375828.0,1338288.0
KAZ,3544,1496148.0,1496632.0
KAZ,4554,1105995.0,1204856.0
KAZ,55plus,878789.0,1052580.0
KEN,2024,2836210.0,2900422.0
KEN,2534,4374464.0,4589867.0
KEN,3544,3385955.0,3330779.0
KEN,4554,2165767.0,2135874.0
KEN,55plus,1248806.0,1324462.0
KGZ,2024,268369.0,267978.0
KGZ,2534,543576.0,556942.0
KGZ,3544,481752.0,495016.0
KGZ,4554,346273.0,364954.0
KGZ,55plus,267742.0,311054.0
KHM,2024,719794.0,714325.0
KHM,2534,1328421.0,1382721.0
KHM,3544,1302570.0,1346169.0
KHM,4554,804147.0,851486.0
KHM,55plus,621650.0,726479.0
KIR,2024,5388.0,5323.0
KIR,2534,10814.0,11351.0
KIR,3544,8207.0,9133.0
KIR,4554,5182.0,5979.0
KIR,55plus,4144.0,5120.0
KNA,2024,1490.0,1605.0
KNA,2534,3421.0,3715.0
KNA,3544,3572.0,4024.0
KNA,4554,3072.0,3314.0
KNA,55plus,2737.0,2913.0
KOR,2024,1407244.0,1292288.0
KOR,2534,3761187.0,3320203.0
KOR,3544,3708323.0,3409962.0
KOR,4554,4149582.0,4025828.0
KOR,55plus,4191824.0,4233539.0
KWT,2024,138302.0,119848.0
KWT,2534,636324.0,333489.0
KWT,3544,816745.0,425275.0
KWT,4554,542936.0,287548.0
KWT,55plus,247661.0,136415.0
LAC,2024,24280340.0,23664336.0
LAC,2534,47886303.0,47775951.0
LAC,3544,43306235.0,44674570.0
LAC,4554,35326557.0,37826320.0
LAC,55plus,27203292.0,30162756.0
LAO,2024,359264.0,350750.0
LAO,2534,681388.0,670681.0
LAO,3544,554038.0,542368.0
LAO,4554,370856.0,369646.0
LAO,55plus,242354.0,262263.0
LBN,2024,253410.0,227905.0
LBN,2534,381295.0,410512.0
LBN,3544,328060.0,374605.0
LBN,4554,295621.0,344876.0
LBN,55plus,277118.0,315586.0
LBR,2024,275984.0,271841.0
LBR,2534,404748.0,404386.0
LBR,3544,300012.0,305227.0
LBR,4554,204449.0,214959.0
LBR,55plus,123568.0,139588.0
LBY,2024,319537.0,303076.0
LBY,2534,551404.0,526575.0
LBY,3544,551237.0,523747.0
LBY,4554,515426.0,494866.0
LBY,55plus,294826.0,302521.0
LCA,2024,6827.0,6562.0
LCA,2534,15968.0,15495.0
LCA,3544,14069.0,14254.0
LCA,4554,12049.0,12390.0
LCA,55plus,10211.0,11053.0
LCN,2024,26710372.0,25980259.0
LCN,2534,52388597.0,52161875.0
LCN,3544,47577247.0,49026530.0
LCN,4554,39180792.0,41847027.0
LCN,55plus,30476290.0,33710543.0
LDC,2024,56282283.0,56851155.0
LDC,2534,89440687.0,92855414.0
LDC,3544,64384006.0,67370121.0
LDC,4554,43191190.0,45363478.0
LDC,55plus,27491560.0,30100813.0
LIC,2024,36786272.0,36407992.0
LIC,2534,57099278.0,57139067.0
LIC,3544,38027281.0,38961924.0
LIC,4554,25003476.0,26446907.0
LIC,55plus,15840150.0,17780423.0
LIE,2024,1109.0,1070.0
LIE,2534,2407.0,2405.0
LIE,3544,2581.0,2582.0
LIE,4554,2742.0,2776.0
LIE,55plus,3113.0,3213.0
LKA,2024,836957.0,817169.0
LKA,2534,1555947.0,1558165.0
LKA,3544,1451780.0,1567175.0
LKA,4554,1336886.0,1443168.0
LKA,55plus,1101829.0,1260487.0
LMC,2024,143516977.0,136571038.0
LMC,2534,256295643.0,246160088.0
LMC,3544,216349580.0,209547465.0
LMC,4554,159160654.0,156297308.0
LMC,55plus,110355029.0,112812106.0
LMY,2024,276783029.0,261236046.0
LMY,2534,519600033.0,495235449.0
LMY,3544,476763754.0,462519338.0
LMY,4554,375836437.0,374703598.0
LMY,55plus,295841409.0,308609739.0
LSO,2024,111924.0,112336.0
LSO,2534,197446.0,203053.0
LSO,3544,162314.0,173601.0
LSO,4554,77139.0,84229.0
LSO,55plus,42838.0,55900.0
LTE,2024,73451446.0,65787083.0
LTE,2534,164172897.0,148769762.0
LTE,3544,188296904.0,178441569.0
LTE,4554,164435615.0,163416253.0
LTE,55plus,151602861.0,159481124.0
LTU,2024,75148.0,72752.0
LTU,2534,198806.0,182747.0
LTU,3544,205335.0,181909.0
LTU,4554,183634.0,184351.0
LTU,55plus,181564.0,214728.0
LUX,2024,19458.0,18105.0
LUX,2534,51750.0,48870.0
LUX,3544,53701.0,52544.0
LUX,4554,48957.0,47480.0
LUX,55plus,46091.0,43404.0
LVA,2024,45682.0,43405.0
LVA,2534,100100.0,93203.0
LVA,3544,136272.0,130398.0
LVA,4554,121199.0,128522.0
LVA,55plus,113810.0,137521.0
MAC,2024,15531.0,18818.0
MAC,2534,48107.0,57228.0
MAC,3544,58129.0,68913.0
MAC,4554,41849.0,54130.0
MAC,55plus,36464.0,51993.0
MAF,2024,658.0,631.0
MAF,2534,765.0,990.0
MAF,3544,1179.0,1589.0
MAF,4554,1429.0,1805.0
MAF,55plus,1802.0,2063.0
MAR,2024,1510520.0,1438990.0
MAR,2534,2944953.0,2812845.0
MAR,3544,2804584.0,2750550.0
MAR,4554,2253637.0,2264311.0
MAR,55plus,1701598.0,1767288.0
MCO,2024,908.0,876.0
MCO,2534,1874.0,1793.0
MCO,3544,1717.0,1769.0
MCO,4554,1655.0,1876.0
MCO,55plus,2565.0,2642.0
MDA,2024,60303.0,61173.0
MDA,2534,133620.0,140105.0
MDA,3544,183417.0,192241.0
MDA,4554,139284.0,164426.0
MDA,55plus,125309.0,167364.0
MDG,2024,1553488.0,1533959.0
MDG,2534,2530140.0,2511154.0
MDG,3544,1684728.0,1685069.0
MDG,4554,1186970.0,1208441.0
MDG,55plus,718432.0,754230.0
MDV,2024,17332.0,12881.0
MDV,2534,82327.0,35670.0
MDV,3544,83332.0,39175.0
MDV,4554,38936.0,23103.0
MDV,55plus,19371.0,15830.0
MEA,2024,21567895.0,19983831.0
MEA,2534,44758710.0,38783668.0
MEA,3544,42897965.0,37258976.0
MEA,4554,29674642.0,26735328.0
MEA,55plus,18911867.0,18432090.0
MEX,2024,5598363.0,5502324.0
MEX,2534,10370957.0,10649238.0
MEX,3544,8718110.0,9707153.0
MEX,4554,7065494.0,8389238.0
MEX,55plus,5385968.0,6382383.0
MHL,2024,1760.0,1537.0
MHL,2534,1595.0,1576.0
MHL,3544,2197.0,2252.0
MHL,4554,1981.0,1959.0
MHL,55plus,1358.0,1318.0
MIC,2024,239996757.0,224828054.0
MIC,2534,462500755.0,438096382.0
MIC,3544,438736473.0,423557414.0
MIC,4554,350832961.0,348256691.0
MIC,55plus,280001259.0,290829316.0
MKD,2024,51975.0,50969.0
MKD,2534,113845.0,111026.0
MKD,3544,124639.0,125501.0
MKD,4554,122361.0,127511.0
MKD,55plus,117255.0,126234.0
MLI,2024,1169862.0,1139802.0
MLI,2534,1653392.0,1608813.0
MLI,3544,1181038.0,1144969.0
MLI,4554,756867.0,741212.0
MLI,55plus,389505.0,402240.0
MLT,2024,14050.0,12651.0
MLT,2534,47836.0,39104.0
MLT,3544,53602.0,44597.0
MLT,4554,41377.0,35766.0
MLT,55plus,32003.0,29960.0
MMR,2024,2281959.0,2199642.0
MMR,2534,4393684.0,4289390.0
MMR,3544,4075184.0,4042912.0
MMR,4554,3344742.0,3428880.0
MMR,55plus,2421099.0,2665748.0
MNA,2024,18458896.0,17736187.0
MNA,2534,34730633.0,33454830.0
MNA,3544,33227220.0,32423817.0
MNA,4554,24285978.0,23860555.0
MNA,55plus,16301037.0,16744296.0
MNE,2024,18706.0,18101.0
MNE,2534,36780.0,35698.0
MNE,3544,40630.0,40792.0
MNE,4554,38352.0,42178.0
MNE,55plus,36000.0,40602.0
MNG,2024,115292.0,107730.0
MNG,2534,251380.0,239066.0
MNG,3544,272265.0,266121.0
MNG,4554,198007.0,205863.0
MNG,55plus,131030.0,159349.0
MNP,2024,1558.0,1375.0
MNP,2534,2109.0,1793.0
MNP,3544,2647.0,2281.0
MNP,4554,3594.0,3232.0
MNP,55plus,3779.0,3368.0
MOZ,2024,1632663.0,1658369.0
MOZ,2534,2494933.0,2617117.0
MOZ,3544,1568011.0,1786580.0
MOZ,4554,932450.0,1144970.0
MOZ,55plus,497144.0,671018.0
MRT,2024,234995.0,243075.0
MRT,2534,353678.0,384060.0
MRT,3544,243491.0,275562.0
MRT,4554,161192.0,187783.0
MRT,55plus,105073.0,120221.0
MUS,2024,46215.0,45575.0
MUS,2534,103392.0,95070.0
MUS,3544,98282.0,89841.0
MUS,4554,88989.0,87332.0
MUS,55plus,79291.0,82085.0
MWI,2024,1088128.0,1111683.0
MWI,2534,1636184.0,1729288.0
MWI,3544,1120893.0,1299406.0
MWI,4554,680524.0,687510.0
MWI,55plus,314913.0,421626.0
MYS,2024,1648275.0,1486213.0
MYS,2534,3442245.0,2897670.0
MYS,3544,3219642.0,2742382.0
MYS,4554,2205854.0,1984388.0
MYS,55plus,1517021.0,1491136.0
NAC,2024,12845326.0,12104160.0
NAC,2534,26479493.0,24726602.0
NAC,3544,26620997.0,25165440.0
NAC,4554,23370464.0,22571813.0
NAC,55plus,23213407.0,23226774.0
NAM,2024,130247.0,128078.0
NAM,2534,251970.0,259074.0
NAM,3544,183379.0,193981.0
NAM,4554,122278.0,127651.0
NAM,55plus,68774.0,85243.0
NCL,2024,10771.0,10796.0
NCL,2534,19999.0,20263.0
NCL,3544,20888.0,21602.0
NCL,4554,19122.0,20369.0
NCL,55plus,16273.0,16894.0
NER,2024,1316040.0,1267551.0
NER,2534,1858489.0,1784050.0
NER,3544,1192923.0,1137514.0
NER,4554,789200.0,757908.0
NER,55plus,499120.0,499815.0
NGA,2024,11610583.0,11187791.0
NGA,2534,16998814.0,16420743.0
NGA,3544,12236486.0,11920962.0
NGA,4554,8457920.0,8354606.0
NGA,55plus,4902912.0,5041940.0
NIC,2024,314830.0,307147.0
NIC,2534,597268.0,592486.0
NIC,3544,473646.0,507187.0
NIC,4554,342896.0,373166.0
NIC,55plus,213413.0,246044.0
NLD,2024,589941.0,570673.0
NLD,2534,1248008.0,1217771.0
NLD,3544,1145215.0,1127310.0
NLD,4554,1096492.0,1106190.0
NLD,55plus,1256118.0,1261756.0
NOR,2024,177597.0,169914.0
NOR,2534,391992.0,373099.0
NOR,3544,387815.0,372154.0
NOR,4554,372116.0,356609.0
NOR,55plus,356753.0,344628.0
NPL,2024,1386293.0,1476821.0
NPL,2534,2227673.0,2712094.0
NPL,3544,1617873.0,2125141.0
NPL,4554,1322773.0,1556018.0
NPL,55plus,950334.0,1073957.0
NRU,2024,458.0,439.0
NRU,2534,880.0,818.0
NRU,3544,866.0,839.0
NRU,4554,485.0,479.0
NRU,55plus,305.0,321.0
NZL,2024,171775.0,163546.0
NZL,2534,378197.0,358618.0
NZL,3544,356236.0,360722.0
NZL,4554,315616.0,326296.0
NZL,55plus,312467.0,332063.0
OED,2024,44518270.0,42390638.0
OED,2534,93285608.0,89213077.0
OED,3544,94036462.0,92616505.0
OED,4554,91054387.0,91630612.0
OED,55plus,85563734.0,88531701.0
OMN,2024,282025.0,151686.0
OMN,2534,871609.0,379817.0
OMN,3544,847017.0,368042.0
OMN,4554,377168.0,191625.0
OMN,55plus,138068.0,87478.0
OSS,2024,581516.0,533001.0
OSS,2534,1291843.0,1076655.0
OSS,3544,1312585.0,1028762.0
OSS,4554,902573.0,793193.0
OSS,55plus,625821.0,629178.0
PAK,2024,12065308.0,11538231.0
PAK,2534,19794340.0,18903549.0
PAK,3544,14642574.0,14248505.0
PAK,4554,9730731.0,9690455.0
PAK,55plus,6695295.0,6946714.0
PAN,2024,183117.0,176351.0
PAN,2534,347437.0,339770.0
PAN,3544,315651.0,312434.0
PAN,4554,267375.0,269646.0
PAN,55plus,209046.0,218697.0
PER,2024,1416004.0,1395512.0
PER,2534,2719277.0,2798106.0
PER,3544,2452403.0,2514760.0
PER,4554,2013794.0,2010707.0
PER,55plus,1457176.0,1473324.0
PHL,2024,5409212.0,5335112.0
PHL,2534,10046074.0,9905863.0
PHL,3544,7954803.0,7803067.0
PHL,4554,5911801.0,5963113.0
PHL,55plus,4154562.0,4502584.0
PLW,2024,538.0,497.0
PLW,2534,1265.0,956.0
PLW,3544,1577.0,1109.0
PLW,4554,1589.0,1210.0
PLW,55plus,1302.0,1166.0
PNG,2024,517502.0,468765.0
PNG,2534,898427.0,839492.0
PNG,3544,691760.0,699889.0
PNG,4554,494760.0,505551.0
PNG,55plus,325671.0,307953.0
POL,2024,845397.0,807288.0
POL,2534,2176934.0,2085764.0
POL,3544,2975259.0,2886246.0
POL,4554,2682194.0,2667469.0
POL,55plus,2036308.0,2178700.0
PRE,2024,53488750.0,52721045.0
PRE,2534,81544559.0,81462628.0
PRE,3544,56372045.0,57340331.0
PRE,4554,37080112.0,38303545.0
PRE,55plus,21666061.0,23757606.0
PRI,2024,104269.0,99859.0
PRI,2534,197653.0,204409.0
PRI,3544,177211.0,198007.0
PRI,4554,196873.0,221218.0
PRI,55plus,204418.0,240955.0
PRK,2024,893346.0,856296.0
PRK,2534,1991965.0,1923091.0
PRK,3544,1820134.0,1780137.0
PRK,4554,1814146.0,1814450.0
PRK,55plus,1782016.0,1860591.0
PRT,2024,291190.0,278358.0
PRT,2534,573058.0,557579.0
PRT,3544,619293.0,645261.0
PRT,4554,761873.0,830650.0
PRT,55plus,697716.0,795902.0
PRY,2024,291883.0,281492.0
PRY,2534,595709.0,580440.0
PRY,3544,504914.0,496887.0
PRY,4554,339861.0,340377.0
PRY,55plus,254983.0,273861.0
PSE,2024,233944.0,240722.0
PSE,2534,415693.0,426114.0
PSE,3544,304050.0,312030.0
PSE,4554,183921.0,200956.0
PSE,55plus,121132.0,133820.0
PSS,2024,117883.0,115855.0
PSS,2534,200013.0,204050.0
PSS,3544,171163.0,175231.0
PSS,4554,130599.0,127763.0
PSS,55plus,93315.0,95825.0
PST,2024,33463918.0,31594663.0
PST,2534,71461331.0,67369861.0
PST,3544,75175841.0,73029046.0
PST,4554,75047616.0,74718243.0
PST,55plus,74195185.0,76393019.0
PYF,2024,10532.0,10247.0
PYF,2534,19125.0,18571.0
PYF,3544,21488.0,21786.0
PYF,4554,19402.0,19157.0
PYF,55plus,17652.0,16865.0
QAT,2024,108097.0,50399.0
QAT,2534,575137.0,173708.0
QAT,3544,605715.0,182892.0
QAT,4554,288663.0,86784.0
QAT,55plus,98368.0,36247.0
ROU,2024,513019.0,492570.0
ROU,2534,1046933.0,998628.0
ROU,3544,1328695.0,1246591.0
ROU,4554,1487382.0,1448788.0
ROU,55plus,1190989.0,1282126.0
RUS,2024,3754558.0,3618268.0
RUS,2534,8059338.0,7852532.0
RUS,3544,11847165.0,12102263.0
RUS,4554,9413166.0,10515835.0
RUS,55plus,7739406.0,9806918.0
RWA,2024,703342.0,724350.0
RWA,2534,1044451.0,1081767.0
RWA,3544,855110.0,900961.0
RWA,4554,473459.0,562788.0
RWA,55plus,289324.0,360351.0
SAS,2024,92297742.0,86387103.0
SAS,2534,168429071.0,159264370.0
SAS,3544,143155770.0,136392069.0
SAS,4554,106980670.0,103310460.0
SAS,55plus,75574908.0,75414341.0
SAU,2024,1539841.0,1148715.0
SAU,2534,4814589.0,2617454.0
SAU,3544,4672624.0,2237675.0
SAU,4554,2549360.0,1257870.0
SAU,55plus,1246086.0,705958.0
SDN,2024,2438490.0,2419675.0
SDN,2534,3900060.0,3958759.0
SDN,3544,2445619.0,2717209.0
SDN,4554,1536858.0,1864059.0
SDN,55plus,1081851.0,1242654.0
SEN,2024,924321.0,896579.0
SEN,2534,1468317.0,1473873.0
SEN,3544,1007016.0,1029797.0
SEN,4554,674348.0,674511.0
SEN,55plus,428699.0,430399.0
SGP,2024,285798.0,237174.0
SGP,2534,664526.0,549675.0
SGP,3544,505753.0,462578.0
SGP,4554,389140.0,375122.0
SGP,55plus,333770.0,325400.0
SLB,2024,39667.0,37976.0
SLB,2534,61918.0,60885.0
SLB,3544,50002.0,49439.0
SLB,4554,37780.0,35321.0
SLB,55plus,21809.0,20958.0
SLE,2024,430959.0,425720.0
SLE,2534,684884.0,683419.0
SLE,3544,482987.0,481523.0
SLE,4554,320179.0,329504.0
SLE,55plus,195383.0,213630.0
SLV,2024,297443.0,282789.0
SLV,2534,599666.0,588046.0
SLV,3544,360264.0,432358.0
SLV,4554,274620.0,390685.0
SLV,55plus,202859.0,299362.0
SMR,2024,943.0,833.0
SMR,2534,1677.0,1640.0
SMR,3544,1823.0,1881.0
SMR,4554,2634.0,2812.0
SMR,55plus,2927.0,2977.0
SOM,2024,895641.0,884088.0
SOM,2534,1318384.0,1319962.0
SOM,3544,850427.0,865763.0
SOM,4554,536239.0,561122.0
SOM,55plus,320634.0,360144.0
SRB,2024,170378.0,171780.0
SRB,2534,371902.0,372823.0
SRB,3544,437529.0,447939.0
SRB,4554,452351.0,473834.0
SRB,55plus,408392.0,461739.0
SSA,2024,62169278.0,61446853.0
SSA,2534,96434587.0,96694615.0
SSA,3544,68318100.0,69645807.0
SSA,4554,44496261.0,46441948.0
SSA,55plus,26540270.0,29565945.0
SSD,2024,647316.0,641777.0
SSD,2534,736951.0,748833.0
SSD,3544,551155.0,618655.0
SSD,4554,505340.0,575675.0
SSD,55plus,273051.0,329294.0
SSF,2024,62173571.0,61450560.0
SSF,2534,96447338.0,96703146.0
SSF,3544,68331714.0,69654065.0
SSF,4554,44506101.0,46449326.0
SSF,55plus,26546698.0,29572384.0
SST,2024,827488.0,773833.0
SST,2534,1748668.0,1537799.0
SST,3544,1694685.0,1423238.0
SST,4554,1213531.0,1112155.0
SST,55plus,871646.0,891851.0
STP,2024,11444.0,11902.0
STP,2534,15811.0,16272.0
STP,3544,13033.0,13317.0
STP,4554,9898.0,9630.0
STP,55plus,5859.0,5957.0
SUR,2024,27557.0,26982.0
SUR,2534,49237.0,48121.0
SUR,3544,44092.0,41499.0
SUR,4554,36331.0,35448.0
SUR,55plus,30460.0,31008.0
SVK,2024,130821.0,123770.0
SVK,2534,323572.0,309538.0
SVK,3544,424361.0,405578.0
SVK,4554,428420.0,414020.0
SVK,55plus,325103.0,344870.0
SVN,2024,51450.0,48498.0
SVN,2534,122152.0,105357.0
SVN,3544,155457.0,137223.0
SVN,4554,164824.0,148786.0
SVN,55plus,149063.0,146943.0
SWE,2024,315027.0,293110.0
SWE,2534,713835.0,660188.0
SWE,3544,726065.0,688016.0
SWE,4554,665306.0,643691.0
SWE,55plus,651369.0,638940.0
SWZ,2024,60263.0,59246.0
SWZ,2534,104636.0,103809.0
SWZ,3544,82763.0,84704.0
SWZ,4554,47676.0,50897.0
SWZ,55plus,26593.0,36453.0
SXM,2024,1248.0,1256.0
SXM,2534,2405.0,2745.0
SXM,3544,2858.0,3499.0
SXM,4554,3264.0,3666.0
SXM,55plus,3464.0,3825.0
SYC,2024,4293.0,3707.0
SYC,2534,12751.0,8531.0
SYC,3544,13614.0,8258.0
SYC,4554,9840.0,7378.0
SYC,55plus,6428.0,6439.0
SYR,2024,1492939.0,1456426.0
SYR,2534,2223724.0,2148996.0
SYR,3544,1452430.0,1460416.0
SYR,4554,1124127.0,1196452.0
SYR,55plus,741225.0,832569.0
TCA,2024,1211.0,1464.0
TCA,2534,3226.0,3371.0
TCA,3544,4331.0,3781.0
TCA,4554,4240.0,3715.0
TCA,55plus,3045.0,2901.0
TCD,2024,952114.0,938445.0
TCD,2534,1470661.0,1466806.0
TCD,3544,919061.0,932399.0
TCD,4554,608923.0,633275.0
TCD,55plus,341109.0,373210.0
TEA,2024,70377730.0,63132692.0
TEA,2534,151642195.0,138113124.0
TEA,3544,167869868.0,158714832.0
TEA,4554,147695103.0,145432715.0
TEA,55plus,135952106.0,140829566.0
TEC,2024,13673537.0,13171297.0
TEC,2534,30323119.0,29471652.0
TEC,3544,35938795.0,35808946.0
TEC,4554,29589532.0,31396987.0
TEC,55plus,24135760.0,28023453.0
TGO,2024,439416.0,428014.0
TGO,2534,705652.0,686497.0
TGO,3544,539801.0,525378.0
TGO,4554,382663.0,380736.0
TGO,55plus,227940.0,238480.0
THA,2024,2382052.0,2276768.0
THA,2534,5082489.0,4947076.0
THA,3544,5069728.0,5130155.0
THA,4554,5103183.0,5493020.0
THA,55plus,4728702.0,5363775.0
TJK,2024,408880.0,444987.0
TJK,2534,837992.0,875722.0
TJK,3544,675244.0,703027.0
TJK,4554,422380.0,455417.0
TJK,55plus,315296.0,354685.0
TKM,2024,257167.0,243194.0
TKM,2534,654736.0,646501.0
TKM,3544,538379.0,537950.0
TKM,4554,382293.0,440255.0
TKM,55plus,263438.0,330649.0
TLA,2024,26247901.0,25536719.0
TLA,2534,51413605.0,51218146.0
TLA,3544,46593229.0,48048063.0
TLA,4554,38144162.0,40761527.0
TLA,55plus,29336755.0,32449510.0
TLS,2024,76169.0,74618.0
TLS,2534,114350.0,114502.0
TLS,3544,80591.0,80377.0
TLS,4554,53401.0,50046.0
TLS,55plus,38684.0,36680.0
TMN,2024,18224952.0,17495465.0
TMN,2534,34314940.0,33028716.0
TMN,3544,32923170.0,32111787.0
TMN,4554,24102057.0,23659599.0
TMN,55plus,16179905.0,16610476.0
TON,2024,4670.0,5088.0
TON,2534,4625.0,6905.0
TON,3544,4095.0,6152.0
TON,4554,4236.0,5167.0
TON,55plus,3728.0,4002.0
TSA,2024,92297742.0,86387103.0
TSA,2534,168429071.0,159264370.0
TSA,3544,143155770.0,136392069.0
TSA,4554,106980670.0,103310460.0
TSA,55plus,75574908.0,75414341.0
TSS,2024,62173571.0,61450560.0
TSS,2534,96447338.0,96703146.0
TSS,3544,68331714.0,69654065.0
TSS,4554,44506101.0,46449326.0
TSS,55plus,26546698.0,29572384.0
TTO,2024,43606.0,41792.0
TTO,2534,96468.0,92880.0
TTO,3544,120599.0,119236.0
TTO,4554,95384.0,95383.0
TTO,55plus,79946.0,85099.0
TUN,2024,411471.0,390593.0
TUN,2534,873219.0,873983.0
TUN,3544,897122.0,968774.0
TUN,4554,769813.0,818613.0
TUN,55plus,625732.0,668548.0
TUR,2024,3147425.0,3011567.0
TUR,2534,6739944.0,6457108.0
TUR,3544,6446088.0,6310556.0
TUR,4554,5760318.0,5763473.0
TUR,55plus,4357324.0,4484460.0
TUV,2024,374.0,350.0
TUV,2534,705.0,629.0
TUV,3544,519.0,448.0
TUV,4554,457.0,398.0
TUV,55plus,440.0,510.0
TZA,2024,3296712.0,3290623.0
TZA,2534,5075722.0,5089472.0
TZA,3544,3423412.0,3595587.0
TZA,4554,2256454.0,2396654.0
TZA,55plus,1160068.0,1323317.0
UGA,2024,2548638.0,2569113.0
UGA,2534,3948742.0,4012358.0
UGA,3544,2311258.0,2388551.0
UGA,4554,1337291.0,1421597.0
UGA,55plus,752061.0,872113.0
UKR,2024,1003431.0,974012.0
UKR,2534,2425448.0,2370639.0
UKR,3544,3302494.0,3248276.0
UKR,4554,2535508.0,2832335.0
UKR,55plus,2448926.0,2901953.0
UMC,2024,96479780.0,88257016.0
UMC,2534,206205112.0,191936294.0
UMC,3544,222386893.0,214009949.0
UMC,4554,191672307.0,191959383.0
UMC,55plus,169646230.0,178017210.0
URY,2024,122252.0,117352.0
URY,2534,253103.0,245124.0
URY,3544,224784.0,221079.0
URY,4554,213867.0,219312.0
URY,55plus,181681.0,196211.0
USA,2024,11587245.0,10886816.0
USA,2534,23494305.0,21927231.0
USA,3544,23766429.0,22350890.0
USA,4554,20871095.0,20021867.0
USA,55plus,20612996.0,20564704.0
UZB,2024,1263969.0,1203465.0
UZB,2534,2971993.0,2838996.0
UZB,3544,2753255.0,2651599.0
UZB,4554,1889351.0,1878103.0
UZB,55plus,1382690.0,1485069.0
VCT,2024,3609.0,3334.0
VCT,2534,7373.0,6745.0
VCT,3544,6536.0,6529.0
VCT,4554,6679.0,6331.0
VCT,55plus,6313.0,5866.0
VEN,2024,1237377.0,1162397.0
VEN,2534,1838840.0,1766262.0
VEN,3544,1754076.0,1837497.0
VEN,4554,1631146.0,1753523.0
VEN,55plus,1342546.0,1488010.0
VGB,2024,1234.0,1268.0
VGB,2534,2746.0,3105.0
VGB,3544,3402.0,4124.0
VGB,4554,3101.0,3645.0
VGB,55plus,2299.0,2515.0
VIR,2024,2899.0,2821.0
VIR,2534,4920.0,5234.0
VIR,3544,5527.0,6014.0
VIR,4554,6235.0,6675.0
VIR,55plus,7463.0,8364.0
VNM,2024,3276828.0,3257978.0
VNM,2534,7327343.0,7305275.0
VNM,3544,8292228.0,8311252.0
VNM,4554,6330528.0,6564223.0
VNM,55plus,4977826.0,5634038.0
VUT,2024,13568.0,13320.0
VUT,2534,23658.0,25727.0
VUT,3544,19569.0,20838.0
VUT,4554,13471.0,11804.0
VUT,55plus,9178.0,9000.0
WLD,2024,320384500.0,301785268.0
WLD,2534,615585048.0,581950477.0
WLD,3544,580061280.0,559038971.0
WLD,4554,472599764.0,469521979.0
WLD,55plus,385545507.0,401613005.0
WSM,2024,8852.0,8132.0
WSM,2534,12565.0,13517.0
WSM,3544,10053.0,11083.0
WSM,4554,9794.0,9567.0
WSM,55plus,8190.0,7702.0
XKX,2024,75343.0,74008.0
XKX,2534,132609.0,128230.0
XKX,3544,123385.0,121335.0
XKX,4554,103868.0,119966.0
XKX,55plus,84071.0,97364.0
YEM,2024,1908905.0,1835856.0
YEM,2534,3253098.0,3178782.0
YEM,3544,2424539.0,2371376.0
YEM,4554,1402712.0,1383896.0
YEM,55plus,748292.0,793022.0
ZAF,2024,2597837.0,2532950.0
ZAF,2534,5560225.0,5638288.0
ZAF,3544,5107335.0,5180467.0
ZAF,4554,3290462.0,3493533.0
ZAF,55plus,2119566.0,2675794.0
ZMB,2024,1028128.0,1043580.0
ZMB,2534,1626136.0,1653652.0
ZMB,3544,1192917.0,1195427.0
ZMB,4554,747279.0,770090.0
ZMB,55plus,355209.0,411087.0
ZWE,2024,818224.0,840161.0
ZWE,2534,1000895.0,1160194.0
ZWE,3544,898190.0,1105180.0
ZWE,4554,485918.0,713255.0
ZWE,55plus,227472.0,312937.0
